license_number,license_type,license_type_name,status,business_name,owner_name,address,city,state,zip,county,phone,issue_date,expiration_date
58-897262,58,Caterer's Beer & Wine,ACTIVE,TheEvent Catering Group 36,Lisa Gonzalez Jackson,5223 Mission Dr,Irvine,CA,94241,Orange,(714) 836-5394,2009-07-17,2010-07-17
58-200062,58,Caterer's Beer & Wine,ACTIVE,Catering Company,Maria Brown,5716 Franklin Ln #122,Santa Monica,CA,93507,Los Angeles,(626) 797-9178,2002-11-18,2003-11-18
58-264228,58,Caterer's Beer & Wine,ACTIVE,Catering,John Wilson,2588 Ocean Ct,Palm Springs,CA,93976,Riverside,(951) 961-6353,2000-05-17,2001-05-17
58-562987,58,Caterer's Beer & Wine,ACTIVE,Party Services,Matthew Thomas Moore,6661 Washington Ln #328,Chula Vista,CA,95127,San Diego,(619) 718-6631,2009-04-23,2010-04-23
58-602457,58,Caterer's Beer & Wine,ACTIVE,OldCatering Roseville Valley 15,Matthew Brown,7086 Sunset Blvd,Roseville,CA,92190,Sacramento,(916) 432-5373,2018-11-25,2019-11-25
58-292572,58,Caterer's Beer & Wine,ACTIVE,Catering Los Angeles,Robert Williams,4967 1st Ave #529,Los Angeles,CA,92505,Los Angeles,(424) 212-6412,2000-04-19,2001-04-19
58-339316,58,Caterer's Beer & Wine,ACTIVE,Party Services Riverside 25,Jennifer Lopez,1731 Market Ct,Palm Springs,CA,93720,Riverside,(951) 292-2492,2009-07-15,2010-07-15
58-290295,58,Caterer's Beer & Wine,ACTIVE,Catering,Andrew Jones,1708 Maple Pl #299,Daly City,CA,90787,San Mateo,(650) 429-5647,2015-06-10,2016-06-10
58-693770,58,Caterer's Beer & Wine,ACTIVE,Event Catering San Diego,Kenneth Anderson,3543 5th Blvd,San Diego,CA,90549,San Diego,(858) 800-1409,2008-01-16,2009-01-16
58-168944,58,Caterer's Beer & Wine,ACTIVE,Events & Catering San Jose Heights,Steven Wilson,6505 Lincoln Dr,San Jose,CA,95630,Santa Clara,(669) 966-7225,2015-06-07,2016-06-07
58-296796,58,Caterer's Beer & Wine,ACTIVE,Catering Company Ontario,Steven Jackson,7863 Main Dr,Ontario,CA,92239,San Bernardino,(909) 584-1370,2021-07-12,2022-07-12
58-764863,58,Caterer's Beer & Wine,ACTIVE,OldEvents & Catering Corp 75,Paul Anderson,4319 Sunset Pl,Madera,CA,90029,Fresno,(559) 444-7818,2023-10-14,2024-10-14
58-710529,58,Caterer's Beer & Wine,ACTIVE,Party Services Irvine Group,Paul Davis,5555 Broadway Dr,Irvine,CA,92497,Orange,(657) 670-6220,2013-02-12,2014-02-12
58-613754,58,Caterer's Beer & Wine,ACTIVE,Catering Burbank Hills,Maria Moore Williams,1507 Madison Ave,Burbank,CA,96136,Los Angeles,(626) 894-9718,2013-03-12,2014-03-12
58-237566,58,Caterer's Beer & Wine,ACTIVE,OldBanquets Escondido LLC 71,Anthony Johnson,3361 Washington Rd,Escondido,CA,91916,San Diego,(619) 572-2986,2000-04-08,2001-04-08
58-534731,58,Caterer's Beer & Wine,ACTIVE,Banquets Temecula,John Davis,2058 1st St,Temecula,CA,90868,Riverside,(951) 254-1766,2011-08-20,2012-08-20
58-475178,58,Caterer's Beer & Wine,ACTIVE,Events & Catering,Lisa Martin,8807 Broadway Blvd #476,Santa Ana,CA,92377,Orange,(657) 468-8286,2016-09-01,2017-09-01
58-117741,58,Caterer's Beer & Wine,ACTIVE,Catering Company,Steven Thomas Miller,4381 Market Dr #896,Elk Grove,CA,90487,Sacramento,(916) 464-6190,2021-12-06,2022-12-06
58-397115,58,Caterer's Beer & Wine,ACTIVE,Catering,Matthew Wilson,6598 Lincoln Way #402,Los Angeles,CA,93256,Los Angeles,(424) 997-7586,2014-10-07,2015-10-07
58-433681,58,Caterer's Beer & Wine,ACTIVE,OldParty Services Pasadena 22,Steven Anderson,5999 4th Ln,Pasadena,CA,95840,Los Angeles,(323) 616-2124,2014-12-27,2015-12-27
58-426141,58,Caterer's Beer & Wine,ACTIVE,Catering Corp,Robert Smith Johnson,6289 Jefferson Pl,Pasadena,CA,95633,Los Angeles,(626) 937-3289,2022-03-17,2023-03-17
58-829580,58,Caterer's Beer & Wine,ACTIVE,Party Services,Andrew Moore,5387 Washington Ave,San Diego,CA,93481,San Diego,(619) 537-7396,2023-11-09,2024-11-09
58-311060,58,Caterer's Beer & Wine,ACTIVE,Banquets Santa Rosa Hills,Maria Rodriguez Wilson,3488 7th Ln #859,Santa Rosa,CA,90502,Sonoma,(707) 343-9915,2014-08-07,2015-08-07
58-628112,58,Caterer's Beer & Wine,ACTIVE,Party Services Pasadena Corp,John Garcia,3825 4th Pl,Pasadena,CA,95828,Los Angeles,(424) 831-8298,2020-04-27,2021-04-27
58-305873,58,Caterer's Beer & Wine,ACTIVE,Event Catering Santa Ana Hills Co,Lisa Rodriguez Thomas,3010 Lincoln Rd #778,Santa Ana,CA,93272,Orange,(657) 457-4894,2023-01-26,2024-01-26
58-384686,58,Caterer's Beer & Wine,ACTIVE,Catering,James Williams,399 Pico Ave,Los Angeles,CA,94903,Los Angeles,(661) 611-4247,2017-02-21,2018-02-21
58-716874,58,Caterer's Beer & Wine,ACTIVE,Event Catering,Lisa Johnson,6077 Hollywood Dr,Roseville,CA,95822,Placer,(530) 498-3662,2009-01-19,2010-01-19
58-179242,58,Caterer's Beer & Wine,ACTIVE,Catering Los Angeles Corp,Mark Garcia,1288 Jefferson Dr,Los Angeles,CA,91330,Los Angeles,(323) 767-1969,2024-12-22,2025-12-22
58-673111,58,Caterer's Beer & Wine,ACTIVE,Banquets Los Angeles,Michelle Moore,4184 1st Rd #791,Los Angeles,CA,91507,Los Angeles,(661) 533-5912,2004-01-26,2005-01-26
58-351320,58,Caterer's Beer & Wine,ACTIVE,Party Services LLC,Maria Lopez,2965 Lincoln Blvd,Santa Maria,CA,91253,Santa Barbara,(820) 264-9418,2006-09-05,2007-09-05
58-193904,58,Caterer's Beer & Wine,ACTIVE,Catering Company Alameda,John Thomas,4652 Lincoln Rd #961,Oakland,CA,90199,Alameda,(510) 454-2804,2022-04-24,2023-04-24
58-674984,58,Caterer's Beer & Wine,ACTIVE,TheParty Services Los Angeles 87,James Lopez,612 Broadway Pl #346,Burbank,CA,90926,Los Angeles,(661) 790-4808,2015-09-02,2016-09-02
58-650456,58,Caterer's Beer & Wine,ACTIVE,Catering Company,Kenneth Wilson,9738 7th Ln,Atascadero,CA,90335,San Luis Obispo,(805) 983-5551,2007-10-03,2008-10-03
58-871339,58,Caterer's Beer & Wine,ACTIVE,OldCatering Company 54,Mark Hernandez,4659 Broadway Dr,Long Beach,CA,90651,Los Angeles,(310) 286-5443,2006-01-06,2007-01-06
58-782037,58,Caterer's Beer & Wine,ACTIVE,TheCatering Newport Beach 75,Christopher Taylor,2283 1st Pl,Newport Beach,CA,93153,Orange,(714) 754-4071,2021-03-25,2022-03-25
58-195666,58,Caterer's Beer & Wine,ACTIVE,Catering Company Co,Jennifer Garcia,6051 6th Ln,Ontario,CA,92669,San Bernardino,(909) 930-5187,2014-04-17,2015-04-17
58-892463,58,Caterer's Beer & Wine,ACTIVE,Events & Catering Long Beach Valley,Christopher Martinez,6362 Wilshire Rd #599,Long Beach,CA,95190,Los Angeles,(818) 271-2814,2019-12-23,2020-12-23
58-577058,58,Caterer's Beer & Wine,ACTIVE,TheEvents & Catering Inc 78,Michael Williams,9938 7th St,Citrus Heights,CA,95012,Sacramento,(279) 380-9555,2020-04-28,2021-04-28
58-422613,58,Caterer's Beer & Wine,ACTIVE,Party Services Company,William Gonzalez,6787 Main St,San Francisco,CA,90218,San Francisco,(628) 237-9436,2008-02-22,2009-02-22
58-991424,58,Caterer's Beer & Wine,ACTIVE,Events & Catering Los Angeles,Kenneth Martin,4347 Maple Ln,Santa Monica,CA,92302,Los Angeles,(310) 348-7799,2021-10-08,2022-10-08
58-935314,58,Caterer's Beer & Wine,ACTIVE,Banquets Temecula Valley Inc,Paul Jones,8895 Market Ct,Temecula,CA,93333,Riverside,(760) 259-6294,2002-12-24,2003-12-24
58-823527,58,Caterer's Beer & Wine,ACTIVE,NewCatering Los Angeles 49,Robert Wilson Williams,3895 3rd Blvd,Los Angeles,CA,94344,Los Angeles,(424) 756-4269,2012-04-26,2013-04-26
58-368217,58,Caterer's Beer & Wine,ACTIVE,Banquets,Maria Smith Davis,9883 Pico Ln,Santa Barbara,CA,94619,Santa Barbara,(820) 582-1524,2010-08-06,2011-08-06
58-480395,58,Caterer's Beer & Wine,ACTIVE,Catering San Bernardino,Mark Jones,4510 Wilshire Ave #943,Ontario,CA,95773,San Bernardino,(909) 654-5172,2015-06-10,2016-06-10
58-201470,58,Caterer's Beer & Wine,ACTIVE,Catering,Lisa Rodriguez,2527 Pico Ave #189,Santa Monica,CA,90780,Los Angeles,(310) 556-7593,2011-03-17,2012-03-17
58-682731,58,Caterer's Beer & Wine,ACTIVE,NewEvents & Catering Corp 86,Maria Martin,6321 Maple Dr,San Francisco,CA,95908,San Francisco,(628) 545-7825,2017-03-05,2018-03-05
58-226436,58,Caterer's Beer & Wine,ACTIVE,Banquets Mountain View,Robert Taylor,3877 State St,Mountain View,CA,90870,Santa Clara,(408) 453-5066,2009-02-25,2010-02-25
58-487291,58,Caterer's Beer & Wine,ACTIVE,OldEvent Catering Co 62,Steven Jackson,7472 5th Rd,Newport Beach,CA,94967,Orange,(657) 895-2801,2012-09-19,2013-09-19
58-803905,58,Caterer's Beer & Wine,ACTIVE,OldBanquets San Bernardino Inc 76,Andrew Thomas,4961 Franklin Ct,Victorville,CA,92924,San Bernardino,(760) 725-7217,2021-03-08,2022-03-08
58-234169,58,Caterer's Beer & Wine,ACTIVE,Catering 72,Kenneth Brown,1074 Maple Dr,Los Angeles,CA,91997,Los Angeles,(626) 470-5579,2013-10-26,2014-10-26
58-325185,58,Caterer's Beer & Wine,ACTIVE,Events & Catering Inc,William Garcia,3037 4th Ave,Pasadena,CA,95731,Los Angeles,(626) 367-7202,2000-11-09,2001-11-09
58-755265,58,Caterer's Beer & Wine,ACTIVE,Events & Catering Glendale Corp,James Jones Wilson,3386 5th Rd,Glendale,CA,93861,Los Angeles,(213) 343-7889,2021-07-12,2022-07-12
58-890329,58,Caterer's Beer & Wine,ACTIVE,OldEvents & Catering Los Angeles LLC 44,James Davis,7660 5th Blvd,Los Angeles,CA,91752,Los Angeles,(626) 346-6949,2017-06-23,2018-06-23
58-370703,58,Caterer's Beer & Wine,ACTIVE,Banquets San Bernardino,Lisa Taylor,7605 Madison Blvd,Ontario,CA,90187,San Bernardino,(760) 769-8571,2021-11-19,2022-11-19
58-470725,58,Caterer's Beer & Wine,ACTIVE,Catering Co,Jennifer Davis,2384 6th Way #429,Sacramento,CA,91987,Sacramento,(279) 242-9763,2023-02-25,2024-02-25
58-364752,58,Caterer's Beer & Wine,ACTIVE,Events & Catering,Daniel Taylor,1179 Madison Dr #517,Long Beach,CA,92030,Los Angeles,(626) 837-4023,2022-02-19,2023-02-19
58-586075,58,Caterer's Beer & Wine,ACTIVE,OldCatering Santa Barbara Corp 49,Steven Taylor,7975 7th St #901,Goleta,CA,91822,Santa Barbara,(820) 641-3287,2014-05-14,2015-05-14
58-156900,58,Caterer's Beer & Wine,ACTIVE,OldEvents & Catering 93,David Martin Taylor,9176 Market Pl,Los Angeles,CA,95905,Los Angeles,(661) 532-4918,2012-05-12,2013-05-12
58-866410,58,Caterer's Beer & Wine,ACTIVE,Catering Burbank Group 29,Andrew Smith,2851 Franklin Dr #759,Burbank,CA,91587,Los Angeles,(424) 647-4467,2006-10-26,2007-10-26
58-666850,58,Caterer's Beer & Wine,ACTIVE,Banquets Co,Christopher Anderson,2007 Maple Pl #128,Hayward,CA,92502,Alameda,(925) 831-8849,2014-10-14,2015-10-14
58-124680,58,Caterer's Beer & Wine,ACTIVE,NewEvents & Catering Oceanside Heights 2,James Smith,2142 Hollywood Pl,Oceanside,CA,92467,San Diego,(760) 840-4633,2019-10-27,2020-10-27
58-991513,58,Caterer's Beer & Wine,ACTIVE,OldEvent Catering 59,Steven Jones,1971 Franklin Way #872,San Francisco,CA,90735,San Francisco,(628) 886-6838,2002-02-17,2003-02-17
58-535513,58,Caterer's Beer & Wine,ACTIVE,Catering,Daniel Williams,5139 Washington Dr #920,Richmond,CA,94356,Contra Costa,(925) 876-9487,2007-09-19,2008-09-19
58-277863,58,Caterer's Beer & Wine,ACTIVE,Party Services Fresno,Lisa Martinez,7588 Jefferson Rd,Fresno,CA,91941,Fresno,(559) 678-9413,2010-09-12,2011-09-12
58-992819,58,Caterer's Beer & Wine,ACTIVE,NewBanquets Corp 60,Michelle Martinez,5180 2nd Ct,Elk Grove,CA,93735,Sacramento,(916) 682-1727,2003-01-07,2004-01-07
58-590127,58,Caterer's Beer & Wine,ACTIVE,Catering Company,Robert Moore,4150 5th Ct,Escondido,CA,91346,San Diego,(858) 650-4129,2007-10-09,2008-10-09
58-579030,58,Caterer's Beer & Wine,ACTIVE,OldParty Services 32,Steven Brown,7395 5th St #329,Chula Vista,CA,92551,San Diego,(760) 296-7622,2021-06-04,2022-06-04
58-520291,58,Caterer's Beer & Wine,ACTIVE,NewCatering Company Orange 8,Michelle Anderson,6464 Oak Ave,Newport Beach,CA,93738,Orange,(657) 754-2974,2010-10-25,2011-10-25
58-938343,58,Caterer's Beer & Wine,ACTIVE,Event Catering Inc,Kenneth Lopez,5126 Hollywood St #204,Carlsbad,CA,91977,San Diego,(858) 323-3389,2002-06-07,2003-06-07
58-920168,58,Caterer's Beer & Wine,ACTIVE,Banquets Sacramento Inc 47,Jennifer Garcia Brown,4537 Wilshire Ln,Roseville,CA,96053,Sacramento,(916) 304-5182,2011-09-22,2012-09-22
58-128585,58,Caterer's Beer & Wine,ACTIVE,Banquets,Anthony Wilson,1827 Oak Ct #316,Pasadena,CA,94563,Los Angeles,(323) 611-1962,2001-05-02,2002-05-02
58-399540,58,Caterer's Beer & Wine,ACTIVE,Banquets Elk Grove Valley Co,Lisa Thomas,1062 6th Dr,Elk Grove,CA,91646,Sacramento,(279) 956-3321,2001-02-11,2002-02-11
58-568770,58,Caterer's Beer & Wine,ACTIVE,Catering Company Co,Daniel Rodriguez Brown,5525 6th Ave,Santa Monica,CA,94558,Los Angeles,(424) 685-8537,2004-03-14,2005-03-14
58-810460,58,Caterer's Beer & Wine,ACTIVE,Banquets Carlsbad,Christopher Martinez,7273 Hollywood Blvd #697,Carlsbad,CA,96166,San Diego,(619) 852-3094,2004-03-09,2005-03-09
58-389436,58,Caterer's Beer & Wine,ACTIVE,Event Catering Pasadena,William Martinez,6170 5th Dr,Pasadena,CA,95111,Los Angeles,(818) 253-4172,2017-04-20,2018-04-20
58-447222,58,Caterer's Beer & Wine,ACTIVE,Banquets,James Wilson,6315 6th Blvd,Citrus Heights,CA,95174,Sacramento,(279) 607-1942,2022-05-22,2023-05-22
58-958019,58,Caterer's Beer & Wine,ACTIVE,Events & Catering Oceanside,William Wilson,9754 5th Dr,Oceanside,CA,94342,San Diego,(858) 935-2655,2020-09-26,2021-09-26
58-300714,58,Caterer's Beer & Wine,ACTIVE,Event Catering,Steven Martin,5310 State Pl,Roseville,CA,92763,Sacramento,(916) 342-2154,2023-10-26,2024-10-26
58-491194,58,Caterer's Beer & Wine,ACTIVE,OldCatering San Mateo 66,Lisa Martinez,107 Franklin Dr,San Mateo,CA,92519,San Mateo,(650) 395-8327,2016-03-04,2017-03-04
58-624915,58,Caterer's Beer & Wine,ACTIVE,Banquets Vallejo,Anthony Jackson Smith,3669 6th Rd,Vallejo,CA,92498,Solano,(707) 218-7092,2015-09-22,2016-09-22
58-832529,58,Caterer's Beer & Wine,ACTIVE,Event Catering,Maria Miller Martin,5612 Washington Pl,Huntington Beach,CA,92797,Orange,(714) 620-7034,2007-01-18,2008-01-18
58-996113,58,Caterer's Beer & Wine,ACTIVE,Catering Company Watsonville LLC 99,Andrew Brown,4327 Franklin Ct,Watsonville,CA,90112,Santa Cruz,(831) 343-4461,2009-10-16,2010-10-16
58-633551,58,Caterer's Beer & Wine,ACTIVE,Party Services Company,James Lopez,1812 7th Dr,Walnut Creek,CA,95738,Contra Costa,(925) 679-9189,2019-06-16,2020-06-16
58-674370,58,Caterer's Beer & Wine,ACTIVE,Banquets Inc,Mark Davis,3674 State Rd,Roseville,CA,91130,Sacramento,(916) 320-1665,2014-08-01,2015-08-01
58-793357,58,Caterer's Beer & Wine,ACTIVE,Catering Company Inc,Michelle Gonzalez,4186 Ocean Ct #624,Madera,CA,93140,Fresno,(559) 683-8022,2012-11-06,2013-11-06
58-443588,58,Caterer's Beer & Wine,ACTIVE,Banquets Company,James Williams,8467 Market Ct,Redwood City,CA,90494,San Mateo,(415) 236-3283,2013-04-17,2014-04-17
58-427915,58,Caterer's Beer & Wine,ACTIVE,Catering Corona Company,Maria Lopez Jones,7595 6th St #311,Corona,CA,92472,Riverside,(951) 622-1399,2003-03-06,2004-03-06
58-111481,58,Caterer's Beer & Wine,ACTIVE,Catering,Christopher Lopez Miller,6813 Franklin Blvd,San Francisco,CA,91297,San Francisco,(415) 589-6490,2016-08-11,2017-08-11
58-217608,58,Caterer's Beer & Wine,ACTIVE,Events & Catering Mill Valley LLC,Anthony Rodriguez,2583 Jefferson Ave #763,Mill Valley,CA,96145,Marin,(628) 745-8331,2001-06-27,2002-06-27
58-962958,58,Caterer's Beer & Wine,ACTIVE,Party Services Santa Monica Valley Co,Maria Brown,340 Jefferson Ct,Santa Monica,CA,91199,Los Angeles,(424) 408-2626,2014-02-12,2015-02-12
58-442336,58,Caterer's Beer & Wine,ACTIVE,Party Services Corp,Matthew Jones,7828 Jefferson Ln,Citrus Heights,CA,93715,Sacramento,(916) 530-1995,2013-08-06,2014-08-06
58-541355,58,Caterer's Beer & Wine,ACTIVE,Banquets Riverside Inc,Daniel Taylor Johnson,4668 Washington Pl,Corona,CA,93352,Riverside,(760) 625-7019,2024-02-04,2025-02-04
58-136244,58,Caterer's Beer & Wine,ACTIVE,Banquets,Jennifer Anderson,1664 Front Blvd,Oceanside,CA,92304,San Diego,(619) 936-3218,2011-10-22,2012-10-22
58-937595,58,Caterer's Beer & Wine,ACTIVE,Party Services,Maria Lopez,4149 Broadway Ave,Rancho Cucamonga,CA,92785,San Bernardino,(760) 885-9268,2009-12-20,2010-12-20
58-285371,58,Caterer's Beer & Wine,ACTIVE,Party Services San Francisco,Kenneth Martinez,8102 Front St,San Francisco,CA,94222,San Francisco,(415) 903-1582,2015-02-05,2016-02-05
58-223670,58,Caterer's Beer & Wine,ACTIVE,Events & Catering,Maria Martinez,7312 1st Pl,Berkeley,CA,93122,Alameda,(925) 604-7439,2011-10-06,2012-10-06
58-884738,58,Caterer's Beer & Wine,ACTIVE,Events & Catering 58,Michelle Anderson,9180 Hollywood Ave,Burbank,CA,96089,Los Angeles,(424) 971-1154,2016-02-11,2017-02-11
58-967974,58,Caterer's Beer & Wine,ACTIVE,Event Catering Clovis,Mark Thomas,6758 Franklin Ave,Clovis,CA,95917,Fresno,(559) 467-5749,2022-12-27,2023-12-27
58-947825,58,Caterer's Beer & Wine,ACTIVE,Catering,Matthew Wilson,1541 Sunset Way #630,Huntington Beach,CA,94554,Orange,(714) 510-6348,2005-03-24,2006-03-24
58-460545,58,Caterer's Beer & Wine,ACTIVE,Event Catering LLC,James Miller Taylor,8887 Franklin Dr,Redwood City,CA,94506,San Mateo,(415) 858-2975,2016-07-08,2017-07-08
58-728560,58,Caterer's Beer & Wine,ACTIVE,Banquets Company,John Davis,4187 Wilshire Dr,Petaluma,CA,93248,Sonoma,(707) 401-8538,2004-05-06,2005-05-06
58-290012,58,Caterer's Beer & Wine,ACTIVE,Events & Catering,William Brown,3612 Ocean Blvd,Glendale,CA,91466,Los Angeles,(626) 252-3723,2003-02-18,2004-02-18
58-383149,58,Caterer's Beer & Wine,ACTIVE,Banquets Chula Vista 57,Mark Johnson,3995 Main Pl #722,Chula Vista,CA,94581,San Diego,(858) 637-1067,2023-04-15,2024-04-15
58-695322,58,Caterer's Beer & Wine,ACTIVE,Events & Catering,Paul Jones,5005 Pico Blvd,San Francisco,CA,91356,San Francisco,(628) 338-3146,2001-09-09,2002-09-09
58-462875,58,Caterer's Beer & Wine,ACTIVE,Catering Company Company 87,Paul Anderson Thomas,703 5th Ave,Chula Vista,CA,91058,San Diego,(760) 781-2692,2002-09-26,2003-09-26
58-332273,58,Caterer's Beer & Wine,ACTIVE,Party Services Inc,Lisa Anderson,967 7th St #496,Hayward,CA,95232,Alameda,(925) 444-3518,2006-07-17,2007-07-17
58-631331,58,Caterer's Beer & Wine,ACTIVE,Events & Catering Glendale,Robert Lopez,7985 Market Rd,Glendale,CA,92977,Los Angeles,(323) 981-6175,2001-07-16,2002-07-16
58-225060,58,Caterer's Beer & Wine,ACTIVE,Banquets Glendale Inc,James Martinez,5961 3rd Pl,Glendale,CA,96092,Los Angeles,(323) 813-2910,2018-08-17,2019-08-17
58-584580,58,Caterer's Beer & Wine,ACTIVE,Event Catering,Anthony Thomas,127 Mission Dr,Corona,CA,94397,Riverside,(951) 657-5900,2008-07-16,2009-07-16
58-979838,58,Caterer's Beer & Wine,ACTIVE,Party Services Los Angeles Corp,Matthew Davis,9524 2nd Blvd,Pasadena,CA,93881,Los Angeles,(213) 260-1378,2022-05-23,2023-05-23
58-460952,58,Caterer's Beer & Wine,ACTIVE,Event Catering Goleta,Andrew Rodriguez Brown,1795 Wilshire Way #626,Goleta,CA,91144,Santa Barbara,(805) 916-4224,2023-04-02,2024-04-02
58-315179,58,Caterer's Beer & Wine,ACTIVE,Catering Inc,John Martin Garcia,4356 Washington Way,Santa Monica,CA,91274,Los Angeles,(424) 871-1792,2004-08-21,2005-08-21
58-180250,58,Caterer's Beer & Wine,ACTIVE,Catering Company,William Moore,6231 Franklin Blvd,Los Angeles,CA,91357,Los Angeles,(213) 900-4034,2021-02-17,2022-02-17
58-793639,58,Caterer's Beer & Wine,ACTIVE,Catering Group,Robert Gonzalez Martinez,885 Franklin Ln,Glendale,CA,92480,Los Angeles,(818) 905-7727,2015-01-03,2016-01-03
58-128101,58,Caterer's Beer & Wine,ACTIVE,Event Catering San Luis Obispo Valley,John Jackson,9574 Ocean St,San Luis Obispo,CA,93897,San Luis Obispo,(805) 724-4233,2024-07-02,2025-07-02
58-225687,58,Caterer's Beer & Wine,ACTIVE,Catering,Matthew Johnson,2003 Front Dr,Sacramento,CA,91698,Sacramento,(916) 844-3930,2009-04-23,2010-04-23
58-383627,58,Caterer's Beer & Wine,ACTIVE,OldCatering Company 32,Kenneth Wilson Smith,3889 Wilshire Ln,Oceanside,CA,90856,San Diego,(760) 812-4238,2007-11-25,2008-11-25
58-273627,58,Caterer's Beer & Wine,ACTIVE,Party Services Company,James Jackson Thomas,3554 Pico Pl #997,Long Beach,CA,91614,Los Angeles,(818) 308-8227,2020-04-15,2021-04-15
58-406608,58,Caterer's Beer & Wine,ACTIVE,Catering,David Taylor,6723 Main Pl,Madera,CA,91310,Fresno,(559) 507-9948,2023-03-23,2024-03-23
58-668341,58,Caterer's Beer & Wine,ACTIVE,Events & Catering San Bernardino Corp,Maria Jones,7307 Broadway Way,San Bernardino,CA,90080,San Bernardino,(760) 335-6126,2008-04-08,2009-04-08
58-504906,58,Caterer's Beer & Wine,ACTIVE,Catering San Mateo Co,Maria Lopez Davis,4420 Franklin Rd #731,San Mateo,CA,93089,San Mateo,(650) 307-1703,2017-05-25,2018-05-25
58-369708,58,Caterer's Beer & Wine,ACTIVE,Party Services Los Angeles,Maria Jones,4240 Main St,Pasadena,CA,96159,Los Angeles,(818) 754-2086,2022-01-01,2023-01-01
58-593364,58,Caterer's Beer & Wine,ACTIVE,Catering Company Carlsbad Valley Group,Jennifer Brown,9017 3rd Way,Carlsbad,CA,95270,San Diego,(760) 931-5815,2003-12-19,2004-12-19
58-896835,58,Caterer's Beer & Wine,ACTIVE,Event Catering Los Angeles Co,Lisa Miller,1175 Ocean Ave,Los Angeles,CA,90223,Los Angeles,(424) 755-8061,2005-05-10,2006-05-10
58-844801,58,Caterer's Beer & Wine,ACTIVE,Event Catering Daly City Valley,Daniel Jackson,279 2nd Ln #376,Daly City,CA,94535,San Mateo,(650) 272-9811,2015-12-10,2016-12-10
58-117099,58,Caterer's Beer & Wine,ACTIVE,OldParty Services Visalia 1,Jennifer Moore Williams,7461 Ocean Blvd #216,Visalia,CA,93709,Tulare,(559) 629-6314,2017-12-01,2018-12-01
58-903749,58,Caterer's Beer & Wine,ACTIVE,NewEvent Catering Huntington Beach Co 33,Mark Wilson,6269 2nd Pl #284,Huntington Beach,CA,94400,Orange,(714) 767-8937,2003-01-22,2004-01-22
58-138386,58,Caterer's Beer & Wine,ACTIVE,Events & Catering San Diego,Michelle Garcia Jones,7048 1st St,Oceanside,CA,95523,San Diego,(619) 535-4815,2020-12-04,2021-12-04
58-199451,58,Caterer's Beer & Wine,ACTIVE,Banquets,James Martin Williams,177 Main Rd,Mountain View,CA,94906,Santa Clara,(408) 468-4262,2002-02-13,2003-02-13
58-807595,58,Caterer's Beer & Wine,ACTIVE,TheCatering Riverside 44,David Jackson,8927 1st St,Temecula,CA,91991,Riverside,(951) 867-1200,2020-08-13,2021-08-13
58-224645,58,Caterer's Beer & Wine,ACTIVE,Event Catering San Diego,Michael Jones,4471 1st Rd,Oceanside,CA,90862,San Diego,(619) 760-4520,2016-05-27,2017-05-27
58-570201,58,Caterer's Beer & Wine,ACTIVE,Catering,Anthony Martinez,2697 Oak Blvd #671,Santa Clara,CA,90943,Santa Clara,(408) 749-2265,2011-12-05,2012-12-05
58-543790,58,Caterer's Beer & Wine,ACTIVE,Event Catering Roseville Valley Group,Robert Martin,3168 State Rd #659,Roseville,CA,91249,Sacramento,(916) 291-3406,2021-03-02,2022-03-02
58-394208,58,Caterer's Beer & Wine,ACTIVE,TheEvent Catering 3,Daniel Davis Miller,1984 Maple Ln,Santa Ana,CA,95052,Orange,(949) 809-5285,2013-05-14,2014-05-14
58-797820,58,Caterer's Beer & Wine,ACTIVE,OldCatering Company Escondido Valley Co 85,Christopher Hernandez,7673 Broadway Ave #680,Escondido,CA,94788,San Diego,(858) 472-2209,2022-08-05,2023-08-05
58-275801,58,Caterer's Beer & Wine,ACTIVE,Catering Company Inc,Maria Jackson,233 Franklin Blvd,Long Beach,CA,95161,Los Angeles,(323) 780-4339,2013-05-22,2014-05-22
58-781123,58,Caterer's Beer & Wine,ACTIVE,Events & Catering,Christopher Miller,4768 3rd Rd,Elk Grove,CA,95873,Sacramento,(279) 778-2385,2020-11-07,2021-11-07
58-122960,58,Caterer's Beer & Wine,ACTIVE,Events & Catering Pasadena LLC,Anthony Williams,508 2nd Blvd,Pasadena,CA,92578,Los Angeles,(626) 640-6019,2014-07-02,2015-07-02
58-388294,58,Caterer's Beer & Wine,ACTIVE,Party Services Los Angeles Heights,William Anderson,4971 Ocean Ave #745,Los Angeles,CA,95202,Los Angeles,(323) 379-2359,2002-07-20,2003-07-20
58-123377,58,Caterer's Beer & Wine,ACTIVE,Catering Company Co,Kenneth Martinez,7878 5th Rd #846,Los Angeles,CA,94073,Los Angeles,(626) 859-2977,2009-10-23,2010-10-23
58-159451,58,Caterer's Beer & Wine,ACTIVE,Catering Company Modesto Valley Company,Kenneth Rodriguez Johnson,9322 4th St,Modesto,CA,91128,Stanislaus,(209) 285-6917,2019-07-17,2020-07-17
58-880832,58,Caterer's Beer & Wine,ACTIVE,Party Services Santa Clara,Andrew Garcia,5342 Market Rd,Mountain View,CA,90359,Santa Clara,(408) 338-3466,2013-11-11,2014-11-11
58-705641,58,Caterer's Beer & Wine,ACTIVE,Banquets Clovis Hills,Anthony Brown,1969 Madison Dr,Clovis,CA,93608,Fresno,(559) 739-7292,2017-04-03,2018-04-03
58-249154,58,Caterer's Beer & Wine,ACTIVE,Catering Company Orange,Michael Anderson Taylor,3403 Main Ave,Irvine,CA,94703,Orange,(714) 312-7568,2013-09-04,2014-09-04
58-285786,58,Caterer's Beer & Wine,ACTIVE,Events & Catering San Diego,Lisa Garcia Davis,4755 1st Ln,Carlsbad,CA,90454,San Diego,(760) 392-9959,2001-01-25,2002-01-25
58-394925,58,Caterer's Beer & Wine,ACTIVE,Events & Catering Santa Monica Heights Inc,Steven Davis,4899 State St,Santa Monica,CA,95255,Los Angeles,(661) 313-2695,2002-11-24,2003-11-24
58-479682,58,Caterer's Beer & Wine,ACTIVE,Catering Company Company,Paul Williams,9232 6th St,Victorville,CA,94413,San Bernardino,(760) 380-7578,2014-12-09,2015-12-09
58-643588,58,Caterer's Beer & Wine,ACTIVE,Party Services,Michael Lopez,8842 2nd Rd,Elk Grove,CA,93221,Sacramento,(279) 275-2049,2021-11-01,2022-11-01
58-379795,58,Caterer's Beer & Wine,ACTIVE,Event Catering Sacramento,David Jones,600 Main Dr,Elk Grove,CA,95697,Sacramento,(279) 491-2151,2024-01-02,2025-01-02
58-271704,58,Caterer's Beer & Wine,ACTIVE,Party Services Corp,James Martin Smith,7050 Sunset Ave #281,San Francisco,CA,90854,San Francisco,(415) 282-9347,2013-10-02,2014-10-02
58-107460,58,Caterer's Beer & Wine,ACTIVE,Catering Company Co,Maria Miller,1135 Front Ave,Burbank,CA,96036,Los Angeles,(213) 582-2450,2013-04-13,2014-04-13
58-673811,58,Caterer's Beer & Wine,ACTIVE,Event Catering,David Jones,6715 Ocean St,Huntington Beach,CA,95145,Orange,(657) 338-9958,2008-09-16,2009-09-16
58-406570,58,Caterer's Beer & Wine,ACTIVE,Catering Company,Mark Davis,1400 1st Rd #602,Palm Springs,CA,90537,Riverside,(951) 965-2664,2005-01-24,2006-01-24
58-551222,58,Caterer's Beer & Wine,ACTIVE,Events & Catering Co 14,Robert Johnson,7605 Market Ct #403,Livermore,CA,94752,Alameda,(510) 853-4732,2004-09-07,2005-09-07
58-349731,58,Caterer's Beer & Wine,ACTIVE,Events & Catering Santa Monica Heights,James Smith Gonzalez,9646 6th Ave,Santa Monica,CA,91789,Los Angeles,(323) 218-3241,2023-12-10,2024-12-10
58-979103,58,Caterer's Beer & Wine,ACTIVE,NewCatering 99,Matthew Lopez,4935 Hollywood Ln,Citrus Heights,CA,94947,Sacramento,(916) 996-6169,2017-01-27,2018-01-27
58-946491,58,Caterer's Beer & Wine,ACTIVE,Event Catering,Paul Gonzalez Martin,8963 Main Ct,Bakersfield,CA,92769,Kern,(805) 803-6230,2008-10-17,2009-10-17
58-847756,58,Caterer's Beer & Wine,ACTIVE,Events & Catering San Diego Hills Co,Maria Johnson,6484 Madison Blvd,San Diego,CA,92557,San Diego,(760) 707-6926,2015-04-22,2016-04-22
58-188940,58,Caterer's Beer & Wine,ACTIVE,Banquets San Francisco,Lisa Jones Williams,3416 Mission Rd,San Francisco,CA,93006,San Francisco,(415) 843-8957,2019-08-01,2020-08-01
58-771274,58,Caterer's Beer & Wine,ACTIVE,Catering Company,Kenneth Miller,6385 7th St #411,Temecula,CA,94981,Riverside,(760) 855-6890,2019-11-06,2020-11-06
58-711253,58,Caterer's Beer & Wine,ACTIVE,Catering Tulare LLC,Michelle Miller,4531 Market Dr,Porterville,CA,95374,Tulare,(559) 258-7177,2014-09-17,2015-09-17
58-178717,58,Caterer's Beer & Wine,ACTIVE,Party Services Riverside,Andrew Smith,8254 Maple St,Riverside,CA,91450,Riverside,(760) 398-8680,2011-09-19,2012-09-19
58-160698,58,Caterer's Beer & Wine,ACTIVE,Banquets Irvine Heights Inc,Daniel Moore,3556 Main Ave,Irvine,CA,90074,Orange,(949) 739-4782,2020-11-18,2021-11-18
58-202929,58,Caterer's Beer & Wine,ACTIVE,Catering Company Fresno Inc,Lisa Miller,8539 Main St #658,Fresno,CA,93069,Fresno,(559) 356-7538,2012-10-11,2013-10-11
58-470126,58,Caterer's Beer & Wine,ACTIVE,OldCatering Company Pasadena Company 98,Daniel Davis,6843 2nd Ave,Pasadena,CA,90963,Los Angeles,(323) 300-9141,2010-02-06,2011-02-06
58-828612,58,Caterer's Beer & Wine,ACTIVE,Catering San Bernardino Corp,Lisa Smith Williams,9530 4th Ct,Rancho Cucamonga,CA,92583,San Bernardino,(909) 722-3852,2016-11-21,2017-11-21
58-730686,58,Caterer's Beer & Wine,ACTIVE,Catering Company Riverside,Michael Smith,472 2nd Pl,Palm Springs,CA,93535,Riverside,(951) 564-9426,2012-06-19,2013-06-19
58-631650,58,Caterer's Beer & Wine,ACTIVE,Banquets Ventura,Mark Wilson,2492 7th Dr #819,Ventura,CA,90203,Ventura,(820) 587-7585,2018-07-07,2019-07-07
58-579948,58,Caterer's Beer & Wine,ACTIVE,Party Services Corp,Anthony Davis,1857 Sunset Pl,Richmond,CA,92337,Contra Costa,(925) 741-4232,2021-09-09,2022-09-09
58-116014,58,Caterer's Beer & Wine,ACTIVE,Event Catering San Francisco LLC,Matthew Anderson Johnson,9267 4th Ave,San Francisco,CA,90232,San Francisco,(415) 446-7692,2010-02-06,2011-02-06
58-274238,58,Caterer's Beer & Wine,ACTIVE,Banquets Los Angeles 75,Maria Thomas,5221 5th Ave,Pasadena,CA,93924,Los Angeles,(323) 475-1731,2004-07-01,2005-07-01
58-101498,58,Caterer's Beer & Wine,ACTIVE,Catering Co,Andrew Taylor Anderson,1943 Hollywood Blvd,San Diego,CA,90206,San Diego,(760) 438-4816,2006-11-25,2007-11-25
58-668164,58,Caterer's Beer & Wine,ACTIVE,Event Catering Corp,Michelle Anderson,2056 6th Ave,San Diego,CA,93463,San Diego,(858) 782-1173,2022-12-28,2023-12-28
58-936898,58,Caterer's Beer & Wine,ACTIVE,Party Services Contra Costa Corp 56,Robert Jackson,4905 7th Way,Richmond,CA,95291,Contra Costa,(925) 800-6279,2012-07-02,2013-07-02
58-337676,58,Caterer's Beer & Wine,ACTIVE,Catering Long Beach Inc,Maria Rodriguez Martin,2290 1st Ct,Long Beach,CA,93198,Los Angeles,(323) 306-5323,2001-02-12,2002-02-12
58-812529,58,Caterer's Beer & Wine,ACTIVE,OldEvents & Catering Goleta Hills 18,Andrew Williams,3813 4th Dr,Goleta,CA,96168,Santa Barbara,(805) 724-7263,2024-09-05,2025-09-05
58-514633,58,Caterer's Beer & Wine,ACTIVE,Banquets Visalia,William Martin,6523 State Ln,Visalia,CA,95789,Tulare,(559) 834-4117,2023-04-03,2024-04-03
58-521423,58,Caterer's Beer & Wine,ACTIVE,Banquets,Matthew Taylor,1865 Oak Ave,Fremont,CA,91172,Alameda,(510) 434-4241,2015-06-21,2016-06-21
58-330899,58,Caterer's Beer & Wine,ACTIVE,NewCatering Company Glendale 18,James Moore,3264 Franklin Way,Glendale,CA,90379,Los Angeles,(626) 328-2923,2006-10-05,2007-10-05
58-655012,58,Caterer's Beer & Wine,ACTIVE,OldEvents & Catering 59,Paul Garcia,3632 7th Ct #444,Fremont,CA,90694,Alameda,(510) 304-5164,2004-01-03,2005-01-03
58-548932,58,Caterer's Beer & Wine,ACTIVE,OldEvents & Catering 50,Robert Lopez,2820 7th Ave,Anaheim,CA,94888,Orange,(949) 721-5385,2000-01-26,2001-01-26
58-908841,58,Caterer's Beer & Wine,ACTIVE,Banquets,Anthony Brown,3599 Ocean Ln,Porterville,CA,91615,Tulare,(559) 947-1239,2005-03-05,2006-03-05
58-619636,58,Caterer's Beer & Wine,ACTIVE,OldBanquets Los Angeles 95,James Anderson Hernandez,8247 Franklin Ct,Burbank,CA,90741,Los Angeles,(323) 365-2815,2007-01-24,2008-01-24
58-648774,58,Caterer's Beer & Wine,ACTIVE,OldCatering Los Angeles 38,Andrew Smith,1369 Franklin Dr #359,Los Angeles,CA,92157,Los Angeles,(323) 666-6125,2009-11-09,2010-11-09
58-212878,58,Caterer's Beer & Wine,ACTIVE,Catering Company Oakland Heights,Michelle Lopez,9051 Madison Ave #914,Oakland,CA,93796,Alameda,(510) 715-8275,2010-11-14,2011-11-14
58-905974,58,Caterer's Beer & Wine,ACTIVE,OldEvents & Catering Group 51,Steven Jackson Gonzalez,4513 1st Pl #171,Carlsbad,CA,95545,San Diego,(760) 786-2540,2007-07-15,2008-07-15
58-534472,58,Caterer's Beer & Wine,ACTIVE,Catering Orange,William Brown,2426 Oak Way,Irvine,CA,94516,Orange,(714) 584-9564,2011-12-10,2012-12-10
58-306823,58,Caterer's Beer & Wine,ACTIVE,TheEvent Catering Glendale Valley 50,Maria Johnson,4321 Jefferson St,Glendale,CA,91402,Los Angeles,(626) 656-4532,2011-06-26,2012-06-26
58-915113,58,Caterer's Beer & Wine,ACTIVE,Events & Catering Company,Anthony Miller,6685 5th Ave,Los Angeles,CA,91942,Los Angeles,(323) 902-8459,2017-12-21,2018-12-21
58-820827,58,Caterer's Beer & Wine,ACTIVE,Catering San Francisco,Mark Gonzalez Wilson,9955 Franklin Ave,San Francisco,CA,92016,San Francisco,(415) 208-1700,2009-06-02,2010-06-02
58-583534,58,Caterer's Beer & Wine,ACTIVE,Events & Catering San Mateo,Matthew Hernandez,4587 Main Ct,South San Francisco,CA,91122,San Mateo,(415) 935-7308,2017-11-20,2018-11-20
58-498609,58,Caterer's Beer & Wine,ACTIVE,NewCatering Company Chula Vista 84,Lisa Lopez,7955 Sunset Blvd,Chula Vista,CA,91977,San Diego,(858) 551-9157,2021-10-20,2022-10-20
58-972978,58,Caterer's Beer & Wine,ACTIVE,Banquets LLC,John Rodriguez,2078 2nd Blvd #945,Long Beach,CA,94509,Los Angeles,(424) 269-7047,2020-10-05,2021-10-05
58-582894,58,Caterer's Beer & Wine,ACTIVE,NewCatering Inc 76,Michelle Gonzalez Hernandez,201 6th Ct #871,Oakland,CA,93391,Alameda,(925) 238-8588,2011-10-09,2012-10-09
58-789874,58,Caterer's Beer & Wine,ACTIVE,Catering Company,David Anderson,8924 7th Ave #189,Novato,CA,91908,Marin,(628) 470-7429,2013-09-03,2014-09-03
58-349273,58,Caterer's Beer & Wine,ACTIVE,Party Services Burbank Valley Company,Maria Martinez,3078 State Way,Burbank,CA,93381,Los Angeles,(310) 812-7401,2006-04-10,2007-04-10
58-665278,58,Caterer's Beer & Wine,ACTIVE,Catering Company,Matthew Thomas,449 Pico Rd,Carlsbad,CA,95248,San Diego,(619) 711-2053,2008-12-15,2009-12-15
58-483715,58,Caterer's Beer & Wine,ACTIVE,NewEvent Catering Anaheim Inc 46,James Wilson,3863 Lincoln Dr,Anaheim,CA,91551,Orange,(949) 389-1630,2023-12-27,2024-12-27
58-606013,58,Caterer's Beer & Wine,ACTIVE,Catering Company San Jose,Anthony Brown,6055 6th Rd,San Jose,CA,90028,Santa Clara,(408) 607-7377,2012-10-14,2013-10-14
58-974064,58,Caterer's Beer & Wine,ACTIVE,Catering,Mark Hernandez,5078 Main Way #739,Madera,CA,94387,Fresno,(559) 957-6710,2008-02-03,2009-02-03
58-803240,58,Caterer's Beer & Wine,ACTIVE,TheBanquets San Luis Obispo 5,John Taylor Jackson,4405 Washington Dr,Atascadero,CA,95873,San Luis Obispo,(805) 820-1392,2019-08-23,2020-08-23
58-114487,58,Caterer's Beer & Wine,ACTIVE,Event Catering Corp,Anthony Anderson,3339 Lincoln Pl,Irvine,CA,91294,Orange,(657) 815-2848,2000-06-06,2001-06-06
58-406212,58,Caterer's Beer & Wine,ACTIVE,Party Services Los Angeles Company,John Moore,1289 3rd Pl,Long Beach,CA,91776,Los Angeles,(213) 740-1342,2016-06-21,2017-06-21
58-411247,58,Caterer's Beer & Wine,ACTIVE,NewEvent Catering 37,Kenneth Miller,106 Front Way #513,Goleta,CA,94440,Santa Barbara,(805) 378-6473,2021-04-10,2022-04-10
58-962513,58,Caterer's Beer & Wine,ACTIVE,Party Services Irvine Co 13,Christopher Lopez,4463 Ocean Dr #125,Irvine,CA,96096,Orange,(657) 889-1730,2021-10-05,2022-10-05
58-792288,58,Caterer's Beer & Wine,ACTIVE,Banquets Victorville,Daniel Johnson Garcia,2677 Market Blvd,Victorville,CA,94219,San Bernardino,(909) 422-1397,2021-04-27,2022-04-27
58-392117,58,Caterer's Beer & Wine,ACTIVE,Banquets,Matthew Davis,8289 Sunset Rd #172,Los Angeles,CA,91939,Los Angeles,(661) 660-9056,2023-11-12,2024-11-12
58-469766,58,Caterer's Beer & Wine,ACTIVE,Events & Catering Inc,Maria Moore Taylor,1160 State Ct,Riverside,CA,93841,Riverside,(951) 931-8664,2024-10-12,2025-10-12
58-694326,58,Caterer's Beer & Wine,ACTIVE,Catering Company Corona Hills,Maria Miller Wilson,9819 Franklin Rd #999,Corona,CA,91459,Riverside,(951) 916-9758,2019-08-07,2020-08-07
58-747416,58,Caterer's Beer & Wine,ACTIVE,Catering Company Pasadena Corp,Jennifer Hernandez,3571 Maple Rd,Pasadena,CA,92295,Los Angeles,(626) 443-9206,2010-03-26,2011-03-26
58-176505,58,Caterer's Beer & Wine,ACTIVE,Catering,Maria Johnson,7357 7th Ct,Livermore,CA,91143,Alameda,(510) 398-6985,2011-04-23,2012-04-23
58-156321,58,Caterer's Beer & Wine,ACTIVE,OldBanquets Pasadena 16,David Moore,8112 Washington Ave #996,Pasadena,CA,95285,Los Angeles,(323) 930-2779,2019-01-26,2020-01-26
58-303465,58,Caterer's Beer & Wine,ACTIVE,Event Catering Richmond,Steven Davis Taylor,7317 Hollywood Rd,Richmond,CA,92015,Contra Costa,(510) 483-7591,2020-06-18,2021-06-18
58-307941,58,Caterer's Beer & Wine,ACTIVE,Catering Company,Maria Martin,5341 Oak Ave #225,Glendale,CA,93509,Los Angeles,(626) 540-8634,2010-06-17,2011-06-17
58-140647,58,Caterer's Beer & Wine,ACTIVE,Catering Company Company 20,Anthony Rodriguez Martinez,2548 Wilshire Way,Berkeley,CA,90799,Alameda,(925) 657-3703,2005-05-24,2006-05-24
58-197552,58,Caterer's Beer & Wine,ACTIVE,TheEvent Catering Inc 24,William Hernandez,9011 5th Way #706,Ontario,CA,90862,San Bernardino,(909) 783-7253,2008-08-16,2009-08-16
58-998142,58,Caterer's Beer & Wine,ACTIVE,OldEvents & Catering Ontario Hills 55,David Gonzalez Lopez,1624 1st Ln,Ontario,CA,94245,San Bernardino,(760) 703-9496,2006-11-23,2007-11-23
58-991588,58,Caterer's Beer & Wine,ACTIVE,Events & Catering,Maria Taylor,7187 1st Ct #482,San Bernardino,CA,94355,San Bernardino,(909) 670-7880,2010-03-05,2011-03-05
58-726563,58,Caterer's Beer & Wine,ACTIVE,OldCatering Company 67,Paul Garcia,4378 Main Way #780,Hayward,CA,94451,Alameda,(510) 483-1159,2012-03-11,2013-03-11
58-309563,58,Caterer's Beer & Wine,ACTIVE,Event Catering Glendale Hills Corp 66,William Jackson Davis,2199 Hollywood Ct,Glendale,CA,95889,Los Angeles,(424) 873-4160,2021-08-07,2022-08-07
58-109215,58,Caterer's Beer & Wine,ACTIVE,Banquets Santa Clara,Andrew Smith,8750 1st Ln,Santa Clara,CA,91805,Santa Clara,(408) 326-8757,2022-12-27,2023-12-27
58-707395,58,Caterer's Beer & Wine,ACTIVE,Catering,Matthew Moore,5289 Market Way,San Diego,CA,94125,San Diego,(760) 931-9674,2001-05-05,2002-05-05
58-452793,58,Caterer's Beer & Wine,ACTIVE,Catering Los Angeles Co,Robert Lopez,3801 4th Ct,Santa Monica,CA,90833,Los Angeles,(424) 603-1428,2001-03-05,2002-03-05
58-884715,58,Caterer's Beer & Wine,ACTIVE,Events & Catering Group,Daniel Taylor,4314 1st Rd,Santa Ana,CA,94547,Orange,(714) 776-1890,2003-08-07,2004-08-07
58-854508,58,Caterer's Beer & Wine,ACTIVE,Catering Company Delano,John Martin Martin,9104 Hollywood Ave,Delano,CA,91951,Kern,(661) 401-8184,2018-10-19,2019-10-19
58-765765,58,Caterer's Beer & Wine,ACTIVE,Catering,Kenneth Anderson,8128 4th Rd,Mill Valley,CA,90281,Marin,(628) 807-8594,2012-06-11,2013-06-11
58-107119,58,Caterer's Beer & Wine,ACTIVE,Event Catering Inc,William Rodriguez,8025 Lincoln Ln,Ontario,CA,94294,San Bernardino,(760) 949-6306,2017-11-16,2018-11-16
58-138683,58,Caterer's Beer & Wine,ACTIVE,Event Catering Inc,Michael Davis,8399 Front Dr,Pasadena,CA,90121,Los Angeles,(661) 908-4847,2010-06-10,2011-06-10
58-336202,58,Caterer's Beer & Wine,ACTIVE,OldEvent Catering 60,William Rodriguez,3298 Oak Rd,Pasadena,CA,95015,Los Angeles,(818) 724-4212,2014-02-09,2015-02-09
58-899555,58,Caterer's Beer & Wine,ACTIVE,Event Catering Los Angeles Co,Michael Martinez,5023 4th Ave,Santa Monica,CA,92663,Los Angeles,(661) 402-3646,2002-02-08,2003-02-08
58-610164,58,Caterer's Beer & Wine,ACTIVE,Event Catering Los Angeles Inc,Mark Rodriguez Thomas,6636 6th Ln #619,Burbank,CA,94700,Los Angeles,(323) 607-7872,2005-09-25,2006-09-25
58-757012,58,Caterer's Beer & Wine,ACTIVE,Events & Catering Corona Co,Maria Miller,8228 3rd Rd,Corona,CA,95731,Riverside,(951) 861-7326,2003-09-06,2004-09-06
58-571164,58,Caterer's Beer & Wine,ACTIVE,Banquets Corp,David Jones Rodriguez,5691 4th Ct #588,Elk Grove,CA,94056,Sacramento,(279) 703-5391,2015-09-11,2016-09-11
58-982067,58,Caterer's Beer & Wine,ACTIVE,Party Services San Bernardino,Anthony Jackson,8453 Market Ln #883,Victorville,CA,93557,San Bernardino,(760) 440-6567,2019-09-21,2020-09-21
58-221601,58,Caterer's Beer & Wine,ACTIVE,Catering Company San Francisco,David Smith Williams,4576 5th St,San Francisco,CA,90507,San Francisco,(415) 337-8532,2007-08-11,2008-08-11
58-899481,58,Caterer's Beer & Wine,ACTIVE,Party Services Los Angeles,David Davis,8463 Oak Ct #880,Burbank,CA,90001,Los Angeles,(661) 390-1833,2019-12-06,2020-12-06
58-962721,58,Caterer's Beer & Wine,ACTIVE,Banquets,Lisa Thomas,3975 6th Pl #695,San Bernardino,CA,94792,San Bernardino,(760) 752-7787,2018-04-26,2019-04-26
58-783096,58,Caterer's Beer & Wine,ACTIVE,Catering Victorville Valley 44,Steven Brown,7222 Maple Ct #665,Victorville,CA,94499,San Bernardino,(760) 895-5057,2020-10-18,2021-10-18
58-714168,58,Caterer's Beer & Wine,ACTIVE,Party Services LLC,David Gonzalez,5123 2nd Way #202,Santa Clara,CA,91338,Santa Clara,(408) 816-6443,2011-04-12,2012-04-12
58-362653,58,Caterer's Beer & Wine,ACTIVE,Events & Catering Inc,Matthew Hernandez,1352 Wilshire Ln,Long Beach,CA,91951,Los Angeles,(424) 586-9625,2013-08-09,2014-08-09
58-505597,58,Caterer's Beer & Wine,ACTIVE,Catering San Francisco Company,Anthony Brown,238 Oak Blvd #903,San Francisco,CA,92081,San Francisco,(628) 666-5940,2003-07-12,2004-07-12
58-304606,58,Caterer's Beer & Wine,ACTIVE,Catering Company Glendale,Maria Moore,1242 1st Ct #599,Glendale,CA,93752,Los Angeles,(626) 956-5831,2019-10-24,2020-10-24
58-838398,58,Caterer's Beer & Wine,ACTIVE,Catering Company Santa Monica,Mark Jones Smith,9920 Washington Ave,Santa Monica,CA,90546,Los Angeles,(818) 908-1065,2022-06-19,2023-06-19
58-349319,58,Caterer's Beer & Wine,ACTIVE,Events & Catering Newport Beach Hills Inc,John Hernandez,5810 5th St,Newport Beach,CA,94305,Orange,(714) 635-7753,2018-09-28,2019-09-28
58-135991,58,Caterer's Beer & Wine,ACTIVE,Catering Burbank Hills,Jennifer Jackson,2966 Main Dr,Burbank,CA,92886,Los Angeles,(424) 428-2292,2009-11-19,2010-11-19
58-413001,58,Caterer's Beer & Wine,ACTIVE,Banquets Riverside,Michelle Williams,3324 5th St #395,Corona,CA,90600,Riverside,(951) 896-7773,2003-09-21,2004-09-21
58-537093,58,Caterer's Beer & Wine,ACTIVE,Party Services,Matthew Martinez Davis,646 4th Dr #758,Escondido,CA,93265,San Diego,(619) 649-8381,2016-01-18,2017-01-18
58-974854,58,Caterer's Beer & Wine,ACTIVE,Events & Catering Glendale,Anthony Johnson,3053 3rd St,Glendale,CA,94364,Los Angeles,(310) 911-8009,2023-12-14,2024-12-14
58-510143,58,Caterer's Beer & Wine,ACTIVE,TheParty Services Company 23,Anthony Thomas,5047 Pico St #115,Santa Monica,CA,91993,Los Angeles,(424) 849-9099,2008-02-24,2009-02-24
58-768364,58,Caterer's Beer & Wine,ACTIVE,Event Catering Los Angeles,Michelle Lopez,9884 Front Rd,Pasadena,CA,91151,Los Angeles,(661) 782-5853,2020-09-19,2021-09-19
58-592055,58,Caterer's Beer & Wine,ACTIVE,Catering San Luis Obispo,Steven Williams,4399 3rd Blvd,Paso Robles,CA,92528,San Luis Obispo,(805) 782-6126,2015-01-03,2016-01-03
58-476486,58,Caterer's Beer & Wine,ACTIVE,Catering Los Angeles,Steven Garcia,4837 Franklin Dr,Pasadena,CA,90254,Los Angeles,(323) 770-9848,2003-10-09,2004-10-09
58-997096,58,Caterer's Beer & Wine,ACTIVE,Catering Inc,Andrew Taylor,3535 Washington Dr,Tulare,CA,91145,Tulare,(559) 899-7491,2004-11-11,2005-11-11
58-813556,58,Caterer's Beer & Wine,ACTIVE,OldEvents & Catering Santa Monica 99,John Martin,842 State Rd,Santa Monica,CA,94364,Los Angeles,(213) 766-9415,2009-09-24,2010-09-24
58-282540,58,Caterer's Beer & Wine,ACTIVE,Events & Catering,Jennifer Jones,5099 5th Rd #873,Los Angeles,CA,91028,Los Angeles,(213) 288-3242,2021-02-20,2022-02-20
58-126430,58,Caterer's Beer & Wine,ACTIVE,OldEvent Catering Santa Monica Hills 40,Christopher Davis,3216 1st Way,Santa Monica,CA,96014,Los Angeles,(424) 378-7541,2011-11-18,2012-11-18
58-364541,58,Caterer's Beer & Wine,ACTIVE,Events & Catering Richmond Heights,Christopher Gonzalez,4162 2nd Pl,Richmond,CA,92711,Contra Costa,(925) 737-3566,2003-03-10,2004-03-10
58-417503,58,Caterer's Beer & Wine,ACTIVE,Events & Catering,James Garcia,123 Washington Rd,Burbank,CA,93723,Los Angeles,(310) 528-5004,2003-05-17,2004-05-17
58-265074,58,Caterer's Beer & Wine,ACTIVE,Catering Company 21,Steven Brown,9804 6th Way,Glendale,CA,92713,Los Angeles,(213) 847-2577,2005-09-03,2006-09-03
58-115697,58,Caterer's Beer & Wine,ACTIVE,TheEvent Catering Temecula Hills 51,Anthony Miller,859 Pico Rd,Temecula,CA,90587,Riverside,(951) 257-4577,2011-12-02,2012-12-02
58-463975,58,Caterer's Beer & Wine,ACTIVE,OldCatering Company Santa Ana Hills 25,Michelle Gonzalez Martinez,7288 Wilshire Pl,Santa Ana,CA,95976,Orange,(657) 498-6453,2019-10-19,2020-10-19
58-355389,58,Caterer's Beer & Wine,ACTIVE,Events & Catering,Michael Taylor,9821 Madison Ln,Palm Springs,CA,94078,Riverside,(760) 244-3696,2007-05-03,2008-05-03
58-971422,58,Caterer's Beer & Wine,ACTIVE,Catering Company Glendale,James Anderson,7416 Front Ct #895,Glendale,CA,90953,Los Angeles,(818) 526-7151,2019-03-04,2020-03-04
58-272517,58,Caterer's Beer & Wine,ACTIVE,Catering,Jennifer Gonzalez,7018 Pico Rd,Citrus Heights,CA,90473,Sacramento,(916) 503-4789,2010-06-14,2011-06-14
58-343458,58,Caterer's Beer & Wine,ACTIVE,Events & Catering Anaheim Hills Group,David Lopez,7486 Main Ct,Anaheim,CA,94037,Orange,(714) 647-9684,2019-06-09,2020-06-09
58-582823,58,Caterer's Beer & Wine,ACTIVE,Events & Catering Los Angeles,Matthew Rodriguez,4503 3rd Ln,Glendale,CA,92247,Los Angeles,(310) 666-9151,2001-11-04,2002-11-04
58-733212,58,Caterer's Beer & Wine,ACTIVE,Banquets Santa Clara,Michelle Smith,8257 Market Pl,Santa Clara,CA,93587,Santa Clara,(408) 862-7513,2024-04-23,2025-04-23
58-931431,58,Caterer's Beer & Wine,ACTIVE,Event Catering Delano Valley Company,Andrew Wilson,3974 Maple St #113,Delano,CA,90194,Kern,(661) 827-6396,2012-07-08,2013-07-08
58-230804,58,Caterer's Beer & Wine,ACTIVE,Catering Company,Mark Miller,561 Franklin Blvd,Newport Beach,CA,95991,Orange,(949) 749-6505,2019-01-02,2020-01-02
58-398780,58,Caterer's Beer & Wine,ACTIVE,TheEvents & Catering 15,John Williams Jackson,7882 Main Ln,Santa Monica,CA,92490,Los Angeles,(323) 978-7929,2012-06-07,2013-06-07
58-732434,58,Caterer's Beer & Wine,ACTIVE,NewCatering Pasadena Valley 98,Lisa Moore,8088 Oak Rd,Pasadena,CA,93218,Los Angeles,(213) 565-7879,2000-03-28,2001-03-28
58-784519,58,Caterer's Beer & Wine,ACTIVE,TheEvents & Catering LLC 50,Maria Garcia,4928 Main Way,Riverside,CA,95270,Riverside,(951) 955-9214,2010-04-05,2011-04-05
58-247190,58,Caterer's Beer & Wine,ACTIVE,Party Services,David Taylor,7047 Front St #282,Tulare,CA,93260,Tulare,(559) 848-6165,2014-11-21,2015-11-21
58-651390,58,Caterer's Beer & Wine,ACTIVE,OldCatering Riverside Group 66,John Gonzalez,8178 Maple Pl #837,Riverside,CA,91737,Riverside,(951) 785-3635,2019-01-11,2020-01-11
58-557998,58,Caterer's Beer & Wine,ACTIVE,Event Catering,Matthew Jackson,6035 6th Ct,Glendale,CA,91817,Los Angeles,(661) 891-4879,2022-01-18,2023-01-18
58-168108,58,Caterer's Beer & Wine,ACTIVE,OldEvents & Catering Company 61,Kenneth Brown,683 Sunset Ln,Carlsbad,CA,96137,San Diego,(858) 578-8126,2020-08-28,2021-08-28
58-411940,58,Caterer's Beer & Wine,ACTIVE,OldEvent Catering Inc 78,Lisa Williams,4283 2nd Ct,Tulare,CA,91171,Tulare,(559) 865-4268,2006-02-11,2007-02-11
58-239501,58,Caterer's Beer & Wine,ACTIVE,TheEvents & Catering 68,James Martin,8043 1st Blvd,Watsonville,CA,91389,Santa Cruz,(831) 571-4987,2024-01-07,2025-01-07
58-370410,58,Caterer's Beer & Wine,ACTIVE,Party Services 76,Kenneth Martinez,5340 Sunset St #286,Pleasant Hill,CA,93202,Contra Costa,(510) 940-2389,2014-02-18,2015-02-18
58-181509,58,Caterer's Beer & Wine,ACTIVE,NewEvents & Catering Los Angeles 26,Steven Hernandez,3546 Wilshire Way,Los Angeles,CA,95094,Los Angeles,(661) 660-4162,2013-02-24,2014-02-24
58-627895,58,Caterer's Beer & Wine,ACTIVE,Events & Catering Santa Clara Co,David Davis,6593 2nd Blvd,Palo Alto,CA,95751,Santa Clara,(408) 851-9142,2019-04-13,2020-04-13
58-863570,58,Caterer's Beer & Wine,ACTIVE,NewCatering Company Company 16,Mark Moore Anderson,699 Lincoln St #141,Temecula,CA,94446,Riverside,(760) 310-3494,2022-01-02,2023-01-02
58-171642,58,Caterer's Beer & Wine,ACTIVE,OldEvents & Catering Corp 28,Michael Lopez,4934 Oak Ct,Roseville,CA,95278,Sacramento,(916) 671-9609,2012-01-13,2013-01-13
58-464960,58,Caterer's Beer & Wine,ACTIVE,Catering Contra Costa,Jennifer Martin,9357 Front Ct #973,Pleasant Hill,CA,91948,Contra Costa,(510) 674-7026,2008-08-26,2009-08-26
58-360867,58,Caterer's Beer & Wine,ACTIVE,Events & Catering,Maria Anderson,8391 3rd Ln #469,Pasadena,CA,94994,Los Angeles,(213) 363-5546,2007-06-01,2008-06-01
58-395634,58,Caterer's Beer & Wine,ACTIVE,NewEvent Catering Group 11,Steven Jones,635 Jefferson Pl,Madera,CA,93924,Fresno,(559) 222-8674,2002-11-07,2003-11-07
58-274279,58,Caterer's Beer & Wine,ACTIVE,Events & Catering Company,Daniel Martin,3007 Pico Pl,Sunnyvale,CA,91656,Santa Clara,(408) 563-6471,2001-05-24,2002-05-24
58-458378,58,Caterer's Beer & Wine,ACTIVE,Catering Redwood City,Kenneth Taylor,3609 State Ave,Redwood City,CA,93363,San Mateo,(650) 842-2920,2008-07-13,2009-07-13
58-198580,58,Caterer's Beer & Wine,ACTIVE,Catering,Daniel Garcia,3045 Ocean Way,Temecula,CA,92827,Riverside,(951) 591-9648,2018-08-12,2019-08-12
58-509823,58,Caterer's Beer & Wine,ACTIVE,NewBanquets Fresno 5,Christopher Jackson,6612 3rd Rd,Fresno,CA,93362,Fresno,(559) 445-7879,2019-05-03,2020-05-03
58-985742,58,Caterer's Beer & Wine,ACTIVE,Event Catering Glendale Heights,Lisa Smith,9328 4th Blvd #987,Glendale,CA,95149,Los Angeles,(424) 604-3499,2017-07-22,2018-07-22
58-545923,58,Caterer's Beer & Wine,ACTIVE,Catering,Christopher Jones,9553 Washington Pl,Los Angeles,CA,92893,Los Angeles,(626) 907-7999,2003-10-05,2004-10-05
58-358238,58,Caterer's Beer & Wine,ACTIVE,Events & Catering,Maria Garcia Hernandez,3916 2nd Rd,Mill Valley,CA,90444,Marin,(628) 540-5763,2006-02-16,2007-02-16
58-887254,58,Caterer's Beer & Wine,ACTIVE,Event Catering Victorville Valley Group,James Smith,7622 3rd Pl #232,Victorville,CA,94765,San Bernardino,(760) 426-6783,2010-06-01,2011-06-01
58-427980,58,Caterer's Beer & Wine,ACTIVE,Event Catering,Anthony Brown,9498 Jefferson Rd #321,Anaheim,CA,96167,Orange,(657) 963-5127,2021-11-17,2022-11-17
58-546351,58,Caterer's Beer & Wine,ACTIVE,OldCatering Riverside Group 74,Matthew Anderson Jones,202 Madison Ave,Corona,CA,96143,Riverside,(760) 528-2733,2006-10-18,2007-10-18
58-221872,58,Caterer's Beer & Wine,ACTIVE,Banquets Santa Barbara Inc,Steven Thomas,7338 Broadway Pl,Santa Barbara,CA,95285,Santa Barbara,(805) 942-9458,2022-07-27,2023-07-27
58-832576,58,Caterer's Beer & Wine,ACTIVE,Party Services Group,Matthew Gonzalez,4716 3rd Way,Palo Alto,CA,95010,Santa Clara,(669) 278-4892,2009-01-21,2010-01-21
58-577607,58,Caterer's Beer & Wine,ACTIVE,Party Services Huntington Beach Inc 52,David Moore,4438 Mission Pl,Huntington Beach,CA,93866,Orange,(949) 401-5688,2004-10-26,2005-10-26
58-185565,58,Caterer's Beer & Wine,ACTIVE,Events & Catering Company,Christopher Taylor,923 4th St,Glendale,CA,95941,Los Angeles,(213) 430-6021,2023-08-14,2024-08-14
58-825350,58,Caterer's Beer & Wine,ACTIVE,Catering Sacramento,Andrew Smith,263 4th Rd,Elk Grove,CA,94388,Sacramento,(916) 389-8701,2007-12-16,2008-12-16
58-952812,58,Caterer's Beer & Wine,ACTIVE,Banquets Los Angeles Corp,Anthony Jackson,6565 Main St #628,Los Angeles,CA,95405,Los Angeles,(424) 744-7039,2022-04-14,2023-04-14
58-158267,58,Caterer's Beer & Wine,ACTIVE,Events & Catering Chula Vista,John Martinez,2513 Wilshire Ave #317,Chula Vista,CA,92808,San Diego,(619) 770-4448,2004-04-25,2005-04-25
58-477820,58,Caterer's Beer & Wine,ACTIVE,TheEvents & Catering Group 22,James Williams,7146 State Blvd,Long Beach,CA,93616,Los Angeles,(424) 585-8440,2018-02-06,2019-02-06
58-638666,58,Caterer's Beer & Wine,ACTIVE,Catering Group,Matthew Smith,1079 Front Blvd #783,Glendale,CA,95765,Los Angeles,(310) 977-2855,2000-09-17,2001-09-17
58-364091,58,Caterer's Beer & Wine,ACTIVE,Party Services,Daniel Williams,5349 7th Ct,Ontario,CA,96161,San Bernardino,(909) 408-8934,2019-03-18,2020-03-18
58-742199,58,Caterer's Beer & Wine,ACTIVE,Event Catering Los Angeles,Maria Garcia,4110 7th Way,Burbank,CA,93793,Los Angeles,(818) 931-1066,2020-12-23,2021-12-23
58-143510,58,Caterer's Beer & Wine,ACTIVE,TheParty Services Newport Beach Corp 87,Michelle Wilson,6104 Washington Rd,Newport Beach,CA,90921,Orange,(949) 919-9552,2016-05-01,2017-05-01
58-527034,58,Caterer's Beer & Wine,ACTIVE,Catering Los Angeles LLC,David Martinez,8167 7th Pl,Santa Monica,CA,93649,Los Angeles,(323) 748-4638,2014-03-07,2015-03-07
58-357274,58,Caterer's Beer & Wine,ACTIVE,Events & Catering,Anthony Brown,310 3rd Ave,San Bernardino,CA,94750,San Bernardino,(909) 770-2975,2009-09-09,2010-09-09
58-561593,58,Caterer's Beer & Wine,ACTIVE,Events & Catering,Michelle Brown,983 Market Rd,Newport Beach,CA,90783,Orange,(949) 569-8252,2016-07-18,2017-07-18
58-772410,58,Caterer's Beer & Wine,ACTIVE,Event Catering San Diego,Michael Davis,7259 Franklin St,Carlsbad,CA,95978,San Diego,(858) 458-7106,2003-04-22,2004-04-22
58-816087,58,Caterer's Beer & Wine,ACTIVE,Events & Catering San Francisco Hills,Kenneth Rodriguez,2369 Sunset Pl,San Francisco,CA,95224,San Francisco,(415) 949-3884,2002-05-16,2003-05-16
58-406786,58,Caterer's Beer & Wine,ACTIVE,Catering Company Group,James Jackson Jones,9913 1st Ln,Burbank,CA,95835,Los Angeles,(213) 219-6831,2023-09-20,2024-09-20
58-920637,58,Caterer's Beer & Wine,ACTIVE,Event Catering Ontario,John Martin Jackson,6030 2nd Blvd #428,Ontario,CA,90966,San Bernardino,(909) 465-2425,2002-02-24,2003-02-24
58-238118,58,Caterer's Beer & Wine,ACTIVE,TheEvent Catering Ceres Co 55,Matthew Anderson,5214 Oak Rd,Ceres,CA,91531,Stanislaus,(209) 600-2839,2010-03-24,2011-03-24
58-842624,58,Caterer's Beer & Wine,ACTIVE,Catering Company Escondido Group,Paul Taylor,9990 2nd Dr,Escondido,CA,95817,San Diego,(858) 738-7347,2020-11-27,2021-11-27
58-167386,58,Caterer's Beer & Wine,ACTIVE,Event Catering San Bernardino,John Rodriguez Jones,1574 Maple Ln #250,Rancho Cucamonga,CA,96117,San Bernardino,(909) 576-4571,2011-03-08,2012-03-08
58-695640,58,Caterer's Beer & Wine,ACTIVE,Event Catering,William Martin,930 Madison Pl,Santa Ana,CA,90865,Orange,(714) 736-7239,2007-04-15,2008-04-15
58-418808,58,Caterer's Beer & Wine,ACTIVE,Events & Catering Newport Beach Valley Inc,Maria Jones,7773 Market Pl,Newport Beach,CA,91356,Orange,(657) 358-1632,2006-01-22,2007-01-22
58-835781,58,Caterer's Beer & Wine,ACTIVE,Event Catering Company,Matthew Johnson,1077 Maple Way #831,Monterey,CA,90318,Monterey,(831) 414-7772,2007-09-08,2008-09-08
58-812006,58,Caterer's Beer & Wine,ACTIVE,OldBanquets Company 71,Maria Davis Taylor,1577 Oak St,Los Angeles,CA,93256,Los Angeles,(310) 452-7881,2014-08-12,2015-08-12
58-794761,58,Caterer's Beer & Wine,ACTIVE,Events & Catering,David Moore,9423 6th St,Roseville,CA,94416,Sacramento,(279) 569-1968,2020-08-28,2021-08-28
58-268691,58,Caterer's Beer & Wine,ACTIVE,Events & Catering Pasadena Valley Inc,Michael Hernandez,1768 Maple Blvd,Pasadena,CA,94169,Los Angeles,(323) 316-1445,2021-03-16,2022-03-16
58-350132,58,Caterer's Beer & Wine,ACTIVE,TheEvents & Catering Sacramento Group 45,Maria Anderson Martinez,4463 Pico Blvd,Sacramento,CA,95335,Sacramento,(279) 395-5570,2022-05-28,2023-05-28
58-607791,58,Caterer's Beer & Wine,ACTIVE,Event Catering San Diego LLC,Maria Wilson,4817 2nd Blvd,Chula Vista,CA,90025,San Diego,(760) 818-7634,2024-01-07,2025-01-07
58-710795,58,Caterer's Beer & Wine,ACTIVE,Catering Company Fresno Co,Steven Hernandez Martinez,7533 Front Blvd,Fresno,CA,92474,Fresno,(559) 723-9988,2015-12-06,2016-12-06
58-471273,58,Caterer's Beer & Wine,ACTIVE,Banquets,Matthew Taylor Jones,4331 1st Ave,San Francisco,CA,95755,San Francisco,(628) 560-5227,2024-04-21,2025-04-21
58-769190,58,Caterer's Beer & Wine,ACTIVE,TheEvents & Catering Los Angeles Valley Inc 54,John Davis Martin,2563 Ocean Ave,Los Angeles,CA,90095,Los Angeles,(424) 674-7163,2017-02-13,2018-02-13
58-122934,58,Caterer's Beer & Wine,ACTIVE,OldEvent Catering 92,Mark Hernandez Brown,9635 Oak Dr #599,Burbank,CA,95968,Los Angeles,(626) 911-2873,2005-04-13,2006-04-13
58-942344,58,Caterer's Beer & Wine,ACTIVE,Catering Company Corp,Maria Johnson,4657 Oak Rd #556,Burbank,CA,91190,Los Angeles,(323) 552-5826,2010-06-17,2011-06-17
58-855850,58,Caterer's Beer & Wine,ACTIVE,Event Catering San Mateo Company,Maria Rodriguez Johnson,4850 4th Blvd,South San Francisco,CA,91040,San Mateo,(650) 436-2100,2005-07-17,2006-07-17
58-559868,58,Caterer's Beer & Wine,ACTIVE,Catering Walnut Creek,Jennifer Hernandez,2966 5th Ln,Walnut Creek,CA,91882,Contra Costa,(925) 514-5355,2012-12-17,2013-12-17
58-191014,58,Caterer's Beer & Wine,ACTIVE,OldParty Services LLC 84,Lisa Gonzalez,6444 Mission Way #545,Elk Grove,CA,94362,Sacramento,(916) 964-8040,2002-12-08,2003-12-08
58-504497,58,Caterer's Beer & Wine,ACTIVE,NewParty Services Los Angeles 25,Lisa Rodriguez,5887 4th St,Long Beach,CA,95289,Los Angeles,(818) 676-3637,2005-01-28,2006-01-28
58-875921,58,Caterer's Beer & Wine,ACTIVE,Banquets Los Angeles Inc,Lisa Williams,5474 2nd Ave,Long Beach,CA,94410,Los Angeles,(424) 427-8639,2006-11-19,2007-11-19
58-750786,58,Caterer's Beer & Wine,ACTIVE,Party Services,Jennifer Jones,6113 Mission Dr,Oxnard,CA,95403,Ventura,(820) 381-1334,2011-08-15,2012-08-15
58-905090,58,Caterer's Beer & Wine,ACTIVE,TheEvent Catering Long Beach Group 38,Daniel Hernandez,505 2nd Ct,Long Beach,CA,95112,Los Angeles,(310) 588-5240,2001-06-03,2002-06-03
58-927178,58,Caterer's Beer & Wine,ACTIVE,Events & Catering Temecula,Daniel Wilson,2702 3rd Way,Temecula,CA,93668,Riverside,(951) 742-1848,2008-12-08,2009-12-08
58-146186,58,Caterer's Beer & Wine,ACTIVE,TheEvent Catering Scotts Valley Hills Group 90,William Hernandez,4992 Franklin Ave,Scotts Valley,CA,91288,Santa Cruz,(831) 888-8999,2019-01-13,2020-01-13
58-628283,58,Caterer's Beer & Wine,ACTIVE,Catering Company Santa Monica Heights Co,William Jones,9134 5th Ct,Santa Monica,CA,91992,Los Angeles,(310) 584-2512,2003-05-04,2004-05-04
58-150606,58,Caterer's Beer & Wine,ACTIVE,Banquets Los Angeles,Kenneth Moore,9559 Madison Ave #596,Santa Monica,CA,92869,Los Angeles,(818) 597-9123,2001-02-12,2002-02-12
58-138355,58,Caterer's Beer & Wine,ACTIVE,TheEvents & Catering 83,Robert Garcia Martin,7891 2nd Dr,Huntington Beach,CA,92084,Orange,(714) 561-6094,2011-06-09,2012-06-09
58-999752,58,Caterer's Beer & Wine,ACTIVE,Catering Company San Francisco Corp,David Thomas Anderson,6306 Ocean Blvd #371,San Francisco,CA,94962,San Francisco,(628) 576-4923,2003-01-06,2004-01-06
58-354316,58,Caterer's Beer & Wine,ACTIVE,Catering Company,Maria Gonzalez,7466 1st St,Escondido,CA,96014,San Diego,(760) 728-7557,2022-11-27,2023-11-27
58-978748,58,Caterer's Beer & Wine,ACTIVE,TheParty Services 29,James Hernandez,6198 Oak St,Chula Vista,CA,95472,San Diego,(760) 791-2726,2003-02-03,2004-02-03
58-308566,58,Caterer's Beer & Wine,ACTIVE,Banquets Newport Beach,Lisa Davis,8219 4th Way,Newport Beach,CA,95286,Orange,(657) 316-4031,2005-03-13,2006-03-13
58-531102,58,Caterer's Beer & Wine,ACTIVE,NewParty Services Los Angeles Company 36,Andrew Gonzalez,5384 Oak Dr,Los Angeles,CA,93950,Los Angeles,(213) 319-1148,2005-08-25,2006-08-25
58-933581,58,Caterer's Beer & Wine,ACTIVE,Event Catering,Anthony Moore Jackson,2547 State Dr #846,Long Beach,CA,93572,Los Angeles,(310) 233-8331,2006-04-26,2007-04-26
58-339004,58,Caterer's Beer & Wine,ACTIVE,OldEvent Catering 38,Steven Davis,2215 7th Pl,Thousand Oaks,CA,93377,Ventura,(820) 989-3340,2014-06-07,2015-06-07
58-171392,58,Caterer's Beer & Wine,ACTIVE,Catering Company Solano LLC 68,Paul Brown,2728 Jefferson Pl,Vacaville,CA,92266,Solano,(707) 286-2161,2023-06-19,2024-06-19
58-411461,58,Caterer's Beer & Wine,ACTIVE,Events & Catering Chula Vista,David Anderson,3099 Front Rd,Chula Vista,CA,90393,San Diego,(619) 282-1699,2014-07-05,2015-07-05
58-563361,58,Caterer's Beer & Wine,ACTIVE,Catering Company Inc,Mark Miller,629 Maple Rd #160,Mountain View,CA,92690,Santa Clara,(408) 609-5518,2001-02-02,2002-02-02
58-208364,58,Caterer's Beer & Wine,ACTIVE,Events & Catering Corp,Paul Gonzalez Anderson,4405 5th Blvd,Roseville,CA,95834,Sacramento,(279) 331-1286,2012-02-09,2013-02-09
58-179659,58,Caterer's Beer & Wine,ACTIVE,Party Services Corp,Maria Brown,4180 6th Rd #368,Burbank,CA,92382,Los Angeles,(213) 674-3324,2002-05-20,2003-05-20
58-809450,58,Caterer's Beer & Wine,ACTIVE,Party Services 16,Andrew Garcia,5945 Market Pl #344,Burbank,CA,91584,Los Angeles,(626) 963-9108,2008-12-25,2009-12-25
58-418564,58,Caterer's Beer & Wine,ACTIVE,NewEvent Catering Santa Monica Group 26,Anthony Brown,4349 Pico Ct #970,Santa Monica,CA,94257,Los Angeles,(213) 863-6830,2001-06-08,2002-06-08
58-853106,58,Caterer's Beer & Wine,ACTIVE,TheCatering Company Huntington Beach 7,Andrew Lopez,2686 3rd St,Huntington Beach,CA,91837,Orange,(657) 616-5806,2002-03-12,2003-03-12
58-335755,58,Caterer's Beer & Wine,ACTIVE,Events & Catering Corp,James Brown,2730 Sunset Ct,Pasadena,CA,93746,Los Angeles,(323) 697-3816,2015-08-06,2016-08-06
58-542223,58,Caterer's Beer & Wine,ACTIVE,Event Catering,Mark Rodriguez,2314 2nd Ave,Newport Beach,CA,91653,Orange,(657) 667-9391,2001-04-25,2002-04-25
58-384106,58,Caterer's Beer & Wine,ACTIVE,OldParty Services Pleasant Hill 31,Steven Garcia Jones,6846 Wilshire Pl,Pleasant Hill,CA,93672,Contra Costa,(510) 232-6105,2006-05-08,2007-05-08
58-192385,58,Caterer's Beer & Wine,ACTIVE,Catering Company Santa Barbara,Daniel Garcia,2228 Pico Blvd,Goleta,CA,90709,Santa Barbara,(820) 281-4287,2011-06-25,2012-06-25
58-216830,58,Caterer's Beer & Wine,ACTIVE,Banquets,Maria Gonzalez,7175 6th Way #527,San Diego,CA,90737,San Diego,(858) 705-4023,2002-08-22,2003-08-22
58-310244,58,Caterer's Beer & Wine,ACTIVE,TheParty Services Corp 93,Christopher Gonzalez,3263 7th Ln,Fresno,CA,92650,Fresno,(559) 645-7146,2020-01-27,2021-01-27
58-705111,58,Caterer's Beer & Wine,ACTIVE,Events & Catering Corp,Andrew Rodriguez,4329 Ocean Ct,Riverside,CA,94260,Riverside,(951) 401-1027,2023-03-09,2024-03-09
58-220389,58,Caterer's Beer & Wine,ACTIVE,Event Catering,Robert Martin,6171 Lincoln Rd #682,Los Angeles,CA,95070,Los Angeles,(818) 393-3969,2020-12-01,2021-12-01
58-370681,58,Caterer's Beer & Wine,ACTIVE,OldParty Services LLC 92,Anthony Hernandez,5007 Lincoln Dr,Temecula,CA,95779,Riverside,(760) 869-2830,2022-06-08,2023-06-08
58-524418,58,Caterer's Beer & Wine,ACTIVE,Events & Catering,Robert Johnson,7037 Front Blvd,Irvine,CA,91725,Orange,(657) 696-4328,2021-11-06,2022-11-06
58-578099,58,Caterer's Beer & Wine,ACTIVE,Catering Company San Francisco Heights,William Taylor,5967 Main Dr,San Francisco,CA,94334,San Francisco,(415) 496-4934,2020-12-11,2021-12-11
58-575796,58,Caterer's Beer & Wine,ACTIVE,Events & Catering Redwood City LLC,Steven Gonzalez,2320 Mission Ct,Redwood City,CA,93854,San Mateo,(415) 904-2631,2008-01-11,2009-01-11
58-682946,58,Caterer's Beer & Wine,ACTIVE,Events & Catering LLC,Kenneth Martin,8482 1st Dr,Goleta,CA,95125,Santa Barbara,(820) 522-1716,2006-08-21,2007-08-21
58-454457,58,Caterer's Beer & Wine,ACTIVE,Events & Catering Orange,Lisa Jones Jackson,7684 3rd Dr,Anaheim,CA,92512,Orange,(714) 537-8371,2009-08-08,2010-08-08
58-377882,58,Caterer's Beer & Wine,ACTIVE,Events & Catering Oakland Heights LLC,John Wilson,4121 2nd St,Oakland,CA,92413,Alameda,(510) 359-7263,2022-05-07,2023-05-07
58-303825,58,Caterer's Beer & Wine,ACTIVE,Party Services Inc,Andrew Martinez Hernandez,6409 Main Ct,Carlsbad,CA,90628,San Diego,(760) 948-8185,2003-08-14,2004-08-14
58-361452,58,Caterer's Beer & Wine,ACTIVE,NewEvents & Catering Tulare 49,Maria Jones,1708 Main Pl,Tulare,CA,92438,Tulare,(559) 749-5844,2024-11-13,2025-11-13
58-953824,58,Caterer's Beer & Wine,ACTIVE,Catering Company,Michelle Thomas Miller,7590 1st Ave,Salinas,CA,95006,Monterey,(831) 201-5826,2014-06-20,2015-06-20
58-148080,58,Caterer's Beer & Wine,ACTIVE,Banquets Los Angeles LLC,Michael Miller Thomas,8345 Madison Ct,Pasadena,CA,95602,Los Angeles,(818) 920-2965,2009-03-21,2010-03-21
58-412149,58,Caterer's Beer & Wine,ACTIVE,Party Services Sonoma,James Smith,4287 State Ln,Petaluma,CA,90748,Sonoma,(707) 399-5705,2008-07-11,2009-07-11
58-905070,58,Caterer's Beer & Wine,ACTIVE,Events & Catering Glendale Hills,Paul Johnson,6824 Franklin Dr,Glendale,CA,91520,Los Angeles,(424) 825-7360,2014-12-04,2015-12-04
58-704430,58,Caterer's Beer & Wine,ACTIVE,Catering Company Ontario Valley LLC,Paul Moore,3817 7th St,Ontario,CA,90163,San Bernardino,(909) 301-1364,2021-11-02,2022-11-02
58-703998,58,Caterer's Beer & Wine,ACTIVE,Catering Company,Kenneth Williams Thomas,851 7th Ct,San Diego,CA,92052,San Diego,(619) 511-3286,2006-09-19,2007-09-19
58-958566,58,Caterer's Beer & Wine,ACTIVE,Events & Catering 72,Lisa Gonzalez,5005 Oak Ln #198,Carlsbad,CA,93879,San Diego,(760) 458-3489,2012-08-03,2013-08-03
58-530842,58,Caterer's Beer & Wine,ACTIVE,Party Services,David Thomas,7661 Market Way,Mountain View,CA,91769,Santa Clara,(408) 692-4848,2013-04-20,2014-04-20
58-347359,58,Caterer's Beer & Wine,ACTIVE,Banquets Los Angeles Group,James Jackson,723 Lincoln Pl #343,Long Beach,CA,90935,Los Angeles,(424) 286-1834,2023-02-12,2024-02-12
58-468135,58,Caterer's Beer & Wine,ACTIVE,OldEvent Catering Goleta 33,Paul Thomas,6081 3rd St,Goleta,CA,94599,Santa Barbara,(820) 686-8179,2020-12-16,2021-12-16
58-698444,58,Caterer's Beer & Wine,ACTIVE,Party Services,Maria Taylor,3527 State Dr,Irvine,CA,91847,Orange,(949) 311-6323,2000-03-27,2001-03-27
58-780011,58,Caterer's Beer & Wine,ACTIVE,NewEvents & Catering Long Beach 99,Maria Jackson,3185 Sunset Ln,Long Beach,CA,90056,Los Angeles,(323) 521-1257,2008-09-08,2009-09-08
58-100467,58,Caterer's Beer & Wine,ACTIVE,Catering Pasadena,Andrew Johnson,9978 2nd Dr #823,Pasadena,CA,93702,Los Angeles,(424) 483-1346,2012-06-22,2013-06-22
58-934642,58,Caterer's Beer & Wine,ACTIVE,Catering Company Newport Beach Hills,Maria Jackson,6423 3rd Rd,Newport Beach,CA,90522,Orange,(714) 508-4318,2024-04-07,2025-04-07
58-811600,58,Caterer's Beer & Wine,ACTIVE,Catering Company Anaheim,Michael Jackson,1354 Jefferson St #912,Anaheim,CA,94170,Orange,(657) 766-9196,2003-03-25,2004-03-25
58-322839,58,Caterer's Beer & Wine,ACTIVE,Events & Catering Santa Clara Group,Daniel Martin,2291 4th Ln,San Jose,CA,91540,Santa Clara,(669) 878-5275,2003-04-16,2004-04-16
58-148196,58,Caterer's Beer & Wine,ACTIVE,Catering Company Los Angeles Inc,Mark Wilson,5332 Market Dr,Burbank,CA,90622,Los Angeles,(323) 230-6832,2000-06-12,2001-06-12
58-889024,58,Caterer's Beer & Wine,ACTIVE,Events & Catering Los Angeles,Lisa Brown Jackson,1370 7th Rd,Los Angeles,CA,95247,Los Angeles,(213) 538-5399,2012-11-25,2013-11-25
58-874132,58,Caterer's Beer & Wine,ACTIVE,TheEvent Catering Burbank Heights LLC 64,Mark Martin,9169 Maple Dr #349,Burbank,CA,93857,Los Angeles,(818) 806-6493,2006-12-03,2007-12-03
58-156332,58,Caterer's Beer & Wine,ACTIVE,Catering Company Los Angeles,Anthony Garcia,4906 Franklin Ave,Santa Monica,CA,93893,Los Angeles,(323) 819-8454,2011-06-03,2012-06-03
58-153287,58,Caterer's Beer & Wine,ACTIVE,OldEvents & Catering 36,Michael Thomas,3659 7th Dr,Oceanside,CA,91109,San Diego,(760) 569-2396,2024-07-17,2025-07-17
58-150947,58,Caterer's Beer & Wine,ACTIVE,Banquets Santa Monica Valley,James Miller,5698 Jefferson Ave #158,Santa Monica,CA,94092,Los Angeles,(323) 590-8677,2017-05-10,2018-05-10
58-480213,58,Caterer's Beer & Wine,ACTIVE,Events & Catering San Luis Obispo Hills LLC,Lisa Martin Williams,2224 Sunset Blvd,San Luis Obispo,CA,90651,San Luis Obispo,(805) 737-6889,2019-01-04,2020-01-04
58-316705,58,Caterer's Beer & Wine,ACTIVE,Event Catering Company,Maria Taylor,8845 Oak Rd,San Diego,CA,95571,San Diego,(619) 947-5120,2011-02-21,2012-02-21
58-641049,58,Caterer's Beer & Wine,ACTIVE,NewCatering Inc 13,Michael Jackson,9844 Broadway Blvd,Burbank,CA,90281,Los Angeles,(818) 380-6717,2019-12-14,2020-12-14
58-387417,58,Caterer's Beer & Wine,ACTIVE,Events & Catering,Lisa Jones Moore,8761 4th Rd,Redwood City,CA,93052,San Mateo,(650) 822-4407,2007-06-15,2008-06-15
58-891675,58,Caterer's Beer & Wine,ACTIVE,NewBanquets Los Angeles Inc 67,Steven Martinez,6512 3rd Blvd,Glendale,CA,93297,Los Angeles,(323) 210-7730,2019-07-13,2020-07-13
58-290234,58,Caterer's Beer & Wine,ACTIVE,OldParty Services Los Angeles 67,Jennifer Jackson,6550 Wilshire Ln,Los Angeles,CA,93529,Los Angeles,(213) 417-1914,2015-12-23,2016-12-23
58-390654,58,Caterer's Beer & Wine,ACTIVE,Banquets Escondido Hills,James Jones,8128 3rd Ct #111,Escondido,CA,94543,San Diego,(619) 726-1965,2024-10-28,2025-10-28
58-405331,58,Caterer's Beer & Wine,ACTIVE,Events & Catering San Diego,Anthony Davis Smith,1981 Hollywood Ct,Carlsbad,CA,92889,San Diego,(858) 864-6549,2021-10-14,2022-10-14
58-242102,58,Caterer's Beer & Wine,ACTIVE,Catering Co,Michelle Rodriguez,3913 Main Ave,Anaheim,CA,92005,Orange,(949) 794-9370,2018-02-02,2019-02-02
58-797043,58,Caterer's Beer & Wine,ACTIVE,TheCatering Co 8,Mark Lopez,8974 Hollywood Way,Fresno,CA,96191,Fresno,(559) 474-1402,2010-10-21,2011-10-21
58-562494,58,Caterer's Beer & Wine,ACTIVE,NewBanquets Santa Monica LLC 18,Maria Rodriguez,3247 Wilshire Blvd #402,Santa Monica,CA,92507,Los Angeles,(424) 249-2449,2019-02-08,2020-02-08
58-754917,58,Caterer's Beer & Wine,ACTIVE,NewParty Services Los Angeles Inc 13,Lisa Anderson,6819 Market Blvd,Burbank,CA,92422,Los Angeles,(424) 594-1196,2020-10-02,2021-10-02
58-804607,58,Caterer's Beer & Wine,ACTIVE,Banquets Riverside,Kenneth Jones,6983 4th Pl #363,Palm Springs,CA,94925,Riverside,(760) 434-8171,2020-10-08,2021-10-08
58-711495,58,Caterer's Beer & Wine,ACTIVE,Banquets,William Hernandez,3903 7th Ave,Ontario,CA,91642,San Bernardino,(909) 871-1218,2024-03-22,2025-03-22
58-464296,58,Caterer's Beer & Wine,ACTIVE,Party Services Newport Beach,Michael Williams,9739 1st Ln,Newport Beach,CA,95229,Orange,(714) 636-7740,2012-09-13,2013-09-13
58-203108,58,Caterer's Beer & Wine,ACTIVE,Event Catering 22,Lisa Smith,4165 Madison Rd,Pasadena,CA,92992,Los Angeles,(661) 917-4507,2011-07-04,2012-07-04
58-700123,58,Caterer's Beer & Wine,ACTIVE,Catering San Diego Company,James Miller Jones,152 Wilshire Dr,San Diego,CA,91569,San Diego,(858) 347-6226,2015-07-25,2016-07-25
58-737165,58,Caterer's Beer & Wine,ACTIVE,Event Catering Sacramento Group,Matthew Williams Martinez,2328 Jefferson Ave,Roseville,CA,94179,Sacramento,(916) 503-3513,2004-12-08,2005-12-08
58-615685,58,Caterer's Beer & Wine,ACTIVE,Events & Catering Irvine,Mark Jackson,6712 4th Pl,Irvine,CA,91184,Orange,(714) 485-9612,2014-04-23,2015-04-23
58-552949,58,Caterer's Beer & Wine,ACTIVE,TheParty Services South San Francisco Corp 44,Paul Johnson,4598 5th Rd,South San Francisco,CA,93289,San Mateo,(415) 680-7693,2019-07-16,2020-07-16
58-207167,58,Caterer's Beer & Wine,ACTIVE,Catering Company Santa Maria Company,Robert Jones,7397 6th Pl #289,Santa Maria,CA,90835,Santa Barbara,(820) 686-1629,2011-04-13,2012-04-13
58-729861,58,Caterer's Beer & Wine,ACTIVE,Party Services Group,David Jackson Moore,1869 6th Way #823,San Jose,CA,91957,Santa Clara,(408) 895-7095,2019-07-14,2020-07-14
58-718052,58,Caterer's Beer & Wine,ACTIVE,Party Services Inc,Steven Taylor Rodriguez,4582 State Ln #905,Watsonville,CA,93093,Santa Cruz,(831) 401-9061,2013-05-25,2014-05-25
58-327605,58,Caterer's Beer & Wine,ACTIVE,Events & Catering Oxnard 10,Andrew Lopez,4896 3rd Ave,Oxnard,CA,92104,Ventura,(805) 867-5420,2010-03-11,2011-03-11
58-754476,58,Caterer's Beer & Wine,ACTIVE,NewCatering Company Los Angeles 16,Andrew Miller,9904 Hollywood Dr #148,Los Angeles,CA,95353,Los Angeles,(661) 720-8497,2022-10-20,2023-10-20
58-280682,58,Caterer's Beer & Wine,ACTIVE,Event Catering Los Angeles Corp,James Martinez,5613 Lincoln Dr #152,Long Beach,CA,90170,Los Angeles,(626) 423-5996,2004-09-13,2005-09-13
58-614992,58,Caterer's Beer & Wine,ACTIVE,Event Catering Hayward Hills Co,William Taylor,6183 Maple Rd,Hayward,CA,94594,Alameda,(510) 383-7884,2023-03-06,2024-03-06
58-517368,58,Caterer's Beer & Wine,ACTIVE,Banquets Victorville Inc,William Hernandez,9091 Mission Ln #602,Victorville,CA,93650,San Bernardino,(760) 420-2789,2019-11-03,2020-11-03
58-115087,58,Caterer's Beer & Wine,ACTIVE,Event Catering Fremont Co,Kenneth Lopez,2474 Front Pl,Fremont,CA,95016,Alameda,(925) 839-2796,2009-02-27,2010-02-27
58-349199,58,Caterer's Beer & Wine,ACTIVE,OldEvent Catering Co 5,Michael Taylor,3690 Washington Ct,Huntington Beach,CA,91324,Orange,(657) 896-2885,2003-02-24,2004-02-24
58-944514,58,Caterer's Beer & Wine,ACTIVE,OldEvents & Catering Anaheim Valley 47,Robert Miller Smith,1937 Maple St,Anaheim,CA,91871,Orange,(949) 289-7796,2014-11-04,2015-11-04
58-624048,58,Caterer's Beer & Wine,ACTIVE,Party Services LLC,Matthew Wilson,8303 Franklin Pl #989,Santa Monica,CA,93272,Los Angeles,(661) 695-6806,2005-10-05,2006-10-05
58-330307,58,Caterer's Beer & Wine,ACTIVE,OldParty Services 52,Maria Lopez Hernandez,360 Oak Pl,Corona,CA,93733,Riverside,(951) 505-8801,2020-01-15,2021-01-15
58-169584,58,Caterer's Beer & Wine,ACTIVE,Party Services San Diego Hills Co,Kenneth Anderson Wilson,126 3rd Pl,San Diego,CA,92054,San Diego,(760) 567-8188,2024-08-12,2025-08-12
58-896185,58,Caterer's Beer & Wine,ACTIVE,Catering Santa Clara,David Jones,6085 3rd Dr,Santa Clara,CA,95966,Santa Clara,(408) 327-8452,2020-05-28,2021-05-28
58-528441,58,Caterer's Beer & Wine,ACTIVE,Catering San Francisco,James Taylor Thomas,3541 1st St,San Francisco,CA,90216,San Francisco,(628) 429-2207,2024-05-24,2025-05-24
58-430655,58,Caterer's Beer & Wine,ACTIVE,Catering Company Corp,Steven Rodriguez,754 Jefferson Ct,Burbank,CA,94552,Los Angeles,(424) 858-5649,2005-03-21,2006-03-21
58-744581,58,Caterer's Beer & Wine,ACTIVE,NewCatering Company Corp 49,Maria Anderson,1070 Ocean Ave,Glendale,CA,92510,Los Angeles,(213) 426-2297,2016-10-07,2017-10-07
58-840032,58,Caterer's Beer & Wine,ACTIVE,Catering Livermore,Mark Garcia Hernandez,1292 Hollywood Dr #455,Livermore,CA,91194,Alameda,(510) 449-4679,2011-11-04,2012-11-04
58-764986,58,Caterer's Beer & Wine,ACTIVE,Banquets Los Angeles,Matthew Williams,1760 2nd Way,Los Angeles,CA,91910,Los Angeles,(310) 679-4425,2023-10-22,2024-10-22
58-304911,58,Caterer's Beer & Wine,ACTIVE,Banquets 83,Kenneth Taylor,4903 Mission St,Palm Springs,CA,95853,Riverside,(951) 652-5454,2014-04-21,2015-04-21
58-374398,58,Caterer's Beer & Wine,ACTIVE,Event Catering Pasadena Corp,Mark Miller,8457 Franklin Rd,Pasadena,CA,95244,Los Angeles,(661) 914-7496,2016-06-21,2017-06-21
58-122984,58,Caterer's Beer & Wine,ACTIVE,Party Services Corp,Maria Martin,4881 Oak Ave,Daly City,CA,95354,San Mateo,(650) 469-5606,2007-04-06,2008-04-06
58-350351,58,Caterer's Beer & Wine,ACTIVE,Catering Fresno,Michael Gonzalez Anderson,7285 5th Blvd,Fresno,CA,93394,Fresno,(559) 241-8453,2008-08-23,2009-08-23
58-744052,58,Caterer's Beer & Wine,ACTIVE,Event Catering Inc,Mark Rodriguez Jones,4945 7th Dr,Elk Grove,CA,90394,Sacramento,(916) 236-4038,2022-01-17,2023-01-17
58-962806,58,Caterer's Beer & Wine,ACTIVE,Catering Inc,Mark Davis,6140 5th Dr #401,Glendale,CA,91483,Los Angeles,(323) 697-9194,2012-05-26,2013-05-26
58-531303,58,Caterer's Beer & Wine,ACTIVE,Banquets Glendale Hills,Maria Smith,7176 Franklin Dr #228,Glendale,CA,95504,Los Angeles,(424) 356-3754,2019-02-23,2020-02-23
58-549770,58,Caterer's Beer & Wine,ACTIVE,OldBanquets 37,Lisa Taylor Gonzalez,5710 5th Rd,Santa Monica,CA,91592,Los Angeles,(424) 466-8904,2008-02-19,2009-02-19
58-235558,58,Caterer's Beer & Wine,ACTIVE,Party Services LLC,Maria Smith,7576 Broadway Pl,Long Beach,CA,91591,Los Angeles,(310) 914-6625,2022-01-25,2023-01-25
58-327473,58,Caterer's Beer & Wine,ACTIVE,Party Services Walnut Creek Hills Company,Michelle Lopez,4537 Main Rd #409,Walnut Creek,CA,94197,Contra Costa,(510) 461-9843,2012-01-01,2013-01-01
58-138368,58,Caterer's Beer & Wine,ACTIVE,Catering Pasadena Company,David Jones Jones,3407 2nd Rd,Pasadena,CA,90921,Los Angeles,(818) 971-3685,2013-01-18,2014-01-18
58-540349,58,Caterer's Beer & Wine,ACTIVE,Catering Los Angeles Inc,Anthony Williams Martinez,2300 7th Way #193,Long Beach,CA,93886,Los Angeles,(213) 527-7209,2002-03-22,2003-03-22
58-505677,58,Caterer's Beer & Wine,ACTIVE,Catering Company,William Johnson,7182 Mission Rd #613,Ventura,CA,95061,Ventura,(820) 384-8597,2017-04-22,2018-04-22
58-597993,58,Caterer's Beer & Wine,ACTIVE,Events & Catering,Anthony Moore,5356 Maple Way,Roseville,CA,93462,Sacramento,(916) 387-4038,2008-03-05,2009-03-05
58-783499,58,Caterer's Beer & Wine,ACTIVE,Events & Catering San Jose Valley Company,Paul Thomas,1772 State Ln,San Jose,CA,94963,Santa Clara,(669) 402-7223,2000-05-04,2001-05-04
58-495385,58,Caterer's Beer & Wine,ACTIVE,TheCatering Company LLC 30,Matthew Gonzalez,4639 Hollywood St,Escondido,CA,93615,San Diego,(760) 202-8219,2000-02-03,2001-02-03
58-618366,58,Caterer's Beer & Wine,ACTIVE,Party Services Corp,William Martinez,773 Maple Ln #634,Pasadena,CA,95897,Los Angeles,(213) 565-3207,2015-07-06,2016-07-06
58-883869,58,Caterer's Beer & Wine,ACTIVE,Party Services,John Davis Lopez,4694 Broadway Blvd,Concord,CA,92854,Contra Costa,(925) 814-8076,2006-06-11,2007-06-11
58-177787,58,Caterer's Beer & Wine,ACTIVE,Catering Company Inc,Lisa Gonzalez,8816 1st Blvd #606,Roseville,CA,93701,Sacramento,(279) 809-8013,2005-11-17,2006-11-17
58-213838,58,Caterer's Beer & Wine,ACTIVE,Party Services,Kenneth Williams,2139 Mission Pl #756,Livermore,CA,90367,Alameda,(510) 769-9194,2019-12-27,2020-12-27
58-135739,58,Caterer's Beer & Wine,ACTIVE,Catering,Paul Anderson,5571 Franklin Ln,San Jose,CA,90951,Santa Clara,(408) 653-2641,2001-09-03,2002-09-03
58-163711,58,Caterer's Beer & Wine,ACTIVE,Event Catering,William Smith,4976 6th Ln,San Mateo,CA,93062,San Mateo,(650) 255-3476,2023-09-19,2024-09-19
58-900496,58,Caterer's Beer & Wine,ACTIVE,Banquets,Michael Williams,1492 Broadway Way,Glendale,CA,90643,Los Angeles,(424) 212-7278,2021-04-06,2022-04-06
58-960409,58,Caterer's Beer & Wine,ACTIVE,Events & Catering Santa Monica Heights,Christopher Wilson,9511 Oak Ln #166,Santa Monica,CA,91932,Los Angeles,(661) 385-5904,2019-02-15,2020-02-15
58-533989,58,Caterer's Beer & Wine,ACTIVE,Party Services Company,Anthony Anderson,4382 7th Ave,Chula Vista,CA,92173,San Diego,(619) 980-4573,2013-07-28,2014-07-28
58-337331,58,Caterer's Beer & Wine,ACTIVE,TheCatering Company Glendale Hills 26,David Davis Miller,3076 Ocean Rd,Glendale,CA,91430,Los Angeles,(661) 699-8356,2016-02-20,2017-02-20
58-930982,58,Caterer's Beer & Wine,ACTIVE,OldCatering Company 78,Kenneth Moore,9029 1st Ln #200,Mill Valley,CA,92506,Marin,(415) 735-2868,2010-07-19,2011-07-19
58-324482,58,Caterer's Beer & Wine,ACTIVE,Events & Catering 33,Kenneth Lopez,3588 Jefferson Ave #613,Rancho Cucamonga,CA,90396,San Bernardino,(909) 972-9753,2005-08-08,2006-08-08
58-508812,58,Caterer's Beer & Wine,ACTIVE,Catering Company Corp,Matthew Miller,760 Mission Blvd,San Jose,CA,91860,Santa Clara,(669) 592-1623,2018-09-27,2019-09-27
58-151123,58,Caterer's Beer & Wine,ACTIVE,Party Services Santa Clara Co,Anthony Johnson,904 Mission Ave,San Jose,CA,95750,Santa Clara,(408) 416-6721,2017-10-05,2018-10-05
58-626907,58,Caterer's Beer & Wine,ACTIVE,Catering Company Santa Maria Hills Inc,Maria Smith,2510 Main Rd,Santa Maria,CA,90874,Santa Barbara,(805) 486-8023,2015-12-21,2016-12-21
58-819330,58,Caterer's Beer & Wine,ACTIVE,Event Catering LLC 40,Andrew Johnson,8185 Washington Ave,Pasadena,CA,90858,Los Angeles,(626) 940-5833,2015-01-26,2016-01-26
58-442922,58,Caterer's Beer & Wine,ACTIVE,Catering Company San Diego Co,Michael Williams,7214 1st Ln,Escondido,CA,94565,San Diego,(858) 386-2606,2023-11-12,2024-11-12
58-223423,58,Caterer's Beer & Wine,ACTIVE,Catering Company 56,Maria Rodriguez,7698 Market Ave,Glendale,CA,90273,Los Angeles,(818) 463-1521,2000-03-17,2001-03-17
58-262716,58,Caterer's Beer & Wine,ACTIVE,OldCatering Company 82,Kenneth Martinez,7896 Washington Pl #461,Oakland,CA,94987,Alameda,(925) 214-9558,2013-01-27,2014-01-27
58-478210,58,Caterer's Beer & Wine,ACTIVE,Events & Catering Corp,Lisa Martinez Gonzalez,1962 Lincoln Dr,Irvine,CA,91600,Orange,(714) 888-7793,2024-08-23,2025-08-23
58-741416,58,Caterer's Beer & Wine,ACTIVE,Catering Company,Andrew Anderson,6511 5th Dr,Bakersfield,CA,91781,Kern,(805) 579-6062,2000-01-22,2001-01-22
58-160905,58,Caterer's Beer & Wine,ACTIVE,Catering Petaluma,Kenneth Jones,7051 Pico Ave #402,Petaluma,CA,95007,Sonoma,(707) 688-6026,2012-05-08,2013-05-08
58-818116,58,Caterer's Beer & Wine,ACTIVE,Party Services Los Angeles,John Brown Williams,3550 Front Ave #487,Glendale,CA,94855,Los Angeles,(323) 606-2649,2017-06-15,2018-06-15
58-820540,58,Caterer's Beer & Wine,ACTIVE,Catering Irvine,Paul Taylor Gonzalez,3776 Wilshire Ct,Irvine,CA,91799,Orange,(949) 631-6639,2013-10-07,2014-10-07
58-526382,58,Caterer's Beer & Wine,ACTIVE,Events & Catering Salinas Inc,Jennifer Garcia,1311 Madison Ct,Salinas,CA,90588,Monterey,(831) 532-8859,2023-07-17,2024-07-17
58-831535,58,Caterer's Beer & Wine,ACTIVE,TheParty Services Company 45,Paul Brown,7407 Mission Ct,Riverside,CA,95743,Riverside,(951) 772-7215,2012-09-12,2013-09-12
58-794725,58,Caterer's Beer & Wine,ACTIVE,Party Services Company 74,Daniel Moore,4519 Main Rd,Burbank,CA,92302,Los Angeles,(818) 416-1036,2014-02-17,2015-02-17
58-906189,58,Caterer's Beer & Wine,ACTIVE,Banquets Roseville Company,Mark Miller,5228 Washington Blvd #296,Roseville,CA,96176,Placer,(916) 231-8271,2006-11-04,2007-11-04
58-708018,58,Caterer's Beer & Wine,ACTIVE,Party Services Co 50,William Hernandez,9755 Washington St,Anaheim,CA,94238,Orange,(949) 544-2631,2001-03-19,2002-03-19
58-150148,58,Caterer's Beer & Wine,ACTIVE,Banquets,James Davis,3640 3rd Way,Oceanside,CA,91915,San Diego,(858) 258-1320,2018-10-09,2019-10-09
58-627757,58,Caterer's Beer & Wine,ACTIVE,Events & Catering Company,Maria Lopez,5260 Ocean Way,San Jose,CA,94936,Santa Clara,(669) 444-1982,2005-10-23,2006-10-23
58-963522,58,Caterer's Beer & Wine,ACTIVE,TheCatering Company Sacramento 2,Robert Williams,1778 7th Ln,Sacramento,CA,90885,Sacramento,(916) 577-2903,2016-05-07,2017-05-07
58-277121,58,Caterer's Beer & Wine,ACTIVE,Event Catering Santa Clara,Jennifer Thomas,1728 1st Blvd,Palo Alto,CA,94334,Santa Clara,(408) 591-1263,2001-07-10,2002-07-10
58-298363,58,Caterer's Beer & Wine,ACTIVE,Event Catering Pleasant Hill Company,James Gonzalez Moore,9599 4th St,Pleasant Hill,CA,91028,Contra Costa,(510) 892-3875,2015-12-11,2016-12-11
58-577729,58,Caterer's Beer & Wine,ACTIVE,Banquets,Maria Jackson,4015 3rd Pl,Sonoma,CA,91589,Sonoma,(707) 226-2565,2001-07-15,2002-07-15
58-943559,58,Caterer's Beer & Wine,ACTIVE,Events & Catering Oceanside Valley Co,John Gonzalez,9495 Madison Dr,Oceanside,CA,90078,San Diego,(760) 546-3250,2022-10-21,2023-10-21
58-452206,58,Caterer's Beer & Wine,ACTIVE,Banquets Los Angeles Co,Matthew Rodriguez,3090 Pico Pl #731,Long Beach,CA,91293,Los Angeles,(213) 362-9869,2015-05-13,2016-05-13
58-263692,58,Caterer's Beer & Wine,ACTIVE,Catering Group,Steven Anderson,7956 Broadway Blvd #329,Santa Monica,CA,93918,Los Angeles,(661) 819-3409,2001-11-18,2002-11-18
58-718314,58,Caterer's Beer & Wine,ACTIVE,Catering Elk Grove Company,Jennifer Martinez,9733 Pico Blvd,Elk Grove,CA,90868,Sacramento,(279) 956-6355,2009-08-21,2010-08-21
58-728990,58,Caterer's Beer & Wine,ACTIVE,Events & Catering Orange,David Gonzalez,760 Wilshire Way,Newport Beach,CA,93887,Orange,(714) 314-7542,2001-09-10,2002-09-10
58-889206,58,Caterer's Beer & Wine,ACTIVE,Catering Los Angeles Valley Co,David Martin Miller,9626 Madison Ave,Los Angeles,CA,96107,Los Angeles,(626) 685-1599,2009-12-18,2010-12-18
58-321681,58,Caterer's Beer & Wine,ACTIVE,Events & Catering Inc,Maria Rodriguez,9050 4th Blvd,Irvine,CA,95601,Orange,(657) 426-5196,2013-07-26,2014-07-26
58-668711,58,Caterer's Beer & Wine,ACTIVE,Party Services Corp,Daniel Martinez Jackson,2048 7th Pl,Walnut Creek,CA,95400,Contra Costa,(925) 328-1165,2016-07-23,2017-07-23
58-978559,58,Caterer's Beer & Wine,ACTIVE,TheBanquets Sunnyvale 91,Kenneth Martinez,1345 Market Way #207,Sunnyvale,CA,94948,Santa Clara,(408) 584-1221,2017-12-04,2018-12-04
58-998404,58,Caterer's Beer & Wine,ACTIVE,NewCatering Los Angeles LLC 14,Matthew Thomas,8653 Pico Ln,Santa Monica,CA,93017,Los Angeles,(213) 293-7203,2012-08-02,2013-08-02
58-818143,58,Caterer's Beer & Wine,ACTIVE,Event Catering Company,Maria Garcia,5927 5th Blvd,Pasadena,CA,91610,Los Angeles,(818) 366-2764,2016-05-14,2017-05-14
58-385082,58,Caterer's Beer & Wine,ACTIVE,TheCatering Company LLC 35,David Davis,3172 7th Ln #732,Chula Vista,CA,92952,San Diego,(858) 223-2019,2003-10-23,2004-10-23
58-140647,58,Caterer's Beer & Wine,ACTIVE,Events & Catering Co,Maria Moore,3415 Wilshire St,Glendale,CA,92511,Los Angeles,(626) 598-6179,2015-10-08,2016-10-08
58-934172,58,Caterer's Beer & Wine,ACTIVE,Banquets,David Brown,8673 Broadway Pl #167,Glendale,CA,90974,Los Angeles,(424) 675-6641,2019-12-19,2020-12-19
58-847709,58,Caterer's Beer & Wine,ACTIVE,Banquets Company,Michael Miller Martin,5094 Main Way,Oceanside,CA,92405,San Diego,(858) 823-8470,2011-10-18,2012-10-18
58-570738,58,Caterer's Beer & Wine,ACTIVE,Event Catering Roseville Corp,Jennifer Martinez,8414 Mission Ct #948,Roseville,CA,92054,Sacramento,(916) 788-9446,2017-03-09,2018-03-09
58-197117,58,Caterer's Beer & Wine,ACTIVE,Catering LLC,Christopher Martinez,5205 Pico Ln #886,Sunnyvale,CA,90099,Santa Clara,(669) 333-2127,2003-01-27,2004-01-27
58-224365,58,Caterer's Beer & Wine,ACTIVE,Catering San Francisco Valley 53,Robert Jones,4994 7th Ave #338,San Francisco,CA,92906,San Francisco,(628) 292-7923,2002-08-03,2003-08-03
58-447348,58,Caterer's Beer & Wine,ACTIVE,Party Services Santa Monica Inc,Robert Taylor,1608 Oak Blvd,Santa Monica,CA,92142,Los Angeles,(661) 268-7431,2023-01-10,2024-01-10
58-946314,58,Caterer's Beer & Wine,ACTIVE,Event Catering,Kenneth Taylor,8258 Franklin Ave,Palm Springs,CA,95653,Riverside,(760) 419-4870,2007-08-11,2008-08-11
58-970604,58,Caterer's Beer & Wine,ACTIVE,Event Catering Tulare Hills,Lisa Miller,6497 Madison Dr,Tulare,CA,93160,Tulare,(559) 668-5008,2024-02-11,2025-02-11
58-205883,58,Caterer's Beer & Wine,ACTIVE,Catering,Paul Hernandez,2057 Mission Dr #505,Pasadena,CA,95773,Los Angeles,(213) 438-7034,2022-08-14,2023-08-14
58-753780,58,Caterer's Beer & Wine,ACTIVE,Event Catering Los Angeles Co,David Anderson,3823 6th Dr,Burbank,CA,91821,Los Angeles,(818) 264-3264,2012-03-18,2013-03-18
58-299131,58,Caterer's Beer & Wine,ACTIVE,Event Catering Glendale Co,Maria Hernandez,2886 Wilshire Dr,Glendale,CA,91514,Los Angeles,(661) 348-3309,2005-04-19,2006-04-19
58-941100,58,Caterer's Beer & Wine,ACTIVE,Banquets San Diego,James Davis,5088 State Blvd,San Diego,CA,95176,San Diego,(858) 258-2808,2014-12-12,2015-12-12
58-123953,58,Caterer's Beer & Wine,ACTIVE,Party Services San Bernardino,Christopher Davis,148 5th Ave,Victorville,CA,91184,San Bernardino,(909) 755-3723,2001-08-03,2002-08-03
58-988309,58,Caterer's Beer & Wine,ACTIVE,OldCatering Company Burbank Hills Group 77,Maria Martinez Brown,499 State Rd,Burbank,CA,93083,Los Angeles,(424) 248-6081,2023-09-04,2024-09-04
58-621343,58,Caterer's Beer & Wine,ACTIVE,Catering Sonoma,Maria Moore Rodriguez,6391 Maple Ln,Sonoma,CA,91628,Sonoma,(707) 693-5646,2000-07-03,2001-07-03
58-999975,58,Caterer's Beer & Wine,ACTIVE,Party Services,William Jones,9807 3rd Way,Newport Beach,CA,90095,Orange,(714) 548-6455,2017-08-12,2018-08-12
58-146281,58,Caterer's Beer & Wine,ACTIVE,TheBanquets Co 4,Matthew Johnson,9280 1st Ave,Palm Springs,CA,92796,Riverside,(951) 843-1971,2013-12-03,2014-12-03
58-381869,58,Caterer's Beer & Wine,ACTIVE,Event Catering,Christopher Moore,8686 Mission Pl,Clovis,CA,95446,Fresno,(559) 406-6733,2020-05-25,2021-05-25
58-748671,58,Caterer's Beer & Wine,ACTIVE,OldCatering Inc 61,James Moore,9749 Pico Way,Roseville,CA,95294,Sacramento,(279) 207-3470,2001-06-08,2002-06-08
58-960219,58,Caterer's Beer & Wine,ACTIVE,Catering Modesto Co,Steven Jones,7848 7th Ave,Modesto,CA,94886,Stanislaus,(209) 853-5438,2007-03-22,2008-03-22
58-144676,58,Caterer's Beer & Wine,ACTIVE,Catering Company,Michael Martin,4959 Lincoln Dr,Oceanside,CA,91474,San Diego,(760) 737-5270,2016-10-25,2017-10-25
58-788492,58,Caterer's Beer & Wine,ACTIVE,Event Catering 54,Steven Hernandez,638 2nd Ct,Santa Monica,CA,93428,Los Angeles,(661) 407-5143,2010-03-28,2011-03-28
58-222480,58,Caterer's Beer & Wine,ACTIVE,Events & Catering Livermore Group,Anthony Taylor,8229 Oak Ave,Livermore,CA,91523,Alameda,(510) 811-5272,2023-08-05,2024-08-05
58-690675,58,Caterer's Beer & Wine,ACTIVE,NewCatering Riverside Co 36,Maria Moore,5767 Wilshire Way #213,Riverside,CA,90139,Riverside,(760) 889-4213,2001-08-25,2002-08-25
58-889438,58,Caterer's Beer & Wine,ACTIVE,Catering Company 49,Matthew Garcia,3888 Broadway Dr #275,Clovis,CA,91330,Fresno,(559) 383-7298,2023-11-25,2024-11-25
58-553877,58,Caterer's Beer & Wine,ACTIVE,Events & Catering Corp,James Rodriguez,8441 Jefferson Blvd #525,Long Beach,CA,90702,Los Angeles,(424) 854-9022,2013-10-16,2014-10-16
58-340453,58,Caterer's Beer & Wine,ACTIVE,Catering Glendale Group,Maria Hernandez,3568 Jefferson Ln,Glendale,CA,90962,Los Angeles,(818) 737-5121,2006-08-24,2007-08-24
58-248489,58,Caterer's Beer & Wine,ACTIVE,TheEvents & Catering Mill Valley 75,James Davis,8223 1st Ave,Mill Valley,CA,95553,Marin,(628) 878-3302,2011-04-23,2012-04-23
58-402503,58,Caterer's Beer & Wine,ACTIVE,TheParty Services 44,James Jones Jones,2458 Madison St,Newport Beach,CA,92729,Orange,(949) 707-4281,2000-04-10,2001-04-10
58-138454,58,Caterer's Beer & Wine,ACTIVE,Banquets,Michael Gonzalez,4271 Maple Blvd,Long Beach,CA,95765,Los Angeles,(323) 740-1247,2021-05-03,2022-05-03
58-878738,58,Caterer's Beer & Wine,ACTIVE,Event Catering Oceanside Hills,Daniel Johnson,7239 Lincoln St,Oceanside,CA,95490,San Diego,(858) 933-7874,2020-03-14,2021-03-14
58-769517,58,Caterer's Beer & Wine,ACTIVE,Event Catering Group,James Anderson,4870 7th Rd,San Diego,CA,92580,San Diego,(858) 229-3914,2021-07-24,2022-07-24
58-794871,58,Caterer's Beer & Wine,ACTIVE,NewEvents & Catering Inc 82,Anthony Thomas Davis,8962 Pico Dr,Rocklin,CA,96000,Placer,(916) 948-6666,2020-01-21,2021-01-21
58-244703,58,Caterer's Beer & Wine,ACTIVE,Events & Catering Vallejo,Robert Thomas,4752 3rd St,Vallejo,CA,93555,Solano,(707) 433-1374,2004-10-14,2005-10-14
58-205938,58,Caterer's Beer & Wine,ACTIVE,Events & Catering Marin Company,William Johnson Thomas,4964 Sunset St #776,San Rafael,CA,95936,Marin,(628) 482-1887,2011-05-27,2012-05-27
58-202638,58,Caterer's Beer & Wine,ACTIVE,Events & Catering Group,Michelle Gonzalez Jackson,8151 Maple Pl,Burbank,CA,90624,Los Angeles,(818) 533-2912,2011-11-28,2012-11-28
58-817227,58,Caterer's Beer & Wine,ACTIVE,Party Services Corp,William Martinez,3717 Washington Pl,Rancho Cucamonga,CA,90986,San Bernardino,(760) 526-9392,2005-12-19,2006-12-19
58-533259,58,Caterer's Beer & Wine,ACTIVE,NewEvents & Catering Vallejo Group 37,John Miller Thomas,6789 State Ave #748,Vallejo,CA,93828,Solano,(707) 761-4785,2004-06-22,2005-06-22
58-854187,58,Caterer's Beer & Wine,ACTIVE,NewEvent Catering Co 43,Maria Thomas Gonzalez,721 3rd Ln,Sunnyvale,CA,94696,Santa Clara,(408) 893-5352,2003-10-05,2004-10-05
58-484007,58,Caterer's Beer & Wine,ACTIVE,Catering Group,Anthony Martin,2422 3rd Ave #830,Pasadena,CA,92589,Los Angeles,(213) 408-1639,2022-09-16,2023-09-16
58-953198,58,Caterer's Beer & Wine,ACTIVE,Catering Company Vacaville Valley LLC 65,Matthew Garcia Wilson,2652 State Ct,Vacaville,CA,94178,Solano,(707) 572-5524,2016-01-01,2017-01-01
58-892845,58,Caterer's Beer & Wine,ACTIVE,OldEvent Catering Los Angeles 61,Maria Lopez,1859 7th Ln,Long Beach,CA,94614,Los Angeles,(310) 258-2939,2000-09-15,2001-09-15
58-808657,58,Caterer's Beer & Wine,ACTIVE,Catering Santa Monica Co,John Thomas,7870 Oak Ave,Santa Monica,CA,92952,Los Angeles,(818) 885-2275,2008-01-07,2009-01-07
58-505382,58,Caterer's Beer & Wine,ACTIVE,Banquets San Mateo 20,Maria Jackson,1877 Mission Pl #109,Redwood City,CA,92091,San Mateo,(415) 367-6341,2016-08-17,2017-08-17
58-845232,58,Caterer's Beer & Wine,ACTIVE,Catering Company Daly City Inc,William Lopez,1798 Hollywood Rd #999,Daly City,CA,94328,San Mateo,(415) 921-5608,2013-01-02,2014-01-02
58-565792,58,Caterer's Beer & Wine,ACTIVE,Catering Citrus Heights,James Jackson,6404 Maple Dr,Citrus Heights,CA,94610,Sacramento,(279) 460-4684,2018-12-27,2019-12-27
58-770898,58,Caterer's Beer & Wine,ACTIVE,Events & Catering Long Beach Company,Steven Garcia,1509 7th Ct #698,Long Beach,CA,91229,Los Angeles,(310) 429-4409,2019-05-14,2020-05-14
58-102059,58,Caterer's Beer & Wine,ACTIVE,Party Services Hayward Valley Co,David Miller Martinez,3291 Pico Blvd #854,Hayward,CA,91768,Alameda,(925) 601-5224,2012-04-18,2013-04-18
58-701769,58,Caterer's Beer & Wine,ACTIVE,NewCatering Company Co 51,John Rodriguez,179 Front Way,Carlsbad,CA,93458,San Diego,(760) 307-6617,2002-05-06,2003-05-06
58-202089,58,Caterer's Beer & Wine,ACTIVE,Catering Company San Rafael Hills Group,Matthew Hernandez Gonzalez,7713 5th Ct,San Rafael,CA,93750,Marin,(415) 899-7540,2012-11-10,2013-11-10
58-871823,58,Caterer's Beer & Wine,ACTIVE,Catering Novato Hills Co,Anthony Jones,2323 6th Pl,Novato,CA,95916,Marin,(415) 967-6734,2016-12-28,2017-12-28
58-494927,58,Caterer's Beer & Wine,ACTIVE,Event Catering,Michael Miller,2687 Franklin Ave,Pasadena,CA,93346,Los Angeles,(424) 966-8372,2004-07-11,2005-07-11
58-887937,58,Caterer's Beer & Wine,ACTIVE,OldEvents & Catering 47,Michael Johnson,8826 Ocean Dr,Palo Alto,CA,90595,Santa Clara,(669) 608-7445,2021-04-01,2022-04-01
58-751642,58,Caterer's Beer & Wine,ACTIVE,Catering Elk Grove Heights Group,William Smith,4055 Franklin Ct #829,Elk Grove,CA,91250,Sacramento,(916) 902-8817,2017-05-20,2018-05-20
58-713688,58,Caterer's Beer & Wine,ACTIVE,Banquets 54,John Miller Rodriguez,2979 Sunset Rd #649,Burbank,CA,94307,Los Angeles,(424) 548-3236,2016-04-02,2017-04-02
58-188466,58,Caterer's Beer & Wine,ACTIVE,Banquets Los Angeles 93,James Moore,1811 Jefferson Blvd,Burbank,CA,95641,Los Angeles,(818) 718-8059,2008-01-03,2009-01-03
58-690763,58,Caterer's Beer & Wine,ACTIVE,Events & Catering Company,David Jones,5822 Washington Rd,Los Angeles,CA,95565,Los Angeles,(818) 630-4040,2014-08-23,2015-08-23
58-379235,58,Caterer's Beer & Wine,ACTIVE,Catering San Luis Obispo Corp,William Rodriguez,5341 Lincoln Ct,San Luis Obispo,CA,93916,San Luis Obispo,(805) 531-2784,2020-08-08,2021-08-08
58-545163,58,Caterer's Beer & Wine,ACTIVE,OldBanquets 73,Maria Jones,629 Wilshire St,Palo Alto,CA,94484,Santa Clara,(669) 455-9520,2015-12-27,2016-12-27
58-158282,58,Caterer's Beer & Wine,ACTIVE,Banquets Co,Lisa Johnson,8733 Oak Dr,Fairfield,CA,90112,Solano,(707) 639-5081,2019-03-05,2020-03-05
58-375878,58,Caterer's Beer & Wine,ACTIVE,Events & Catering Los Angeles Group,Anthony Miller Martinez,5515 Pico Way #606,Santa Monica,CA,93814,Los Angeles,(213) 827-7459,2006-08-04,2007-08-04
58-155408,58,Caterer's Beer & Wine,ACTIVE,TheParty Services Corp 8,Michelle Jones Anderson,7017 Lincoln St,Pasadena,CA,90783,Los Angeles,(626) 931-9822,2007-07-10,2008-07-10
58-464197,58,Caterer's Beer & Wine,ACTIVE,Event Catering,Michelle Jackson,5771 State Dr,Los Angeles,CA,93702,Los Angeles,(661) 620-8863,2016-07-28,2017-07-28
58-318423,58,Caterer's Beer & Wine,ACTIVE,TheEvent Catering Group 79,Matthew Rodriguez Martin,7735 Lincoln St,San Diego,CA,95941,San Diego,(619) 710-6149,2004-02-16,2005-02-16
58-210385,58,Caterer's Beer & Wine,ACTIVE,Events & Catering Co,Robert Davis,9905 5th Blvd,Long Beach,CA,90360,Los Angeles,(424) 810-6916,2002-10-15,2003-10-15
58-561139,58,Caterer's Beer & Wine,ACTIVE,NewCatering Company LLC 68,Jennifer Davis,7392 Ocean Ct #587,Newport Beach,CA,94576,Orange,(949) 213-2288,2020-08-12,2021-08-12
58-935495,58,Caterer's Beer & Wine,ACTIVE,Catering Los Angeles Inc,Lisa Thomas Moore,7850 3rd Ln,Los Angeles,CA,92794,Los Angeles,(323) 458-7829,2001-12-28,2002-12-28
58-825810,58,Caterer's Beer & Wine,ACTIVE,Catering Oxnard Heights,Paul Jones Williams,711 1st Ave #178,Oxnard,CA,95668,Ventura,(820) 846-9137,2000-05-11,2001-05-11
58-937883,58,Caterer's Beer & Wine,ACTIVE,Catering Petaluma Hills,James Lopez,7609 Ocean Way #118,Petaluma,CA,90373,Sonoma,(707) 745-9233,2009-10-23,2010-10-23
58-873399,58,Caterer's Beer & Wine,ACTIVE,OldParty Services Contra Costa Group 61,Paul Moore Martinez,6290 State Rd #419,Richmond,CA,90761,Contra Costa,(925) 356-6017,2021-09-26,2022-09-26
58-209834,58,Caterer's Beer & Wine,ACTIVE,TheCatering Company Pasadena 6,Robert Rodriguez Jones,7983 1st Pl,Pasadena,CA,93882,Los Angeles,(424) 978-4668,2004-11-27,2005-11-27
58-870498,58,Caterer's Beer & Wine,ACTIVE,OldEvent Catering 80,Steven Moore,5724 Lincoln St #229,Los Angeles,CA,93858,Los Angeles,(310) 862-1973,2024-11-03,2025-11-03
58-426997,58,Caterer's Beer & Wine,ACTIVE,Catering,John Taylor,1001 Market Pl #237,Glendale,CA,91483,Los Angeles,(424) 320-8698,2010-07-18,2011-07-18
58-661707,58,Caterer's Beer & Wine,ACTIVE,Banquets Solano,Kenneth Johnson,1631 Main Way,Vallejo,CA,90386,Solano,(707) 556-6805,2014-05-19,2015-05-19
58-399409,58,Caterer's Beer & Wine,ACTIVE,TheEvent Catering 23,Maria Hernandez,3933 Franklin Pl,Delano,CA,93257,Kern,(805) 730-9172,2009-10-11,2010-10-11
58-610947,58,Caterer's Beer & Wine,ACTIVE,Event Catering Vallejo Valley,Kenneth Johnson,7010 Front Dr,Vallejo,CA,91754,Solano,(707) 895-7859,2013-07-04,2014-07-04
58-495032,58,Caterer's Beer & Wine,ACTIVE,Party Services Inc,James Williams,440 State Rd,Los Angeles,CA,94607,Los Angeles,(310) 463-5067,2003-11-10,2004-11-10
58-897528,58,Caterer's Beer & Wine,ACTIVE,Catering Company,Steven Thomas Lopez,9957 6th Ln,Los Angeles,CA,93365,Los Angeles,(626) 467-1993,2024-09-21,2025-09-21
58-640371,58,Caterer's Beer & Wine,ACTIVE,Banquets,William Garcia,5503 Madison Pl,Anaheim,CA,95743,Orange,(657) 359-9915,2017-01-27,2018-01-27
58-506654,58,Caterer's Beer & Wine,ACTIVE,OldCatering Company Co 32,James Martinez Miller,1698 Hollywood Ln,Livermore,CA,91094,Alameda,(510) 553-1250,2006-03-18,2007-03-18
58-256975,58,Caterer's Beer & Wine,ACTIVE,Banquets,Michael Lopez Martin,2999 3rd Way,Los Angeles,CA,92462,Los Angeles,(213) 355-9950,2020-03-14,2021-03-14
58-591803,58,Caterer's Beer & Wine,ACTIVE,Party Services 5,Jennifer Smith Jones,8403 Market Ave,Santa Barbara,CA,90119,Santa Barbara,(805) 636-6947,2013-08-19,2014-08-19
58-431988,58,Caterer's Beer & Wine,ACTIVE,OldCatering Company Inc 36,William Rodriguez,3817 Madison Way #928,Santa Monica,CA,91920,Los Angeles,(323) 256-2126,2023-08-11,2024-08-11
58-682144,58,Caterer's Beer & Wine,ACTIVE,Banquets,Maria Jones,6960 Wilshire Dr #646,Oceanside,CA,91858,San Diego,(858) 315-4105,2008-05-01,2009-05-01
58-329394,58,Caterer's Beer & Wine,ACTIVE,Party Services Inc,Christopher Garcia,4292 Pico Ave,Ventura,CA,90612,Ventura,(805) 585-4584,2018-09-15,2019-09-15
58-420053,58,Caterer's Beer & Wine,ACTIVE,Catering Group,Daniel Gonzalez,1632 2nd Ln,Burbank,CA,94268,Los Angeles,(424) 419-7560,2020-03-13,2021-03-13
58-482932,58,Caterer's Beer & Wine,ACTIVE,Events & Catering LLC,Andrew Gonzalez Johnson,3536 5th Rd,Los Angeles,CA,95279,Los Angeles,(424) 529-6473,2016-03-06,2017-03-06
58-835117,58,Caterer's Beer & Wine,ACTIVE,TheCatering Corp 66,Maria Anderson,889 Jefferson St,Long Beach,CA,94170,Los Angeles,(323) 784-2037,2002-04-23,2003-04-23
58-635631,58,Caterer's Beer & Wine,ACTIVE,Event Catering Inc,Maria Gonzalez Gonzalez,8377 5th Blvd,Ontario,CA,95615,San Bernardino,(909) 302-3829,2013-06-10,2014-06-10
58-380624,58,Caterer's Beer & Wine,ACTIVE,Party Services Sacramento,Daniel Garcia Smith,5085 5th Rd,Citrus Heights,CA,91227,Sacramento,(279) 864-2642,2020-02-23,2021-02-23
58-300222,58,Caterer's Beer & Wine,ACTIVE,Event Catering Corona LLC,Matthew Thomas,9470 Lincoln Blvd,Corona,CA,93204,Riverside,(760) 481-7255,2000-09-20,2001-09-20
58-348728,58,Caterer's Beer & Wine,ACTIVE,Party Services,Michelle Lopez,5253 State Dr,Walnut Creek,CA,94626,Contra Costa,(925) 394-7146,2004-09-09,2005-09-09
58-529756,58,Caterer's Beer & Wine,ACTIVE,Catering,Jennifer Thomas,1895 Franklin Rd #326,Burbank,CA,94371,Los Angeles,(818) 893-6373,2011-09-20,2012-09-20
58-561060,58,Caterer's Beer & Wine,ACTIVE,OldBanquets Los Angeles Company 79,Robert Jones,400 Madison Rd,Glendale,CA,90209,Los Angeles,(661) 895-4848,2014-12-08,2015-12-08
58-850274,58,Caterer's Beer & Wine,ACTIVE,Events & Catering Ventura,Kenneth Brown,8859 Jefferson Rd,Simi Valley,CA,90290,Ventura,(820) 298-4096,2002-04-17,2003-04-17
58-793302,58,Caterer's Beer & Wine,ACTIVE,TheCatering Corp 62,Matthew Martin,4992 Madison Blvd,Hayward,CA,92592,Alameda,(925) 989-2254,2004-01-04,2005-01-04
58-472337,58,Caterer's Beer & Wine,ACTIVE,NewEvents & Catering Co 83,Maria Williams,6547 Hollywood Ct,Vallejo,CA,93514,Solano,(707) 907-1477,2024-09-09,2025-09-09
58-815391,58,Caterer's Beer & Wine,ACTIVE,Catering,Matthew Martinez Martinez,6843 Madison Rd #127,Roseville,CA,91842,Sacramento,(916) 903-8354,2007-11-13,2008-11-13
58-845471,58,Caterer's Beer & Wine,ACTIVE,Event Catering Co 60,Daniel Miller,5589 Franklin Ln,Los Angeles,CA,91191,Los Angeles,(818) 244-2385,2015-02-26,2016-02-26
58-592404,58,Caterer's Beer & Wine,ACTIVE,Events & Catering,Christopher Taylor,4923 6th St,Newport Beach,CA,92326,Orange,(949) 326-5384,2016-08-23,2017-08-23
58-426567,58,Caterer's Beer & Wine,ACTIVE,Banquets Los Angeles LLC,John Thomas,9248 Broadway Ln,Burbank,CA,92510,Los Angeles,(626) 773-6915,2000-11-20,2001-11-20
58-743401,58,Caterer's Beer & Wine,ACTIVE,Events & Catering Oceanside Corp,Anthony Martinez,3514 Maple Blvd,Oceanside,CA,91090,San Diego,(619) 761-3802,2006-11-09,2007-11-09
58-141783,58,Caterer's Beer & Wine,ACTIVE,Catering Company Placer,Anthony Brown,1086 1st St #199,Rocklin,CA,90472,Placer,(530) 972-7369,2005-04-16,2006-04-16
58-602606,58,Caterer's Beer & Wine,ACTIVE,Events & Catering,William Wilson,9841 4th Ln,Long Beach,CA,92899,Los Angeles,(818) 756-6101,2024-08-19,2025-08-19
58-736403,58,Caterer's Beer & Wine,ACTIVE,Catering San Diego Valley,Paul Moore,1974 Ocean St,San Diego,CA,92487,San Diego,(619) 504-9572,2019-07-28,2020-07-28
58-445385,58,Caterer's Beer & Wine,ACTIVE,Party Services Group,Daniel Garcia,4608 Market Rd #931,Novato,CA,91095,Marin,(415) 344-3484,2016-04-02,2017-04-02
58-661548,58,Caterer's Beer & Wine,ACTIVE,Banquets Orange 84,Michael Anderson,668 Main Ave,Santa Ana,CA,93853,Orange,(657) 990-5924,2010-03-26,2011-03-26
58-445987,58,Caterer's Beer & Wine,ACTIVE,Banquets Anaheim Inc 39,Maria Brown,5730 5th Ln,Anaheim,CA,95237,Orange,(949) 331-9036,2015-07-02,2016-07-02
58-184340,58,Caterer's Beer & Wine,ACTIVE,Event Catering Inc,Jennifer Williams,2960 6th Dr,Madera,CA,90038,Fresno,(559) 947-3057,2011-01-17,2012-01-17
58-824439,58,Caterer's Beer & Wine,ACTIVE,OldBanquets Burbank 3,Robert Miller,9908 Oak Ave,Burbank,CA,94891,Los Angeles,(661) 596-6881,2004-12-26,2005-12-26
58-557210,58,Caterer's Beer & Wine,ACTIVE,TheParty Services LLC 51,Steven Taylor,8857 Wilshire Ln,San Francisco,CA,90665,San Francisco,(415) 557-5346,2004-02-25,2005-02-25
58-737075,58,Caterer's Beer & Wine,ACTIVE,Catering Inc,Andrew Rodriguez,9877 2nd Blvd #653,Chula Vista,CA,95849,San Diego,(619) 919-5528,2009-05-14,2010-05-14
58-392578,58,Caterer's Beer & Wine,ACTIVE,Events & Catering Riverside 55,Andrew Gonzalez,5062 Ocean Way #776,Riverside,CA,91897,Riverside,(951) 512-7345,2017-09-28,2018-09-28
58-463319,58,Caterer's Beer & Wine,ACTIVE,Banquets Santa Cruz,Matthew Gonzalez,8491 Lincoln Pl,Watsonville,CA,90863,Santa Cruz,(831) 504-3944,2003-02-09,2004-02-09
58-148014,58,Caterer's Beer & Wine,ACTIVE,Event Catering Paso Robles Hills,Maria Wilson,6410 Ocean Ct,Paso Robles,CA,90761,San Luis Obispo,(805) 689-1655,2003-06-19,2004-06-19
58-269834,58,Caterer's Beer & Wine,ACTIVE,TheParty Services Company 29,Kenneth Hernandez,9346 Mission Pl #848,Long Beach,CA,90984,Los Angeles,(818) 289-2239,2010-09-03,2011-09-03
58-167910,58,Caterer's Beer & Wine,ACTIVE,Event Catering San Mateo Group,Christopher Moore,9738 Oak Ave,Daly City,CA,93245,San Mateo,(650) 952-6438,2011-02-20,2012-02-20
58-939927,58,Caterer's Beer & Wine,ACTIVE,NewBanquets 15,Michael Williams,1655 1st St #676,Roseville,CA,91381,Sacramento,(916) 460-1155,2010-08-10,2011-08-10
58-801954,58,Caterer's Beer & Wine,ACTIVE,Catering Company,Mark Martinez,6485 6th Ct,Victorville,CA,95151,San Bernardino,(760) 392-3899,2015-06-25,2016-06-25
58-230890,58,Caterer's Beer & Wine,ACTIVE,Events & Catering Co 49,Andrew Taylor,4669 5th Ct #125,Long Beach,CA,95169,Los Angeles,(424) 769-8455,2017-03-16,2018-03-16
58-219597,58,Caterer's Beer & Wine,ACTIVE,TheEvent Catering Corona 68,Lisa Garcia,4533 6th Rd,Corona,CA,95382,Riverside,(760) 225-7228,2012-03-25,2013-03-25
58-881290,58,Caterer's Beer & Wine,ACTIVE,Events & Catering Corp,Andrew Martin Garcia,4546 Wilshire Ct #945,Roseville,CA,90164,Placer,(530) 427-7813,2011-02-04,2012-02-04
58-865381,58,Caterer's Beer & Wine,ACTIVE,Party Services LLC,James Johnson,1870 6th Ln #829,Roseville,CA,92196,Sacramento,(916) 612-7258,2018-11-02,2019-11-02
58-258403,58,Caterer's Beer & Wine,ACTIVE,NewCatering Santa Barbara LLC 35,Anthony Anderson,4977 Market Way,Santa Barbara,CA,92446,Santa Barbara,(805) 723-9925,2006-01-12,2007-01-12
58-885674,58,Caterer's Beer & Wine,ACTIVE,Catering Company Inc,Christopher Moore Davis,319 Sunset Ct,Glendale,CA,92232,Los Angeles,(661) 200-4793,2024-12-19,2025-12-19
58-640564,58,Caterer's Beer & Wine,ACTIVE,Event Catering Scotts Valley,Matthew Rodriguez,5728 2nd Rd,Scotts Valley,CA,93968,Santa Cruz,(831) 247-1220,2004-09-19,2005-09-19
58-497355,58,Caterer's Beer & Wine,ACTIVE,Catering Company,John Jackson,5171 Maple Ln,Carlsbad,CA,95336,San Diego,(760) 399-1859,2002-11-21,2003-11-21
58-276404,58,Caterer's Beer & Wine,ACTIVE,Event Catering Long Beach Hills,Daniel Anderson,9503 4th Rd,Long Beach,CA,93046,Los Angeles,(323) 675-2410,2024-06-15,2025-06-15
58-496229,58,Caterer's Beer & Wine,ACTIVE,Events & Catering Los Angeles,Robert Garcia,4017 Pico St,Pasadena,CA,95980,Los Angeles,(818) 447-3510,2024-08-06,2025-08-06
58-400541,58,Caterer's Beer & Wine,ACTIVE,Catering Company Santa Monica Valley Corp,Christopher Gonzalez Martin,8278 Wilshire Way,Santa Monica,CA,92936,Los Angeles,(213) 777-2287,2023-04-08,2024-04-08
58-123796,58,Caterer's Beer & Wine,ACTIVE,Event Catering LLC,Matthew Jones,4048 6th Ave,Corona,CA,93422,Riverside,(760) 541-8453,2022-04-08,2023-04-08
58-911749,58,Caterer's Beer & Wine,ACTIVE,Banquets Inc,Lisa Davis Rodriguez,7532 Mission Pl #683,Victorville,CA,92916,San Bernardino,(909) 710-5818,2011-09-09,2012-09-09
58-725387,58,Caterer's Beer & Wine,ACTIVE,Catering Company Company,Matthew Moore,9940 Maple St,Santa Monica,CA,94062,Los Angeles,(818) 539-6315,2017-05-13,2018-05-13
58-281144,58,Caterer's Beer & Wine,ACTIVE,Party Services San Jose,Jennifer Wilson,7778 Broadway Ave,San Jose,CA,92427,Santa Clara,(669) 981-4110,2002-11-23,2003-11-23
58-643769,58,Caterer's Beer & Wine,ACTIVE,Events & Catering LLC,Maria Hernandez,8907 2nd St,Walnut Creek,CA,93315,Contra Costa,(510) 860-6013,2003-07-02,2004-07-02
58-772350,58,Caterer's Beer & Wine,ACTIVE,Events & Catering San Bernardino,William Martin,4802 State Way,Victorville,CA,95002,San Bernardino,(909) 738-3589,2001-11-10,2002-11-10
58-397711,58,Caterer's Beer & Wine,ACTIVE,Events & Catering,Kenneth Johnson,639 Jefferson Ln,Sacramento,CA,95617,Sacramento,(916) 535-9318,2021-10-04,2022-10-04
58-985517,58,Caterer's Beer & Wine,ACTIVE,Catering Company Co,Michael Lopez Martinez,9474 Ocean Way,Bakersfield,CA,90436,Kern,(805) 305-2751,2018-05-17,2019-05-17
58-553005,58,Caterer's Beer & Wine,ACTIVE,Events & Catering,Daniel Hernandez,1855 Maple Ave,Tulare,CA,94843,Tulare,(559) 705-6828,2008-06-19,2009-06-19
58-724143,58,Caterer's Beer & Wine,ACTIVE,NewEvent Catering San Jose Hills Group 45,Lisa Anderson,1601 Oak Blvd,San Jose,CA,93955,Santa Clara,(408) 922-1623,2003-08-03,2004-08-03
58-908311,58,Caterer's Beer & Wine,ACTIVE,Event Catering Carlsbad Company,Maria Johnson Taylor,121 Franklin St,Carlsbad,CA,94202,San Diego,(858) 725-1089,2020-06-10,2021-06-10
58-848415,58,Caterer's Beer & Wine,ACTIVE,OldEvent Catering Group 88,Anthony Miller,5697 Sunset Ct #325,Chula Vista,CA,94401,San Diego,(619) 764-1321,2024-05-26,2025-05-26
58-973861,58,Caterer's Beer & Wine,ACTIVE,Events & Catering,David Smith Williams,2387 6th Blvd #857,Santa Monica,CA,93213,Los Angeles,(818) 640-9640,2013-12-05,2014-12-05
58-504841,58,Caterer's Beer & Wine,ACTIVE,Catering Company 8,Anthony Wilson Anderson,1734 Sunset St #473,Long Beach,CA,93432,Los Angeles,(323) 485-9521,2000-05-25,2001-05-25
58-451888,58,Caterer's Beer & Wine,ACTIVE,Banquets Corp,Michelle Rodriguez,4310 Jefferson Dr,Lodi,CA,95804,San Joaquin,(209) 464-5312,2003-04-25,2004-04-25
58-144599,58,Caterer's Beer & Wine,ACTIVE,Catering Company,Matthew Smith,6594 Pico Way,Ontario,CA,92199,San Bernardino,(760) 427-9803,2004-08-08,2005-08-08
58-732150,58,Caterer's Beer & Wine,ACTIVE,Events & Catering Co,Michael Wilson,5201 6th Way,Oceanside,CA,90398,San Diego,(619) 332-9889,2024-03-07,2025-03-07
58-838791,58,Caterer's Beer & Wine,ACTIVE,NewEvent Catering Glendale Heights Co 16,David Martinez,6878 Hollywood St,Glendale,CA,92931,Los Angeles,(213) 617-5916,2006-10-04,2007-10-04
58-439040,58,Caterer's Beer & Wine,ACTIVE,Event Catering,Michelle Brown,9052 Hollywood Ct #726,Long Beach,CA,92663,Los Angeles,(818) 340-9136,2023-11-16,2024-11-16
58-835335,58,Caterer's Beer & Wine,ACTIVE,NewBanquets Corp 35,Steven Martinez,9069 Franklin Way,Daly City,CA,94664,San Mateo,(415) 700-5252,2012-03-27,2013-03-27
58-468885,58,Caterer's Beer & Wine,ACTIVE,Catering Irvine,John Garcia,3664 2nd Ct,Irvine,CA,90803,Orange,(714) 369-7660,2016-01-19,2017-01-19
58-136874,58,Caterer's Beer & Wine,ACTIVE,OldParty Services Newport Beach Company 84,Christopher Lopez,7382 Washington Pl #806,Newport Beach,CA,90437,Orange,(714) 783-8923,2002-02-27,2003-02-27
58-743846,58,Caterer's Beer & Wine,ACTIVE,Events & Catering South San Francisco,Kenneth Martin Miller,627 Ocean Ct,South San Francisco,CA,93406,San Mateo,(415) 645-9491,2023-09-26,2024-09-26
58-266589,58,Caterer's Beer & Wine,ACTIVE,Event Catering Riverside Hills,Maria Williams,4646 4th St,Riverside,CA,94678,Riverside,(951) 719-2895,2017-04-20,2018-04-20
58-296276,58,Caterer's Beer & Wine,ACTIVE,Event Catering Huntington Beach Valley Corp,Lisa Miller,9031 Jefferson Way,Huntington Beach,CA,91650,Orange,(657) 287-2115,2020-10-17,2021-10-17
58-830679,58,Caterer's Beer & Wine,ACTIVE,TheEvent Catering 61,William Martin Garcia,3010 Franklin Blvd,Oakland,CA,94090,Alameda,(510) 721-3979,2020-03-06,2021-03-06
58-603171,58,Caterer's Beer & Wine,ACTIVE,Event Catering Fresno LLC,Matthew Moore,3978 Front Ave,Clovis,CA,95601,Fresno,(559) 368-2491,2022-08-23,2023-08-23
58-953982,58,Caterer's Beer & Wine,ACTIVE,Banquets,Christopher Rodriguez,8209 4th Pl #923,Salinas,CA,94616,Monterey,(831) 476-8575,2009-06-24,2010-06-24
58-992456,58,Caterer's Beer & Wine,ACTIVE,Event Catering Madera Company,John Brown,8428 Jefferson Ln,Madera,CA,94695,Fresno,(559) 525-3048,2014-08-26,2015-08-26
58-340285,58,Caterer's Beer & Wine,ACTIVE,Catering Company 4,William Brown,5016 Washington St #487,Palo Alto,CA,90364,Santa Clara,(408) 443-5407,2005-08-11,2006-08-11
58-120428,58,Caterer's Beer & Wine,ACTIVE,Banquets Los Angeles,Jennifer Thomas,7044 6th Blvd #554,Santa Monica,CA,95919,Los Angeles,(661) 439-2441,2023-01-26,2024-01-26
58-452769,58,Caterer's Beer & Wine,ACTIVE,Events & Catering,Anthony Williams,9208 Maple Rd,Santa Monica,CA,93647,Los Angeles,(818) 614-5027,2014-04-11,2015-04-11
58-174604,58,Caterer's Beer & Wine,ACTIVE,Event Catering Ontario,Maria Garcia,7477 Wilshire Pl,Ontario,CA,90363,San Bernardino,(909) 728-1760,2015-03-08,2016-03-08
58-104807,58,Caterer's Beer & Wine,ACTIVE,Party Services Roseville,Anthony Brown Miller,4522 Sunset Ct #892,Roseville,CA,95437,Sacramento,(279) 619-3892,2016-02-17,2017-02-17
58-249594,58,Caterer's Beer & Wine,ACTIVE,OldBanquets Riverside LLC 46,Jennifer Martinez,3818 3rd Ct,Riverside,CA,95505,Riverside,(951) 967-8017,2020-08-06,2021-08-06
58-773445,58,Caterer's Beer & Wine,ACTIVE,Catering Company,Michelle Martin Johnson,7157 Maple Blvd #585,Thousand Oaks,CA,96112,Ventura,(805) 615-3005,2020-06-16,2021-06-16
58-798659,58,Caterer's Beer & Wine,ACTIVE,NewCatering Clovis Group 77,Daniel Hernandez,3350 Hollywood St #181,Clovis,CA,95326,Fresno,(559) 259-5300,2017-05-15,2018-05-15
58-263067,58,Caterer's Beer & Wine,ACTIVE,Banquets,Mark Martinez,9842 State Blvd,Carlsbad,CA,93975,San Diego,(760) 952-3292,2011-01-02,2012-01-02
58-633081,58,Caterer's Beer & Wine,ACTIVE,NewParty Services Co 85,Maria Smith,3517 4th Dr,Burbank,CA,90231,Los Angeles,(310) 889-3041,2008-11-16,2009-11-16
58-608072,58,Caterer's Beer & Wine,ACTIVE,Catering,David Smith,7982 Front St #470,Ventura,CA,95250,Ventura,(820) 352-2491,2005-11-15,2006-11-15
58-102049,58,Caterer's Beer & Wine,ACTIVE,Events & Catering,Michelle Hernandez,2322 Oak Pl #268,Fresno,CA,92077,Fresno,(559) 353-4658,2008-03-28,2009-03-28
58-857607,58,Caterer's Beer & Wine,ACTIVE,Party Services Richmond,Michelle Davis,8747 Broadway Blvd #162,Richmond,CA,93441,Contra Costa,(925) 867-7818,2005-10-25,2006-10-25
58-923453,58,Caterer's Beer & Wine,ACTIVE,Event Catering Glendale Valley Co,Andrew Gonzalez,9890 1st Dr #498,Glendale,CA,91122,Los Angeles,(661) 530-1324,2006-07-08,2007-07-08
58-801527,58,Caterer's Beer & Wine,ACTIVE,Events & Catering Company,Christopher Jones,3669 Broadway St,San Francisco,CA,93680,San Francisco,(628) 279-6293,2010-07-15,2011-07-15
58-615406,58,Caterer's Beer & Wine,ACTIVE,OldCatering 1,John Brown,6047 Front Dr,Temecula,CA,93160,Riverside,(760) 761-8527,2011-11-18,2012-11-18
58-979495,58,Caterer's Beer & Wine,ACTIVE,Catering Group,William Wilson,4011 Franklin Rd,Atascadero,CA,92339,San Luis Obispo,(805) 957-4166,2022-07-20,2023-07-20
58-802324,58,Caterer's Beer & Wine,ACTIVE,Event Catering Thousand Oaks Hills Company,Anthony Anderson,195 Washington Ct #340,Thousand Oaks,CA,91387,Ventura,(820) 549-5184,2013-04-01,2014-04-01
58-317313,58,Caterer's Beer & Wine,ACTIVE,Banquets Huntington Beach Valley,Steven Taylor Martin,1393 Franklin Blvd,Huntington Beach,CA,90024,Orange,(657) 697-6291,2019-09-05,2020-09-05
58-731431,58,Caterer's Beer & Wine,ACTIVE,Banquets Los Angeles 97,Robert Davis,7958 1st Dr,Glendale,CA,96047,Los Angeles,(323) 272-9419,2019-06-15,2020-06-15
58-780210,58,Caterer's Beer & Wine,ACTIVE,Party Services Co,Steven Miller,3692 Pico Ct #748,Palm Springs,CA,92515,Riverside,(951) 652-1800,2006-03-03,2007-03-03
58-412066,58,Caterer's Beer & Wine,ACTIVE,NewParty Services Walnut Creek 91,Kenneth Martinez,554 Sunset Way,Walnut Creek,CA,96014,Contra Costa,(510) 796-7825,2021-08-05,2022-08-05
58-464333,58,Caterer's Beer & Wine,ACTIVE,NewCatering 63,Daniel Martinez Jackson,9668 Main Rd,Carlsbad,CA,94380,San Diego,(760) 644-4420,2000-08-15,2001-08-15
58-947347,58,Caterer's Beer & Wine,ACTIVE,TheCatering Company Contra Costa Company 75,Anthony Smith,6430 Madison Ln,Pleasant Hill,CA,93175,Contra Costa,(510) 728-8527,2021-09-07,2022-09-07
58-528558,58,Caterer's Beer & Wine,ACTIVE,Catering,Maria Garcia,5810 4th Ave,Burbank,CA,90711,Los Angeles,(424) 933-6521,2001-09-11,2002-09-11
58-336490,58,Caterer's Beer & Wine,ACTIVE,Catering Company,Christopher Miller,3032 Ocean Rd #192,Los Angeles,CA,94963,Los Angeles,(626) 226-7357,2021-01-14,2022-01-14
58-116303,58,Caterer's Beer & Wine,ACTIVE,TheBanquets Sunnyvale Hills Inc 76,Robert Davis,1830 2nd St,Sunnyvale,CA,94858,Santa Clara,(669) 214-6339,2015-05-13,2016-05-13
58-205709,58,Caterer's Beer & Wine,ACTIVE,Events & Catering,Matthew Martinez Martinez,7555 Front Ct,San Bernardino,CA,95649,San Bernardino,(760) 686-7332,2015-06-26,2016-06-26
58-142160,58,Caterer's Beer & Wine,ACTIVE,Catering Company Riverside 15,Daniel Jackson,3911 Broadway Pl #713,Corona,CA,95951,Riverside,(760) 322-8850,2005-09-19,2006-09-19
58-344880,58,Caterer's Beer & Wine,ACTIVE,Catering Ontario Co,Robert Brown,1770 Oak Pl #513,Ontario,CA,90573,San Bernardino,(760) 752-8827,2023-01-20,2024-01-20
58-190718,58,Caterer's Beer & Wine,ACTIVE,Event Catering Corp,Maria Garcia,552 Market Blvd #874,South San Francisco,CA,95637,San Mateo,(650) 890-2887,2013-12-10,2014-12-10
58-713056,58,Caterer's Beer & Wine,ACTIVE,Catering Company,Mark Johnson,7498 2nd St,Carlsbad,CA,91776,San Diego,(858) 679-1524,2021-11-17,2022-11-17
58-539895,58,Caterer's Beer & Wine,ACTIVE,TheCatering Company Escondido Heights Co 4,Lisa Smith Martinez,5987 Madison Ave,Escondido,CA,91032,San Diego,(619) 996-4899,2024-11-26,2025-11-26
58-677197,58,Caterer's Beer & Wine,ACTIVE,Banquets Santa Monica Group,James Taylor Martinez,7272 Main Way,Santa Monica,CA,95845,Los Angeles,(818) 971-9114,2006-09-08,2007-09-08
58-414701,58,Caterer's Beer & Wine,ACTIVE,Events & Catering San Francisco LLC 61,Kenneth Rodriguez,6603 Main Pl #597,San Francisco,CA,95905,San Francisco,(415) 778-3617,2021-05-13,2022-05-13
58-662606,58,Caterer's Beer & Wine,ACTIVE,TheEvents & Catering Corp 15,Michelle Hernandez Rodriguez,8335 Wilshire Ln #638,San Francisco,CA,93123,San Francisco,(415) 992-9738,2003-10-20,2004-10-20
58-314718,58,Caterer's Beer & Wine,ACTIVE,Catering Irvine Inc,Mark Wilson Jackson,968 Market St,Irvine,CA,94682,Orange,(657) 884-4315,2012-11-06,2013-11-06
58-382015,58,Caterer's Beer & Wine,ACTIVE,Party Services LLC,Christopher Jones Thomas,4239 Broadway Way,Pasadena,CA,95244,Los Angeles,(424) 778-3754,2022-06-24,2023-06-24
58-398561,58,Caterer's Beer & Wine,ACTIVE,Banquets San Bernardino Corp,Kenneth Johnson Brown,9351 Madison Dr,Rancho Cucamonga,CA,91360,San Bernardino,(909) 364-4008,2017-04-01,2018-04-01
58-245016,58,Caterer's Beer & Wine,ACTIVE,OldCatering Company Co 54,Jennifer Taylor Gonzalez,1196 3rd Blvd,Roseville,CA,90770,Sacramento,(916) 328-6292,2021-04-07,2022-04-07
58-514174,58,Caterer's Beer & Wine,ACTIVE,Catering Company,Paul Martinez Brown,4204 State Dr,Santa Clara,CA,93286,Santa Clara,(669) 657-9260,2020-11-22,2021-11-22
58-439766,58,Caterer's Beer & Wine,ACTIVE,Catering Company,Steven Miller,7050 Jefferson St #669,Santa Monica,CA,95747,Los Angeles,(323) 847-7536,2018-02-01,2019-02-01
58-464840,58,Caterer's Beer & Wine,ACTIVE,Party Services Santa Monica,Steven Jackson,461 5th Ct,Santa Monica,CA,92284,Los Angeles,(323) 314-5194,2012-06-06,2013-06-06
58-364745,58,Caterer's Beer & Wine,ACTIVE,TheParty Services San Diego 44,Michael Martin,4386 7th Blvd,San Diego,CA,92454,San Diego,(619) 427-5663,2015-08-23,2016-08-23
58-986383,58,Caterer's Beer & Wine,ACTIVE,Catering Company Elk Grove,John Rodriguez,4342 2nd St #869,Elk Grove,CA,93753,Sacramento,(916) 493-7188,2011-01-03,2012-01-03
58-707515,58,Caterer's Beer & Wine,ACTIVE,Event Catering,Jennifer Williams,7908 Sunset Rd,Long Beach,CA,90658,Los Angeles,(661) 586-2994,2020-04-18,2021-04-18
58-336698,58,Caterer's Beer & Wine,ACTIVE,OldBanquets Los Angeles Corp 9,David Martinez,5165 Hollywood Ct,Los Angeles,CA,95928,Los Angeles,(626) 336-7585,2022-01-23,2023-01-23
58-577471,58,Caterer's Beer & Wine,ACTIVE,Party Services Inc,Maria Davis,1370 Washington Blvd,Glendale,CA,92916,Los Angeles,(424) 539-4972,2024-05-22,2025-05-22
58-837077,58,Caterer's Beer & Wine,ACTIVE,OldParty Services Carlsbad LLC 70,Mark Jones,4137 3rd Rd,Carlsbad,CA,93968,San Diego,(858) 356-8486,2016-01-22,2017-01-22
58-446514,58,Caterer's Beer & Wine,ACTIVE,Catering Company Inc,Lisa Gonzalez,2440 Mission Ln #988,Long Beach,CA,93516,Los Angeles,(818) 875-1901,2013-10-10,2014-10-10
58-742144,58,Caterer's Beer & Wine,ACTIVE,Party Services Inc 4,William Moore,2869 1st Dr,Fresno,CA,91061,Fresno,(559) 900-5809,2011-03-24,2012-03-24
58-809425,58,Caterer's Beer & Wine,ACTIVE,Catering,David Jackson,6396 Franklin Way,Clovis,CA,94109,Fresno,(559) 234-3669,2018-11-10,2019-11-10
58-765730,58,Caterer's Beer & Wine,ACTIVE,Catering Glendale Valley LLC,Jennifer Martinez,8193 Franklin Blvd,Glendale,CA,95589,Los Angeles,(626) 469-8409,2003-01-28,2004-01-28
58-988991,58,Caterer's Beer & Wine,ACTIVE,Catering Company,Robert Wilson,3353 Madison Dr,San Francisco,CA,94320,San Francisco,(628) 334-8328,2024-09-11,2025-09-11
58-166867,58,Caterer's Beer & Wine,ACTIVE,Events & Catering Vallejo Company,Lisa Johnson,506 7th Ln,Vallejo,CA,92927,Solano,(707) 778-4833,2017-03-27,2018-03-27
58-885389,58,Caterer's Beer & Wine,ACTIVE,Party Services,David Davis,9843 Sunset Ave,Sunnyvale,CA,94728,Santa Clara,(408) 393-7649,2015-01-25,2016-01-25
58-210881,58,Caterer's Beer & Wine,ACTIVE,Catering Company Carlsbad Hills,Jennifer Garcia,138 Mission St,Carlsbad,CA,93308,San Diego,(858) 387-7234,2018-11-18,2019-11-18
58-780519,58,Caterer's Beer & Wine,ACTIVE,Catering Company San Bernardino,Matthew Wilson,1877 Mission Way #968,San Bernardino,CA,94743,San Bernardino,(760) 728-7190,2003-08-12,2004-08-12
58-684933,58,Caterer's Beer & Wine,ACTIVE,Events & Catering Company,Paul Anderson,5087 Jefferson Dr,Long Beach,CA,93136,Los Angeles,(310) 339-5091,2015-06-13,2016-06-13
58-493591,58,Caterer's Beer & Wine,ACTIVE,Event Catering 82,Maria Lopez,1616 Oak Rd #722,Palm Springs,CA,96062,Riverside,(760) 272-7822,2020-06-18,2021-06-18
58-196008,58,Caterer's Beer & Wine,ACTIVE,Party Services Burbank Hills Corp,William Gonzalez,7152 Lincoln Ln,Burbank,CA,91088,Los Angeles,(818) 816-1103,2014-08-24,2015-08-24
58-324404,58,Caterer's Beer & Wine,ACTIVE,Party Services Los Angeles Group,Steven Lopez,9513 State Pl,Los Angeles,CA,95003,Los Angeles,(310) 633-5807,2016-10-20,2017-10-20
58-259369,58,Caterer's Beer & Wine,ACTIVE,TheEvent Catering Goleta 13,Kenneth Lopez Davis,490 3rd Pl,Goleta,CA,92560,Santa Barbara,(805) 999-3429,2006-05-21,2007-05-21
58-303878,58,Caterer's Beer & Wine,ACTIVE,Party Services Santa Ana LLC,Christopher Martinez,8193 2nd Way,Santa Ana,CA,94475,Orange,(657) 781-4421,2019-09-06,2020-09-06
58-454705,58,Caterer's Beer & Wine,ACTIVE,Party Services,Michael Williams,668 Pico Ct #843,San Francisco,CA,95182,San Francisco,(628) 516-2709,2007-04-26,2008-04-26
58-365618,58,Caterer's Beer & Wine,ACTIVE,Banquets Stanislaus,Michelle Lopez,5443 Maple Dr,Turlock,CA,95057,Stanislaus,(209) 385-4597,2003-09-06,2004-09-06
58-110764,58,Caterer's Beer & Wine,ACTIVE,Banquets San Francisco,Steven Jones,3794 State St,San Francisco,CA,92116,San Francisco,(415) 402-9440,2020-12-09,2021-12-09
58-763437,58,Caterer's Beer & Wine,ACTIVE,Catering Company Modesto Hills Group,Jennifer Miller,311 Main Dr,Modesto,CA,95480,Stanislaus,(209) 531-4717,2018-04-10,2019-04-10
58-905219,58,Caterer's Beer & Wine,ACTIVE,OldBanquets Orange LLC 76,John Rodriguez,4904 Franklin Way,Huntington Beach,CA,92647,Orange,(714) 923-2115,2007-06-18,2008-06-18
58-756797,58,Caterer's Beer & Wine,ACTIVE,Party Services Burbank,David Wilson Johnson,9167 Front Ct #813,Burbank,CA,95043,Los Angeles,(213) 906-6168,2005-08-18,2006-08-18
58-264226,58,Caterer's Beer & Wine,ACTIVE,Events & Catering Citrus Heights Valley,John Brown,2132 2nd St,Citrus Heights,CA,90527,Sacramento,(279) 669-5078,2023-12-14,2024-12-14
58-276287,58,Caterer's Beer & Wine,ACTIVE,TheBanquets Company 52,Anthony Brown,798 Mission Ct,San Bernardino,CA,91284,San Bernardino,(909) 434-6113,2002-09-18,2003-09-18
58-284573,58,Caterer's Beer & Wine,ACTIVE,Catering Company San Diego 34,Robert Smith,1660 State Dr #125,San Diego,CA,95581,San Diego,(760) 914-2793,2020-10-11,2021-10-11
58-868089,58,Caterer's Beer & Wine,ACTIVE,Event Catering Riverside Company,Michael Martinez Taylor,4346 3rd Blvd #168,Palm Springs,CA,95317,Riverside,(760) 280-4885,2012-01-13,2013-01-13
58-385329,58,Caterer's Beer & Wine,ACTIVE,Event Catering Chula Vista Hills,Andrew Johnson,4331 Madison Blvd,Chula Vista,CA,90474,San Diego,(619) 271-8263,2004-12-22,2005-12-22
58-426754,58,Caterer's Beer & Wine,ACTIVE,Catering Company Los Angeles,Kenneth Garcia,3630 Hollywood St,Los Angeles,CA,91331,Los Angeles,(310) 485-7705,2012-08-18,2013-08-18
58-990886,58,Caterer's Beer & Wine,ACTIVE,NewEvents & Catering LLC 1,James Brown,9424 Mission Pl #114,Irvine,CA,95787,Orange,(657) 713-8094,2008-12-09,2009-12-09
58-145849,58,Caterer's Beer & Wine,ACTIVE,Events & Catering Palm Springs,David Davis,878 Ocean St #373,Palm Springs,CA,93113,Riverside,(951) 431-4771,2008-12-20,2009-12-20
58-518603,58,Caterer's Beer & Wine,ACTIVE,Events & Catering Corp,John Hernandez,2191 Broadway Rd,Palm Springs,CA,93609,Riverside,(951) 361-8652,2017-06-04,2018-06-04
58-857913,58,Caterer's Beer & Wine,ACTIVE,Catering Company Inc 77,William Martinez,3064 Franklin Ct,Newport Beach,CA,92317,Orange,(949) 219-3140,2020-12-03,2021-12-03
58-782841,58,Caterer's Beer & Wine,ACTIVE,Catering Company San Diego LLC,Robert Garcia,3827 Pico Ct,San Diego,CA,92567,San Diego,(858) 767-8360,2005-09-15,2006-09-15
58-540887,58,Caterer's Beer & Wine,ACTIVE,TheCatering Group 73,Michelle Miller,4838 3rd Blvd,Citrus Heights,CA,90919,Sacramento,(279) 911-2915,2024-09-18,2025-09-18
58-777865,58,Caterer's Beer & Wine,ACTIVE,NewEvents & Catering Walnut Creek Co 59,Maria Martinez,9173 State Blvd,Walnut Creek,CA,92520,Contra Costa,(510) 612-2962,2017-06-01,2018-06-01
58-422486,58,Caterer's Beer & Wine,ACTIVE,Event Catering Sacramento Corp,Robert Johnson,963 7th Rd,Elk Grove,CA,93632,Sacramento,(916) 931-7010,2016-04-27,2017-04-27
58-803171,58,Caterer's Beer & Wine,ACTIVE,Events & Catering Sacramento Valley 29,David Thomas Rodriguez,8870 State Dr #265,Sacramento,CA,93605,Sacramento,(916) 945-6155,2004-03-12,2005-03-12
58-126225,58,Caterer's Beer & Wine,ACTIVE,Catering Escondido Valley Company,William Davis,6488 5th Way #415,Escondido,CA,93070,San Diego,(760) 229-7261,2010-02-15,2011-02-15
58-885716,58,Caterer's Beer & Wine,ACTIVE,Catering,David Davis,1512 Franklin Dr,Glendale,CA,93097,Los Angeles,(323) 890-8990,2021-08-03,2022-08-03
58-300647,58,Caterer's Beer & Wine,ACTIVE,Catering Company,Robert Martinez,8964 7th Ln,Los Angeles,CA,94289,Los Angeles,(424) 985-4652,2021-11-25,2022-11-25
58-518870,58,Caterer's Beer & Wine,ACTIVE,TheCatering 52,Maria Williams Williams,1431 Mission Way #728,Carlsbad,CA,91467,San Diego,(858) 280-5883,2005-02-10,2006-02-10
58-844034,58,Caterer's Beer & Wine,ACTIVE,Banquets Group,Kenneth Rodriguez,7532 6th Ave,Walnut Creek,CA,95363,Contra Costa,(510) 859-1846,2019-02-18,2020-02-18
58-189814,58,Caterer's Beer & Wine,ACTIVE,Catering Co,Michelle Anderson,3505 Washington Ave,South San Francisco,CA,91032,San Mateo,(415) 438-4080,2006-07-08,2007-07-08
58-312270,58,Caterer's Beer & Wine,ACTIVE,Event Catering Madera,Maria Johnson,9965 Ocean Dr #101,Madera,CA,90539,Fresno,(559) 683-4073,2008-01-16,2009-01-16
58-776681,58,Caterer's Beer & Wine,ACTIVE,Catering Company,Jennifer Rodriguez,4345 Main Ln,Roseville,CA,90835,Sacramento,(279) 421-6906,2020-11-26,2021-11-26
58-296346,58,Caterer's Beer & Wine,ACTIVE,Catering San Francisco,James Taylor,9520 5th Way,San Francisco,CA,91711,San Francisco,(628) 757-3785,2004-10-22,2005-10-22
58-816012,58,Caterer's Beer & Wine,ACTIVE,Event Catering Orange Inc,Kenneth Rodriguez Miller,2372 Washington Ave,Newport Beach,CA,95593,Orange,(657) 444-1650,2006-08-14,2007-08-14
58-470046,58,Caterer's Beer & Wine,ACTIVE,Event Catering Los Angeles,Maria Williams Miller,4063 Franklin St #372,Burbank,CA,92835,Los Angeles,(323) 907-1023,2019-08-12,2020-08-12
58-204649,58,Caterer's Beer & Wine,ACTIVE,OldEvent Catering 3,Christopher Jackson,8042 6th Ln,Daly City,CA,94402,San Mateo,(415) 327-4220,2004-02-25,2005-02-25
58-613100,58,Caterer's Beer & Wine,ACTIVE,Party Services Burbank Corp,John Martinez,8225 1st Ln,Burbank,CA,95118,Los Angeles,(818) 881-1198,2013-06-09,2014-06-09
58-448878,58,Caterer's Beer & Wine,ACTIVE,Catering Company Company,John Hernandez,359 Oak Rd,Seaside,CA,92921,Monterey,(831) 940-1915,2020-08-02,2021-08-02
58-840701,58,Caterer's Beer & Wine,ACTIVE,Banquets 16,Daniel Jackson,1092 Front Pl,Vallejo,CA,91332,Solano,(707) 873-4134,2012-08-05,2013-08-05
58-642285,58,Caterer's Beer & Wine,ACTIVE,Events & Catering,Maria Smith,6260 Front Dr #414,Victorville,CA,90625,San Bernardino,(909) 683-8444,2024-11-18,2025-11-18
58-181898,58,Caterer's Beer & Wine,ACTIVE,Catering Mountain View Hills Company,Steven Jackson Smith,6946 7th Blvd,Mountain View,CA,92807,Santa Clara,(669) 504-6811,2005-12-18,2006-12-18
58-535310,58,Caterer's Beer & Wine,ACTIVE,Party Services Pasadena,William Lopez,5202 Front Blvd,Pasadena,CA,90983,Los Angeles,(626) 204-3056,2003-10-03,2004-10-03
58-421287,58,Caterer's Beer & Wine,ACTIVE,Banquets Santa Cruz,Lisa Jackson Jones,3528 Maple Way,Santa Cruz,CA,91540,Santa Cruz,(831) 608-8135,2017-05-28,2018-05-28
58-479320,58,Caterer's Beer & Wine,ACTIVE,Banquets Pasadena,Maria Jackson,4936 Pico Rd,Pasadena,CA,94600,Los Angeles,(661) 462-4216,2023-02-13,2024-02-13
58-721396,58,Caterer's Beer & Wine,ACTIVE,Event Catering Los Angeles,James Taylor,8940 Franklin St #813,Santa Monica,CA,92804,Los Angeles,(424) 844-9373,2003-06-07,2004-06-07
58-278504,58,Caterer's Beer & Wine,ACTIVE,NewEvent Catering 78,Paul Garcia,2654 Hollywood Way #311,San Diego,CA,93879,San Diego,(619) 449-4021,2002-11-05,2003-11-05
58-867614,58,Caterer's Beer & Wine,ACTIVE,Banquets Co,William Davis,8051 7th Dr #602,Chula Vista,CA,93708,San Diego,(858) 448-2016,2021-03-09,2022-03-09
58-986801,58,Caterer's Beer & Wine,ACTIVE,Event Catering Mountain View Heights,Michelle Garcia Martin,7246 Sunset Ct #257,Mountain View,CA,93356,Santa Clara,(669) 280-8357,2022-10-12,2023-10-12
58-949506,58,Caterer's Beer & Wine,ACTIVE,Party Services Los Angeles Company 20,Paul Jackson,2070 1st Rd,Los Angeles,CA,95084,Los Angeles,(424) 246-1967,2018-03-18,2019-03-18
58-419193,58,Caterer's Beer & Wine,ACTIVE,Events & Catering 77,James Martin,2041 Sunset Blvd,San Diego,CA,91395,San Diego,(760) 759-7955,2018-07-01,2019-07-01
58-616381,58,Caterer's Beer & Wine,ACTIVE,Events & Catering,Maria Lopez,7987 Madison Way,Sonoma,CA,92166,Sonoma,(707) 236-4500,2004-10-22,2005-10-22
58-634782,58,Caterer's Beer & Wine,ACTIVE,Catering Company Pasadena Heights,William Jackson,6810 Sunset Ave,Pasadena,CA,92257,Los Angeles,(213) 989-9326,2012-07-22,2013-07-22
58-608877,58,Caterer's Beer & Wine,ACTIVE,TheEvents & Catering 8,Daniel Rodriguez,6783 5th Ave,San Francisco,CA,95316,San Francisco,(415) 861-5420,2016-02-07,2017-02-07
58-942476,58,Caterer's Beer & Wine,ACTIVE,Event Catering Group,Steven Rodriguez,2715 7th Blvd,Santa Ana,CA,93045,Orange,(949) 917-2885,2021-06-10,2022-06-10
58-565698,58,Caterer's Beer & Wine,ACTIVE,Catering Sunnyvale,Maria Davis,9933 Washington Pl,Sunnyvale,CA,93990,Santa Clara,(408) 263-4071,2006-02-08,2007-02-08
58-261415,58,Caterer's Beer & Wine,ACTIVE,OldEvent Catering Corp 40,David Anderson,673 6th Ave,San Diego,CA,90031,San Diego,(619) 788-5432,2008-10-13,2009-10-13
58-341202,58,Caterer's Beer & Wine,ACTIVE,Banquets Simi Valley,Matthew Lopez,9139 Oak Blvd #258,Simi Valley,CA,91574,Ventura,(805) 276-7540,2013-02-14,2014-02-14
58-595420,58,Caterer's Beer & Wine,ACTIVE,Banquets Inc,Michael Hernandez,4884 5th Pl,Sonoma,CA,91569,Sonoma,(707) 548-6531,2014-07-24,2015-07-24
58-887527,58,Caterer's Beer & Wine,ACTIVE,TheCatering Company Los Angeles Co 11,Paul Johnson Johnson,1720 Oak St,Los Angeles,CA,95703,Los Angeles,(213) 612-1096,2018-10-09,2019-10-09
58-112756,58,Caterer's Beer & Wine,ACTIVE,Catering Group,Michelle Taylor,8260 1st St,Los Angeles,CA,95967,Los Angeles,(310) 560-5349,2016-12-12,2017-12-12
58-925157,58,Caterer's Beer & Wine,ACTIVE,Event Catering,Andrew Martinez,6155 Madison Ave,San Francisco,CA,90507,San Francisco,(628) 406-1432,2004-03-09,2005-03-09
58-798610,58,Caterer's Beer & Wine,ACTIVE,Events & Catering Company,John Garcia Wilson,2739 4th Ave #710,Santa Monica,CA,92594,Los Angeles,(323) 460-9837,2018-05-21,2019-05-21
58-395864,58,Caterer's Beer & Wine,ACTIVE,TheEvents & Catering Santa Monica 29,William Williams,5817 Mission Blvd #881,Santa Monica,CA,95150,Los Angeles,(424) 714-6488,2000-08-05,2001-08-05
58-722715,58,Caterer's Beer & Wine,ACTIVE,Banquets Carlsbad,John Johnson,3800 6th Way,Carlsbad,CA,92256,San Diego,(760) 546-6268,2006-05-01,2007-05-01
58-457575,58,Caterer's Beer & Wine,ACTIVE,TheEvent Catering Kern Corp 37,Christopher Martinez,5520 Jefferson Way,Delano,CA,90613,Kern,(661) 466-7635,2011-04-05,2012-04-05
58-529020,58,Caterer's Beer & Wine,ACTIVE,Catering Company Roseville Valley Company,Robert Garcia,8603 Mission Ln,Roseville,CA,90182,Sacramento,(279) 975-9527,2002-02-06,2003-02-06
58-830930,58,Caterer's Beer & Wine,ACTIVE,Events & Catering Bakersfield Heights,Maria Smith,5763 State Ave,Bakersfield,CA,91910,Kern,(661) 812-6006,2006-01-01,2007-01-01
58-606111,58,Caterer's Beer & Wine,ACTIVE,OldCatering 76,Kenneth Martin,929 7th Blvd,Carlsbad,CA,95142,San Diego,(760) 896-8504,2005-04-26,2006-04-26
58-908295,58,Caterer's Beer & Wine,ACTIVE,Banquets Newport Beach Valley,Steven Miller,4588 1st Blvd,Newport Beach,CA,95660,Orange,(949) 293-9328,2017-11-17,2018-11-17
58-331355,58,Caterer's Beer & Wine,ACTIVE,Catering Madera Hills LLC,David Williams,3657 3rd Pl #675,Madera,CA,95213,Fresno,(559) 887-4230,2014-03-15,2015-03-15
58-692737,58,Caterer's Beer & Wine,ACTIVE,NewParty Services Corp 82,David Jackson,2383 Madison Ln,Irvine,CA,94439,Orange,(714) 848-9992,2022-01-11,2023-01-11
58-553037,58,Caterer's Beer & Wine,ACTIVE,Event Catering Orange LLC,Paul Jones,8691 Maple Ct,Irvine,CA,94050,Orange,(949) 240-1809,2022-09-28,2023-09-28
58-941523,58,Caterer's Beer & Wine,ACTIVE,Event Catering Los Angeles Corp,Michelle Thomas Davis,1249 Pico Ln,Los Angeles,CA,93544,Los Angeles,(661) 299-3846,2012-11-17,2013-11-17
58-644493,58,Caterer's Beer & Wine,ACTIVE,Catering Los Angeles Co,Christopher Martin,9689 3rd Dr,Long Beach,CA,91438,Los Angeles,(323) 326-5442,2008-09-23,2009-09-23
58-352274,58,Caterer's Beer & Wine,ACTIVE,Events & Catering Roseville,Jennifer Smith,1262 Front Blvd,Roseville,CA,90597,Sacramento,(916) 261-3294,2008-04-18,2009-04-18
58-391570,58,Caterer's Beer & Wine,ACTIVE,Party Services,Christopher Jones Lopez,8062 Front Rd,Carlsbad,CA,92651,San Diego,(619) 892-3802,2019-08-20,2020-08-20
58-169472,58,Caterer's Beer & Wine,ACTIVE,TheCatering Oceanside 98,James Gonzalez,8269 5th Way #496,Oceanside,CA,90368,San Diego,(760) 394-8156,2017-12-06,2018-12-06
58-370068,58,Caterer's Beer & Wine,ACTIVE,Party Services Los Angeles,Matthew Davis,2465 6th Ct,Glendale,CA,94712,Los Angeles,(323) 887-4192,2019-12-04,2020-12-04
58-879878,58,Caterer's Beer & Wine,ACTIVE,Party Services San Bernardino Inc,Matthew Miller,6058 4th Ln,Victorville,CA,93678,San Bernardino,(909) 959-4253,2003-07-05,2004-07-05
58-833719,58,Caterer's Beer & Wine,ACTIVE,Events & Catering Sacramento 13,Mark Miller,9319 3rd St,Elk Grove,CA,95707,Sacramento,(916) 925-6566,2014-09-15,2015-09-15
58-185941,58,Caterer's Beer & Wine,ACTIVE,Catering Newport Beach,Paul Jackson Garcia,798 5th Way #392,Newport Beach,CA,95946,Orange,(714) 493-7853,2014-01-18,2015-01-18
58-143103,58,Caterer's Beer & Wine,ACTIVE,Events & Catering Burbank LLC,Anthony Williams,8700 Main Rd,Burbank,CA,93167,Los Angeles,(323) 760-5561,2006-02-24,2007-02-24
58-437005,58,Caterer's Beer & Wine,ACTIVE,NewBanquets Corp 7,Paul Rodriguez,3997 Market Ln,Sunnyvale,CA,92275,Santa Clara,(408) 612-6507,2016-11-01,2017-11-01
58-642595,58,Caterer's Beer & Wine,ACTIVE,Catering Company Glendale Valley Company 47,Maria Rodriguez,4295 Mission Pl #937,Glendale,CA,95883,Los Angeles,(626) 237-7405,2023-04-23,2024-04-23
58-331394,58,Caterer's Beer & Wine,ACTIVE,OldCatering Company Los Angeles Company 17,James Taylor,315 Sunset Ln,Burbank,CA,90426,Los Angeles,(818) 329-9613,2010-09-20,2011-09-20
58-892668,58,Caterer's Beer & Wine,ACTIVE,Catering Visalia Valley,William Martin Wilson,5866 Lincoln Ave,Visalia,CA,95823,Tulare,(559) 728-5313,2019-09-23,2020-09-23
58-124341,58,Caterer's Beer & Wine,ACTIVE,Event Catering Santa Ana,Maria Johnson,4691 Front St,Santa Ana,CA,94350,Orange,(949) 641-4358,2014-04-19,2015-04-19
58-708150,58,Caterer's Beer & Wine,ACTIVE,Catering Redwood City Corp,Paul Moore,3254 Wilshire Ln #855,Redwood City,CA,90495,San Mateo,(415) 582-6290,2010-05-03,2011-05-03
58-233862,58,Caterer's Beer & Wine,ACTIVE,OldEvent Catering 64,Christopher Davis Smith,9950 Maple Pl #163,Glendale,CA,91299,Los Angeles,(323) 481-1514,2018-12-03,2019-12-03
58-194528,58,Caterer's Beer & Wine,ACTIVE,NewParty Services Los Angeles Hills Inc 32,Kenneth Thomas,2823 Sunset Way,Los Angeles,CA,95819,Los Angeles,(626) 447-1455,2018-06-09,2019-06-09
58-621741,58,Caterer's Beer & Wine,ACTIVE,OldCatering 97,David Anderson,5095 Oak Pl,Los Angeles,CA,91550,Los Angeles,(310) 866-2473,2010-04-14,2011-04-14
58-752297,58,Caterer's Beer & Wine,ACTIVE,Catering,Kenneth Martinez,5496 Maple Way #137,San Diego,CA,95260,San Diego,(619) 538-5928,2009-12-26,2010-12-26
58-774619,58,Caterer's Beer & Wine,ACTIVE,Events & Catering Group,Paul Brown,358 Broadway Rd,Irvine,CA,90549,Orange,(657) 500-6825,2021-11-20,2022-11-20
58-910880,58,Caterer's Beer & Wine,ACTIVE,Party Services,Maria Miller Davis,5274 Hollywood Ct,Huntington Beach,CA,91262,Orange,(657) 460-7469,2000-05-06,2001-05-06
58-283088,58,Caterer's Beer & Wine,ACTIVE,Catering Company Los Angeles Co,John Lopez Wilson,930 Pico St,Long Beach,CA,92133,Los Angeles,(310) 683-2060,2000-02-09,2001-02-09
58-440940,58,Caterer's Beer & Wine,ACTIVE,Catering Company Carlsbad Hills,Maria Johnson,743 Mission Dr,Carlsbad,CA,93921,San Diego,(858) 880-1892,2001-02-19,2002-02-19
58-466755,58,Caterer's Beer & Wine,ACTIVE,Catering Oceanside Co,Anthony Rodriguez,1591 Jefferson Way,Oceanside,CA,90880,San Diego,(760) 679-6432,2003-11-27,2004-11-27
58-974864,58,Caterer's Beer & Wine,ACTIVE,NewCatering Company Sonoma 38,Christopher Martinez Jones,8197 Broadway St,Sonoma,CA,92065,Sonoma,(707) 258-9946,2011-10-05,2012-10-05
58-312951,58,Caterer's Beer & Wine,ACTIVE,OldEvent Catering Citrus Heights Company 25,Michael Johnson,2674 Main St,Citrus Heights,CA,91366,Sacramento,(279) 739-4992,2015-08-10,2016-08-10
58-933290,58,Caterer's Beer & Wine,ACTIVE,Party Services Co,Robert Miller Williams,7089 Jefferson Ave,Burbank,CA,93133,Los Angeles,(424) 811-2422,2023-06-13,2024-06-13
58-195973,58,Caterer's Beer & Wine,ACTIVE,Events & Catering Los Angeles Heights,Michelle Lopez Rodriguez,3398 Sunset Way #754,Los Angeles,CA,95957,Los Angeles,(424) 314-1850,2013-11-16,2014-11-16
58-988156,58,Caterer's Beer & Wine,ACTIVE,Event Catering,Michael Jackson,6958 Main Ave,Delano,CA,94608,Kern,(661) 819-2585,2020-09-27,2021-09-27
58-910226,58,Caterer's Beer & Wine,ACTIVE,Events & Catering,John Miller,5786 Market Ln,Rancho Cucamonga,CA,90410,San Bernardino,(760) 688-8251,2012-09-09,2013-09-09
58-381334,58,Caterer's Beer & Wine,ACTIVE,OldCatering Company 90,Maria Rodriguez,4565 Market Pl,Huntington Beach,CA,90619,Orange,(657) 460-9001,2022-02-09,2023-02-09
58-261575,58,Caterer's Beer & Wine,ACTIVE,Banquets,Steven Williams,6004 2nd Ct #913,Temecula,CA,92367,Riverside,(760) 909-3353,2009-05-08,2010-05-08
58-471251,58,Caterer's Beer & Wine,ACTIVE,Banquets,Steven Smith,4152 Maple Pl #161,Sonoma,CA,93865,Sonoma,(707) 783-7980,2018-03-23,2019-03-23
58-247581,58,Caterer's Beer & Wine,ACTIVE,Events & Catering Paso Robles,Mark Miller,2232 5th Ln,Paso Robles,CA,90594,San Luis Obispo,(805) 804-8589,2013-07-19,2014-07-19
58-429699,58,Caterer's Beer & Wine,ACTIVE,Events & Catering LLC 2,Lisa Anderson,8518 7th Dr,San Francisco,CA,91544,San Francisco,(628) 976-1768,2019-05-09,2020-05-09
58-630778,58,Caterer's Beer & Wine,ACTIVE,OldParty Services Carlsbad Corp 35,John Martin,1614 Lincoln Ln #648,Carlsbad,CA,92167,San Diego,(619) 417-3748,2017-10-15,2018-10-15
58-947490,58,Caterer's Beer & Wine,ACTIVE,OldEvents & Catering 22,Steven Davis,6445 Main Dr,Hayward,CA,93907,Alameda,(510) 343-8664,2011-02-28,2012-02-28
58-350301,58,Caterer's Beer & Wine,ACTIVE,Event Catering San Bernardino Inc,Michael Anderson Johnson,9996 2nd Dr #317,Victorville,CA,95727,San Bernardino,(760) 778-4422,2011-11-17,2012-11-17
58-610431,58,Caterer's Beer & Wine,ACTIVE,Catering Company,Andrew Gonzalez,3715 1st Blvd,Goleta,CA,92514,Santa Barbara,(805) 938-6300,2016-01-02,2017-01-02
58-791131,58,Caterer's Beer & Wine,ACTIVE,Events & Catering Corp,Michelle Moore,7804 2nd Ln,Clovis,CA,93233,Fresno,(559) 547-9136,2012-12-14,2013-12-14
58-907125,58,Caterer's Beer & Wine,ACTIVE,NewEvents & Catering Group 42,Maria Martinez,7502 7th Rd #690,Huntington Beach,CA,92373,Orange,(657) 273-9388,2010-03-15,2011-03-15
58-132100,58,Caterer's Beer & Wine,ACTIVE,Event Catering 62,Maria Martin,8449 4th Blvd,Burbank,CA,91663,Los Angeles,(626) 228-4341,2000-12-04,2001-12-04
58-801222,58,Caterer's Beer & Wine,ACTIVE,TheBanquets 99,Andrew Martinez,2860 4th Ln,Santa Ana,CA,93963,Orange,(714) 268-6253,2001-02-10,2002-02-10
58-965735,58,Caterer's Beer & Wine,ACTIVE,Event Catering San Diego,Maria Martinez,2078 7th Blvd,Oceanside,CA,95532,San Diego,(760) 989-2507,2015-09-26,2016-09-26
58-265424,58,Caterer's Beer & Wine,ACTIVE,Events & Catering Glendale LLC,Kenneth Wilson,4246 Hollywood Dr,Glendale,CA,91232,Los Angeles,(818) 221-4935,2013-06-28,2014-06-28
58-774934,58,Caterer's Beer & Wine,ACTIVE,TheEvents & Catering 4,Christopher Davis,1691 Maple Blvd,Livermore,CA,90748,Alameda,(510) 436-1509,2022-09-14,2023-09-14
58-472725,58,Caterer's Beer & Wine,ACTIVE,TheCatering Corp 97,Maria Gonzalez Wilson,1285 7th St #526,Riverside,CA,93183,Riverside,(760) 455-3529,2008-12-16,2009-12-16
58-952095,58,Caterer's Beer & Wine,ACTIVE,Event Catering Company,James Johnson,6184 Madison Pl,San Mateo,CA,91086,San Mateo,(650) 292-5445,2004-08-25,2005-08-25
58-510235,58,Caterer's Beer & Wine,ACTIVE,Catering Delano,Matthew Miller,6813 Maple Ln #377,Delano,CA,92384,Kern,(805) 538-2252,2021-09-16,2022-09-16
58-286200,58,Caterer's Beer & Wine,ACTIVE,Catering Company Corp,Anthony Jones Garcia,6869 Washington Ave,Burbank,CA,90700,Los Angeles,(213) 387-9423,2024-10-22,2025-10-22
58-721905,58,Caterer's Beer & Wine,ACTIVE,NewParty Services LLC 39,Christopher Johnson Martinez,8015 6th Ave #355,San Mateo,CA,93352,San Mateo,(650) 876-6875,2008-11-16,2009-11-16
58-884600,58,Caterer's Beer & Wine,ACTIVE,Banquets Riverside,Daniel Gonzalez,924 4th St,Palm Springs,CA,93385,Riverside,(760) 697-7874,2012-08-02,2013-08-02
58-754507,58,Caterer's Beer & Wine,ACTIVE,Events & Catering San Diego,Maria Davis,3913 Madison Ct,Carlsbad,CA,90348,San Diego,(858) 716-1816,2011-04-27,2012-04-27
58-338876,58,Caterer's Beer & Wine,ACTIVE,Catering,John Smith,9610 Sunset Dr,Glendale,CA,93112,Los Angeles,(661) 267-2183,2000-04-01,2001-04-01
58-998878,58,Caterer's Beer & Wine,ACTIVE,Banquets Alameda Inc,James Gonzalez,1820 Ocean St,Fremont,CA,93000,Alameda,(510) 593-5368,2006-03-23,2007-03-23
58-758101,58,Caterer's Beer & Wine,ACTIVE,NewBanquets San Francisco 43,John Williams Thomas,2519 Washington Dr,San Francisco,CA,93008,San Francisco,(628) 270-6305,2009-01-23,2010-01-23
58-474444,58,Caterer's Beer & Wine,ACTIVE,Event Catering Pasadena LLC,Christopher Wilson,229 Ocean Blvd,Pasadena,CA,90361,Los Angeles,(626) 828-6076,2002-02-23,2003-02-23
58-484197,58,Caterer's Beer & Wine,ACTIVE,Catering Riverside,Robert Davis,3974 Main Blvd,Palm Springs,CA,90524,Riverside,(951) 789-7302,2024-11-21,2025-11-21
58-662620,58,Caterer's Beer & Wine,ACTIVE,Event Catering,Maria Thomas,7933 6th St,Los Angeles,CA,90643,Los Angeles,(310) 275-8136,2015-05-05,2016-05-05
58-870130,58,Caterer's Beer & Wine,ACTIVE,Party Services Riverside,Daniel Moore,9088 Wilshire St,Corona,CA,91551,Riverside,(951) 888-6086,2009-05-14,2010-05-14
58-284439,58,Caterer's Beer & Wine,ACTIVE,TheEvents & Catering Inc 63,Maria Garcia,9927 Sunset Dr,Burbank,CA,93604,Los Angeles,(661) 757-6243,2008-12-26,2009-12-26
58-684347,58,Caterer's Beer & Wine,ACTIVE,Event Catering Los Angeles,Lisa Gonzalez,7647 Washington Ave,Los Angeles,CA,91727,Los Angeles,(818) 485-6056,2000-03-09,2001-03-09
58-847033,58,Caterer's Beer & Wine,ACTIVE,NewEvent Catering Inc 77,Andrew Hernandez,1043 Franklin Dr,Rancho Cucamonga,CA,94287,San Bernardino,(909) 917-1331,2013-03-20,2014-03-20
58-905013,58,Caterer's Beer & Wine,ACTIVE,Events & Catering Monterey Valley Group,Matthew Davis,6028 5th Dr #229,Monterey,CA,96194,Monterey,(831) 251-3195,2014-03-14,2015-03-14
58-203064,58,Caterer's Beer & Wine,ACTIVE,OldCatering 56,Lisa Rodriguez,5489 Oak Ave,Redwood City,CA,94281,San Mateo,(650) 393-2108,2009-10-15,2010-10-15
58-695504,58,Caterer's Beer & Wine,ACTIVE,Banquets Los Angeles,Matthew Garcia,8306 1st Way,Long Beach,CA,95184,Los Angeles,(818) 258-5018,2005-11-14,2006-11-14
58-491718,58,Caterer's Beer & Wine,ACTIVE,Party Services Inc,Maria Garcia,8773 Wilshire Ct,Goleta,CA,94916,Santa Barbara,(805) 851-3465,2016-01-14,2017-01-14
58-840725,58,Caterer's Beer & Wine,ACTIVE,Party Services Corp,Lisa Williams,2550 Jefferson Dr,Huntington Beach,CA,91886,Orange,(657) 971-6010,2009-01-26,2010-01-26
58-495558,58,Caterer's Beer & Wine,ACTIVE,Party Services Glendale LLC,Michael Garcia,6064 Maple Dr,Glendale,CA,93104,Los Angeles,(626) 635-1411,2015-06-16,2016-06-16
58-404375,58,Caterer's Beer & Wine,ACTIVE,Catering Company Thousand Oaks Corp,James Martinez,8175 1st Ave,Thousand Oaks,CA,91838,Ventura,(805) 372-3798,2023-09-13,2024-09-13
58-711887,58,Caterer's Beer & Wine,ACTIVE,Catering,John Rodriguez,8707 Jefferson Ln,Vallejo,CA,90613,Solano,(707) 520-5340,2022-08-20,2023-08-20
58-152790,58,Caterer's Beer & Wine,ACTIVE,Event Catering San Diego Co,James Brown,7740 2nd Blvd,Escondido,CA,93849,San Diego,(619) 676-5939,2013-10-21,2014-10-21
58-534414,58,Caterer's Beer & Wine,ACTIVE,Catering,Daniel Martin Wilson,329 3rd Blvd,Oceanside,CA,90407,San Diego,(858) 973-4828,2020-09-25,2021-09-25
58-162327,58,Caterer's Beer & Wine,ACTIVE,TheBanquets Los Angeles 29,Daniel Wilson,1800 1st St,Santa Monica,CA,92113,Los Angeles,(323) 395-9682,2021-10-18,2022-10-18
58-336827,58,Caterer's Beer & Wine,ACTIVE,Events & Catering Oceanside,Maria Taylor,1220 1st Ave,Oceanside,CA,95261,San Diego,(760) 581-1930,2012-01-01,2013-01-01
58-290319,58,Caterer's Beer & Wine,ACTIVE,Event Catering Group,Mark Martinez,1145 Ocean Rd,Escondido,CA,92860,San Diego,(760) 382-6770,2001-04-16,2002-04-16
58-507207,58,Caterer's Beer & Wine,ACTIVE,Party Services Sacramento Inc,Maria Williams,2334 7th Dr,Sacramento,CA,91357,Sacramento,(279) 528-4583,2015-07-22,2016-07-22
58-994763,58,Caterer's Beer & Wine,ACTIVE,TheCatering Group 30,David Miller,8311 Mission Dr,Oceanside,CA,94023,San Diego,(858) 649-9810,2014-12-20,2015-12-20
58-382707,58,Caterer's Beer & Wine,ACTIVE,Catering Company Company,Kenneth Jones,3440 Mission Blvd #445,Simi Valley,CA,95546,Ventura,(805) 800-6993,2006-02-12,2007-02-12
58-109570,58,Caterer's Beer & Wine,ACTIVE,Events & Catering Group,Matthew Jones,6644 1st Way #880,Pleasant Hill,CA,92333,Contra Costa,(510) 426-4084,2013-10-12,2014-10-12
58-145350,58,Caterer's Beer & Wine,ACTIVE,Catering Company Co,Lisa Thomas Taylor,8554 Washington Dr #504,Corona,CA,96157,Riverside,(760) 224-7271,2004-06-07,2005-06-07
58-450566,58,Caterer's Beer & Wine,ACTIVE,Events & Catering,James Brown,8636 7th Dr,Santa Monica,CA,93757,Los Angeles,(213) 396-5952,2002-03-14,2003-03-14
58-812224,58,Caterer's Beer & Wine,ACTIVE,TheEvents & Catering Vallejo Group 55,Michelle Smith,3471 Ocean Ct #346,Vallejo,CA,95912,Solano,(707) 510-2679,2019-11-13,2020-11-13
58-488417,58,Caterer's Beer & Wine,ACTIVE,Banquets Irvine Co,Jennifer Martin,1071 Pico Blvd,Irvine,CA,91519,Orange,(657) 471-3074,2005-04-16,2006-04-16
58-818340,58,Caterer's Beer & Wine,ACTIVE,NewCatering Bakersfield Group 6,Matthew Smith,4858 Front Ave #937,Bakersfield,CA,93834,Kern,(661) 842-3105,2024-01-07,2025-01-07
58-831960,58,Caterer's Beer & Wine,ACTIVE,Catering 87,David Anderson,4076 Mission Way,San Francisco,CA,90125,San Francisco,(628) 751-6952,2008-07-04,2009-07-04
58-909285,58,Caterer's Beer & Wine,ACTIVE,Event Catering Group,Maria Gonzalez,5909 Maple Pl #674,Rancho Cucamonga,CA,91183,San Bernardino,(760) 492-3805,2006-04-08,2007-04-08
58-695021,58,Caterer's Beer & Wine,ACTIVE,TheParty Services Los Angeles Heights 95,Steven Williams,1145 Hollywood Ct #923,Los Angeles,CA,91363,Los Angeles,(424) 376-4160,2000-10-21,2001-10-21
58-648576,58,Caterer's Beer & Wine,ACTIVE,Catering Company San Bernardino,David Miller Williams,6097 Broadway Blvd,Victorville,CA,94306,San Bernardino,(760) 369-4468,2006-06-27,2007-06-27
58-438394,58,Caterer's Beer & Wine,ACTIVE,Event Catering Los Angeles,Maria Jones,3671 Lincoln Ave #326,Santa Monica,CA,95917,Los Angeles,(818) 635-4760,2003-07-13,2004-07-13
58-869097,58,Caterer's Beer & Wine,ACTIVE,Banquets,Maria Hernandez,5681 Jefferson Ct,Santa Monica,CA,90070,Los Angeles,(323) 696-7523,2014-03-09,2015-03-09
58-210612,58,Caterer's Beer & Wine,ACTIVE,NewCatering Company 64,Robert Jackson,5087 5th Ct,Vallejo,CA,93629,Solano,(707) 836-9012,2018-04-28,2019-04-28
58-371201,58,Caterer's Beer & Wine,ACTIVE,Event Catering Group,Anthony Miller,8705 Market Ct,Newport Beach,CA,92727,Orange,(714) 414-2362,2013-07-05,2014-07-05
58-123689,58,Caterer's Beer & Wine,ACTIVE,Banquets San Francisco,Maria Gonzalez,7510 Market St #818,San Francisco,CA,94589,San Francisco,(415) 360-7949,2001-03-19,2002-03-19
58-110166,58,Caterer's Beer & Wine,ACTIVE,OldEvent Catering Co 46,Matthew Miller,2896 Lincoln St,Los Angeles,CA,94639,Los Angeles,(661) 231-2804,2002-04-17,2003-04-17
58-412906,58,Caterer's Beer & Wine,ACTIVE,Event Catering,Michael Gonzalez,6659 Main Way,Los Angeles,CA,95862,Los Angeles,(818) 451-5188,2018-09-21,2019-09-21
58-612032,58,Caterer's Beer & Wine,ACTIVE,Events & Catering Palo Alto,James Brown,9114 Wilshire Ave,Palo Alto,CA,96012,Santa Clara,(669) 908-5486,2019-12-16,2020-12-16
58-293367,58,Caterer's Beer & Wine,ACTIVE,Events & Catering Fresno,Steven Wilson,6247 Maple Ln,Clovis,CA,95452,Fresno,(559) 892-6703,2000-09-11,2001-09-11
58-593436,58,Caterer's Beer & Wine,ACTIVE,Event Catering Turlock,Jennifer Jackson,5081 Franklin Ave,Turlock,CA,91919,Stanislaus,(209) 573-8944,2016-05-19,2017-05-19
58-617278,58,Caterer's Beer & Wine,ACTIVE,Event Catering Los Angeles Group,Steven Davis,6411 3rd St,Santa Monica,CA,90740,Los Angeles,(323) 878-8172,2023-12-24,2024-12-24
58-130354,58,Caterer's Beer & Wine,ACTIVE,Events & Catering,Andrew Moore,436 Wilshire St #399,Citrus Heights,CA,95672,Sacramento,(279) 665-3456,2008-02-16,2009-02-16
58-297473,58,Caterer's Beer & Wine,ACTIVE,Catering Santa Monica Corp,Jennifer Jones,717 2nd St,Santa Monica,CA,92789,Los Angeles,(213) 306-8296,2002-07-18,2003-07-18
58-617478,58,Caterer's Beer & Wine,ACTIVE,Party Services LLC 84,Daniel Williams Garcia,1199 Broadway St,Santa Monica,CA,92320,Los Angeles,(626) 908-6998,2014-06-16,2015-06-16
58-475274,58,Caterer's Beer & Wine,ACTIVE,Events & Catering,Matthew Gonzalez,4255 Market Rd,Pasadena,CA,93989,Los Angeles,(818) 212-3058,2015-02-11,2016-02-11
58-712325,58,Caterer's Beer & Wine,ACTIVE,Events & Catering Solano,Matthew Smith,5548 Maple Dr,Vacaville,CA,90698,Solano,(707) 402-5822,2023-09-03,2024-09-03
58-395155,58,Caterer's Beer & Wine,ACTIVE,Event Catering Group,Kenneth Davis,2204 Wilshire Ln,Los Angeles,CA,91139,Los Angeles,(661) 499-8661,2002-08-17,2003-08-17
58-484140,58,Caterer's Beer & Wine,ACTIVE,Events & Catering Santa Maria Heights,Maria Wilson,605 State Ct #426,Santa Maria,CA,93777,Santa Barbara,(805) 440-7986,2024-02-11,2025-02-11
58-111209,58,Caterer's Beer & Wine,ACTIVE,Catering Co,Steven Lopez,2265 1st Way #309,Livermore,CA,91292,Alameda,(925) 868-6113,2018-03-26,2019-03-26
58-761198,58,Caterer's Beer & Wine,ACTIVE,Catering Company Inc,Christopher Hernandez Martinez,2594 6th Blvd,Chula Vista,CA,91102,San Diego,(619) 673-4054,2006-07-11,2007-07-11
58-892210,58,Caterer's Beer & Wine,ACTIVE,Events & Catering Corp 45,David Gonzalez,8626 Jefferson Blvd,Glendale,CA,94521,Los Angeles,(626) 864-9557,2009-04-02,2010-04-02
58-189832,58,Caterer's Beer & Wine,ACTIVE,OldEvent Catering Thousand Oaks 37,Lisa Moore,6875 6th Ct,Thousand Oaks,CA,92219,Ventura,(820) 845-4143,2012-10-21,2013-10-21
58-438832,58,Caterer's Beer & Wine,ACTIVE,Party Services Santa Barbara,Mark Hernandez Martinez,2922 5th Pl #936,Santa Maria,CA,90029,Santa Barbara,(820) 853-9219,2007-12-04,2008-12-04
58-944831,58,Caterer's Beer & Wine,ACTIVE,Catering Company Sonoma Inc,Steven Smith,1054 2nd Pl #550,Petaluma,CA,95731,Sonoma,(707) 465-5486,2020-10-05,2021-10-05
58-264017,58,Caterer's Beer & Wine,ACTIVE,NewParty Services Group 74,Matthew Jackson,5890 Washington Ln #127,Oceanside,CA,95115,San Diego,(760) 505-4989,2017-12-04,2018-12-04
58-297746,58,Caterer's Beer & Wine,ACTIVE,Catering,Maria Davis,7693 Lincoln Blvd,Porterville,CA,94342,Tulare,(559) 350-6692,2023-02-23,2024-02-23
58-940099,58,Caterer's Beer & Wine,ACTIVE,Catering Palm Springs Corp,Anthony Lopez,691 2nd Dr,Palm Springs,CA,92471,Riverside,(951) 751-8285,2000-03-22,2001-03-22
58-230059,58,Caterer's Beer & Wine,ACTIVE,Catering Company Kern,Daniel Brown,1228 Wilshire Pl #165,Delano,CA,96174,Kern,(805) 409-9806,2024-08-10,2025-08-10
58-185980,58,Caterer's Beer & Wine,ACTIVE,NewCatering Company 64,Daniel Gonzalez,7834 Oak Ln,Victorville,CA,92468,San Bernardino,(909) 581-6967,2024-09-11,2025-09-11
58-686910,58,Caterer's Beer & Wine,ACTIVE,Catering Company,Michael Garcia,9934 Ocean Blvd,Hayward,CA,93417,Alameda,(510) 906-6699,2024-09-21,2025-09-21
58-508084,58,Caterer's Beer & Wine,ACTIVE,Catering Company Group,Anthony Hernandez,7651 Hollywood Blvd,San Diego,CA,92488,San Diego,(858) 722-9453,2012-04-09,2013-04-09
58-967377,58,Caterer's Beer & Wine,ACTIVE,NewParty Services Berkeley LLC 36,James Lopez,2346 1st Rd,Berkeley,CA,94476,Alameda,(510) 900-5395,2023-09-25,2024-09-25
58-402851,58,Caterer's Beer & Wine,ACTIVE,Events & Catering Group,William Gonzalez,6712 5th Rd,Glendale,CA,94123,Los Angeles,(323) 613-1474,2000-01-05,2001-01-05
58-718628,58,Caterer's Beer & Wine,ACTIVE,Banquets Burbank Hills,Mark Jones,3221 Pico Rd,Burbank,CA,91331,Los Angeles,(661) 575-1767,2001-07-11,2002-07-11
58-242212,58,Caterer's Beer & Wine,ACTIVE,Event Catering Los Angeles,Mark Thomas,7103 State St,Santa Monica,CA,94489,Los Angeles,(424) 377-5420,2022-09-20,2023-09-20
58-199455,58,Caterer's Beer & Wine,ACTIVE,TheBanquets Company 46,James Brown,2605 Main Dr #607,Newport Beach,CA,93799,Orange,(714) 554-3045,2021-08-13,2022-08-13
58-716402,58,Caterer's Beer & Wine,ACTIVE,Catering,Daniel Brown Martin,9522 Sunset Ave #386,Pasadena,CA,95185,Los Angeles,(424) 863-7738,2016-02-13,2017-02-13
58-347538,58,Caterer's Beer & Wine,ACTIVE,Events & Catering Monterey 56,Matthew Miller,1470 Lincoln Ct #749,Monterey,CA,94993,Monterey,(831) 526-5353,2020-10-06,2021-10-06
58-183040,58,Caterer's Beer & Wine,ACTIVE,Event Catering Corp,Matthew Miller,9088 1st Rd,Stockton,CA,92807,San Joaquin,(209) 625-7535,2011-12-28,2012-12-28
58-147123,58,Caterer's Beer & Wine,ACTIVE,Banquets Inc 48,Christopher Smith,7606 1st Rd,Ontario,CA,93060,San Bernardino,(909) 787-7489,2015-10-21,2016-10-21
58-780018,58,Caterer's Beer & Wine,ACTIVE,Banquets,Kenneth Garcia,6109 6th St,San Jose,CA,90305,Santa Clara,(669) 334-9630,2000-07-09,2001-07-09
58-670600,58,Caterer's Beer & Wine,ACTIVE,Event Catering San Mateo Hills LLC,William Moore,4307 7th Ct,San Mateo,CA,93883,San Mateo,(415) 830-5326,2005-06-08,2006-06-08
58-800965,58,Caterer's Beer & Wine,ACTIVE,NewBanquets Group 55,Jennifer Davis,3745 Maple Rd #206,Pasadena,CA,94307,Los Angeles,(310) 316-3330,2006-10-01,2007-10-01
58-873116,58,Caterer's Beer & Wine,ACTIVE,Banquets Inc,David Thomas,8913 Sunset Ln,Simi Valley,CA,91515,Ventura,(820) 322-4630,2001-10-22,2002-10-22
58-642820,58,Caterer's Beer & Wine,ACTIVE,TheBanquets Newport Beach Hills Group 64,Jennifer Wilson Martinez,7686 Lincoln Blvd,Newport Beach,CA,95303,Orange,(714) 510-1994,2016-08-18,2017-08-18
58-344111,58,Caterer's Beer & Wine,ACTIVE,Catering Company Burbank,Michael Johnson Miller,1354 Hollywood St,Burbank,CA,95620,Los Angeles,(626) 200-7950,2006-11-10,2007-11-10
58-343735,58,Caterer's Beer & Wine,ACTIVE,TheEvent Catering Escondido Valley 53,Andrew Martinez Gonzalez,401 1st Pl,Escondido,CA,91735,San Diego,(858) 850-6281,2016-12-19,2017-12-19
58-334780,58,Caterer's Beer & Wine,ACTIVE,TheBanquets Fremont 52,Anthony Thomas Anderson,9809 Franklin Dr #469,Fremont,CA,94925,Alameda,(510) 819-4050,2012-06-07,2013-06-07
58-864112,58,Caterer's Beer & Wine,ACTIVE,Catering,Anthony Taylor,6027 Madison Rd #195,Fremont,CA,94411,Alameda,(925) 205-4894,2005-06-13,2006-06-13
58-271072,58,Caterer's Beer & Wine,ACTIVE,Catering Company Los Angeles Corp,Maria Lopez,7065 3rd Way,Long Beach,CA,94210,Los Angeles,(661) 241-2873,2005-04-18,2006-04-18
58-147147,58,Caterer's Beer & Wine,ACTIVE,Banquets Ventura,Mark Jones,1172 Broadway Ct,Ventura,CA,91658,Ventura,(805) 946-8301,2021-04-08,2022-04-08
58-767058,58,Caterer's Beer & Wine,ACTIVE,TheBanquets 70,John Martinez,5223 Hollywood Way,Sunnyvale,CA,92652,Santa Clara,(669) 217-2231,2022-05-19,2023-05-19
58-325996,58,Caterer's Beer & Wine,ACTIVE,OldCatering Company 90,Michelle Miller,9533 Mission Pl,Anaheim,CA,91225,Orange,(657) 659-1595,2009-09-12,2010-09-12
58-895640,58,Caterer's Beer & Wine,ACTIVE,Events & Catering Burbank,Christopher Gonzalez,9572 Franklin Rd,Burbank,CA,90358,Los Angeles,(626) 815-3034,2013-02-03,2014-02-03
58-975374,58,Caterer's Beer & Wine,ACTIVE,OldEvents & Catering 54,Mark Martinez,4795 5th Rd #796,Los Angeles,CA,92344,Los Angeles,(626) 548-1622,2021-01-27,2022-01-27
58-917567,58,Caterer's Beer & Wine,ACTIVE,Catering Company,Kenneth Jones,1174 5th Pl #726,Burbank,CA,94103,Los Angeles,(626) 937-4032,2018-06-28,2019-06-28
58-596768,58,Caterer's Beer & Wine,ACTIVE,Catering Santa Monica,Daniel Anderson,2964 Ocean St,Santa Monica,CA,90835,Los Angeles,(213) 602-2254,2004-08-28,2005-08-28
58-443900,58,Caterer's Beer & Wine,ACTIVE,OldParty Services Riverside 96,Jennifer Rodriguez,1722 6th St,Riverside,CA,90145,Riverside,(951) 466-7499,2006-04-26,2007-04-26
58-446739,58,Caterer's Beer & Wine,ACTIVE,Catering Company Monterey,Lisa Williams,156 Broadway Pl,Monterey,CA,92475,Monterey,(831) 624-2308,2004-03-27,2005-03-27
58-712994,58,Caterer's Beer & Wine,ACTIVE,Catering,Michael Garcia,767 Washington St,Sacramento,CA,90565,Sacramento,(916) 378-1699,2023-03-05,2024-03-05
58-357366,58,Caterer's Beer & Wine,ACTIVE,TheBanquets Long Beach LLC 81,Andrew Anderson,5396 Washington Ave,Long Beach,CA,94252,Los Angeles,(213) 978-8800,2004-11-11,2005-11-11
58-845578,58,Caterer's Beer & Wine,ACTIVE,Banquets Santa Clara,David Miller Smith,4380 State Ct,Santa Clara,CA,94428,Santa Clara,(408) 489-2049,2015-12-25,2016-12-25
58-609013,58,Caterer's Beer & Wine,ACTIVE,Banquets Palo Alto Heights Group 10,Paul Williams,1957 Sunset Ln,Palo Alto,CA,93493,Santa Clara,(408) 415-9195,2010-09-23,2011-09-23
58-802970,58,Caterer's Beer & Wine,ACTIVE,Catering Company,Kenneth Garcia,5099 7th Pl,Seaside,CA,95788,Monterey,(831) 223-8884,2019-09-16,2020-09-16
58-978867,58,Caterer's Beer & Wine,ACTIVE,NewEvents & Catering LLC 36,Anthony Hernandez,8352 Wilshire Blvd,Ontario,CA,94266,San Bernardino,(760) 623-1692,2009-09-09,2010-09-09
58-979819,58,Caterer's Beer & Wine,ACTIVE,Catering Rancho Cucamonga Corp,Christopher Gonzalez,6535 7th St #553,Rancho Cucamonga,CA,90770,San Bernardino,(909) 603-1404,2009-12-04,2010-12-04
58-715566,58,Caterer's Beer & Wine,ACTIVE,Catering Company 48,Daniel Thomas,6976 7th Ave #661,South San Francisco,CA,92919,San Mateo,(650) 877-1052,2022-01-13,2023-01-13
58-943708,58,Caterer's Beer & Wine,ACTIVE,TheBanquets San Diego 94,Steven Martinez,2111 Ocean Rd #631,Carlsbad,CA,95757,San Diego,(858) 374-4982,2007-01-26,2008-01-26
58-965620,58,Caterer's Beer & Wine,ACTIVE,Banquets San Diego Co,Andrew Jackson,7776 Hollywood St,San Diego,CA,95214,San Diego,(619) 770-2863,2020-04-11,2021-04-11
58-713154,58,Caterer's Beer & Wine,ACTIVE,Banquets,Maria Anderson,7632 Market Ln,Glendale,CA,95026,Los Angeles,(818) 253-9943,2013-11-13,2014-11-13
58-780598,58,Caterer's Beer & Wine,ACTIVE,Event Catering Pasadena,Michael Taylor,229 Maple Way #905,Pasadena,CA,93450,Los Angeles,(323) 672-2419,2010-05-04,2011-05-04
58-558989,58,Caterer's Beer & Wine,ACTIVE,Catering Company,Anthony Lopez Wilson,7446 Lincoln Blvd,Pasadena,CA,91521,Los Angeles,(310) 333-7682,2009-07-21,2010-07-21
58-783705,58,Caterer's Beer & Wine,ACTIVE,NewParty Services Santa Maria 44,Mark Miller,7204 Hollywood Dr #266,Santa Maria,CA,94526,Santa Barbara,(820) 779-3609,2012-06-01,2013-06-01
58-114027,58,Caterer's Beer & Wine,ACTIVE,Banquets,Steven Wilson,9593 Lincoln Pl #651,Santa Ana,CA,90139,Orange,(949) 355-6638,2011-02-09,2012-02-09
58-596034,58,Caterer's Beer & Wine,ACTIVE,Catering,John Martinez,4498 Maple Blvd,Escondido,CA,90598,San Diego,(858) 830-1333,2001-05-02,2002-05-02
58-177931,58,Caterer's Beer & Wine,ACTIVE,Banquets Orange,Mark Lopez Martin,164 Oak Pl #232,Irvine,CA,95974,Orange,(657) 919-8714,2002-08-16,2003-08-16
58-995573,58,Caterer's Beer & Wine,ACTIVE,OldParty Services 100,Maria Anderson,4037 Sunset Ln,San Mateo,CA,90102,San Mateo,(415) 659-3741,2008-07-01,2009-07-01
58-175743,58,Caterer's Beer & Wine,ACTIVE,Events & Catering,David Davis,4239 Front Ave #698,San Bernardino,CA,90704,San Bernardino,(909) 366-8811,2005-10-26,2006-10-26
58-869516,58,Caterer's Beer & Wine,ACTIVE,Banquets San Bernardino Heights,Jennifer Thomas,6919 Broadway Ln,San Bernardino,CA,90880,San Bernardino,(760) 884-8672,2007-10-03,2008-10-03
58-848437,58,Caterer's Beer & Wine,ACTIVE,Banquets Santa Clara Heights LLC,William Miller Williams,6541 Broadway Pl,Santa Clara,CA,91067,Santa Clara,(408) 434-6903,2011-05-06,2012-05-06
58-584572,58,Caterer's Beer & Wine,ACTIVE,Catering Los Angeles Group 56,Kenneth Williams,7794 2nd Ct #804,Santa Monica,CA,91156,Los Angeles,(424) 448-1288,2015-03-23,2016-03-23
58-678654,58,Caterer's Beer & Wine,ACTIVE,Event Catering Solano,John Hernandez Anderson,1687 Washington Ln,Vallejo,CA,94917,Solano,(707) 963-8936,2001-02-24,2002-02-24
58-463981,58,Caterer's Beer & Wine,ACTIVE,Catering Corp 21,David Taylor,8460 Wilshire Pl,Victorville,CA,93853,San Bernardino,(760) 933-2613,2007-09-17,2008-09-17
58-839407,58,Caterer's Beer & Wine,ACTIVE,Event Catering Oceanside,Daniel Wilson,1086 4th Blvd,Oceanside,CA,95897,San Diego,(760) 356-8939,2004-10-16,2005-10-16
58-274219,58,Caterer's Beer & Wine,ACTIVE,NewEvent Catering 74,James Jones,1626 Sunset Way,Los Angeles,CA,95498,Los Angeles,(626) 680-8755,2008-06-24,2009-06-24
58-259082,58,Caterer's Beer & Wine,ACTIVE,OldParty Services Vallejo Company 68,Kenneth Smith,8127 5th Pl #777,Vallejo,CA,91120,Solano,(707) 350-7035,2020-03-16,2021-03-16
58-307047,58,Caterer's Beer & Wine,ACTIVE,Catering Company Tulare Company 76,Anthony Smith,6271 7th Dr,Porterville,CA,95232,Tulare,(559) 414-8767,2002-12-21,2003-12-21
58-352471,58,Caterer's Beer & Wine,ACTIVE,Banquets Company,Lisa Anderson,3268 Wilshire Ln #130,Livermore,CA,93027,Alameda,(925) 755-6188,2003-02-27,2004-02-27
58-108540,58,Caterer's Beer & Wine,ACTIVE,Event Catering 12,Paul Miller,6274 5th Blvd,Oceanside,CA,95608,San Diego,(760) 815-5736,2018-04-07,2019-04-07
58-249758,58,Caterer's Beer & Wine,ACTIVE,Banquets San Luis Obispo Valley 82,David Wilson,7413 Hollywood Ln,San Luis Obispo,CA,96129,San Luis Obispo,(805) 803-7120,2012-11-17,2013-11-17
58-278404,58,Caterer's Beer & Wine,ACTIVE,Party Services,Jennifer Martinez Thomas,2888 Maple St,Citrus Heights,CA,94976,Sacramento,(279) 846-9412,2003-10-18,2004-10-18
58-695434,58,Caterer's Beer & Wine,ACTIVE,Events & Catering San Francisco LLC,James Jones,6016 3rd Ct,San Francisco,CA,91711,San Francisco,(628) 352-1595,2015-04-06,2016-04-06
58-873137,58,Caterer's Beer & Wine,ACTIVE,Banquets Orange,Michelle Williams,773 6th Way,Newport Beach,CA,95054,Orange,(714) 234-7772,2008-03-13,2009-03-13
58-415645,58,Caterer's Beer & Wine,ACTIVE,Events & Catering,Michael Williams,2506 Broadway St #653,Temecula,CA,92981,Riverside,(760) 596-4476,2021-12-14,2022-12-14
58-962447,58,Caterer's Beer & Wine,ACTIVE,TheCatering Santa Ana Company 99,Daniel Lopez,9259 Hollywood Way,Santa Ana,CA,91805,Orange,(657) 416-3745,2001-05-16,2002-05-16
58-632737,58,Caterer's Beer & Wine,ACTIVE,OldCatering Chula Vista Heights 3,Maria Smith,4417 1st Ln #942,Chula Vista,CA,93472,San Diego,(760) 928-1371,2003-08-27,2004-08-27
58-806327,58,Caterer's Beer & Wine,ACTIVE,Banquets San Joaquin Co,Maria Moore Moore,5919 Lincoln Pl,Lodi,CA,93433,San Joaquin,(209) 619-2406,2000-10-24,2001-10-24
58-568564,58,Caterer's Beer & Wine,ACTIVE,Party Services San Diego,Paul Anderson Jones,3687 Franklin Rd #706,Escondido,CA,92028,San Diego,(760) 523-4038,2003-05-04,2004-05-04
58-179719,58,Caterer's Beer & Wine,ACTIVE,TheEvent Catering Co 7,Jennifer Martinez,344 Oak St #997,Porterville,CA,91531,Tulare,(559) 444-2063,2013-04-12,2014-04-12
58-450545,58,Caterer's Beer & Wine,ACTIVE,TheEvents & Catering Oceanside Hills LLC 66,Robert Jackson,1439 Jefferson Dr,Oceanside,CA,90340,San Diego,(619) 261-3905,2009-09-03,2010-09-03
58-410708,58,Caterer's Beer & Wine,ACTIVE,Party Services Corp,Jennifer Martinez Miller,4710 Pico Dr #198,Fairfield,CA,92425,Solano,(707) 338-3742,2018-07-13,2019-07-13
58-497207,58,Caterer's Beer & Wine,ACTIVE,Catering Los Angeles Corp,Michelle Smith Taylor,254 3rd St,Los Angeles,CA,92067,Los Angeles,(310) 326-4978,2008-03-22,2009-03-22
58-165818,58,Caterer's Beer & Wine,ACTIVE,Event Catering Palo Alto Corp,Matthew Miller,7053 Main St #319,Palo Alto,CA,93772,Santa Clara,(408) 304-1186,2013-08-25,2014-08-25
58-299910,58,Caterer's Beer & Wine,ACTIVE,Event Catering,Daniel Hernandez,6383 3rd Dr,Burbank,CA,90836,Los Angeles,(310) 379-2641,2010-10-17,2011-10-17
58-751130,58,Caterer's Beer & Wine,ACTIVE,NewCatering Company Long Beach Co 44,Jennifer Moore Wilson,4939 5th Ct,Long Beach,CA,91962,Los Angeles,(213) 391-6404,2022-08-10,2023-08-10
58-791933,58,Caterer's Beer & Wine,ACTIVE,OldBanquets Los Angeles Company 69,Michelle Anderson,1397 Washington Ln,Glendale,CA,95398,Los Angeles,(818) 540-7308,2004-06-25,2005-06-25
58-504008,58,Caterer's Beer & Wine,ACTIVE,Events & Catering Palm Springs Corp,Daniel Thomas,5397 Oak Dr,Palm Springs,CA,94900,Riverside,(951) 369-6696,2016-04-05,2017-04-05
58-765803,58,Caterer's Beer & Wine,ACTIVE,NewEvents & Catering Chula Vista Hills 21,Paul Rodriguez,7026 Jefferson Rd,Chula Vista,CA,90598,San Diego,(858) 577-9487,2022-02-19,2023-02-19
58-888428,58,Caterer's Beer & Wine,ACTIVE,Events & Catering San Luis Obispo Company,Maria Rodriguez,4280 4th Way,Paso Robles,CA,94039,San Luis Obispo,(805) 797-5162,2009-04-03,2010-04-03
58-794586,58,Caterer's Beer & Wine,ACTIVE,Event Catering LLC,Lisa Taylor,5781 Wilshire Way #584,Burbank,CA,92952,Los Angeles,(626) 961-6342,2003-05-20,2004-05-20
58-601700,58,Caterer's Beer & Wine,ACTIVE,NewParty Services Group 72,Lisa Rodriguez,9757 1st Dr #429,Simi Valley,CA,93596,Ventura,(820) 866-6383,2018-03-23,2019-03-23
58-134206,58,Caterer's Beer & Wine,ACTIVE,Catering Los Angeles,James Anderson Moore,3303 Washington Rd,Los Angeles,CA,91265,Los Angeles,(213) 380-8534,2002-02-23,2003-02-23
58-108950,58,Caterer's Beer & Wine,ACTIVE,Catering Company Palm Springs Corp,Jennifer Johnson,2208 Sunset Ln #681,Palm Springs,CA,93063,Riverside,(760) 521-4874,2010-10-05,2011-10-05
58-604664,58,Caterer's Beer & Wine,ACTIVE,Event Catering,Paul Thomas,4839 4th Blvd,Redwood City,CA,93102,San Mateo,(650) 560-6482,2010-01-12,2011-01-12
58-974593,58,Caterer's Beer & Wine,ACTIVE,TheBanquets Citrus Heights Valley Company 32,Matthew Williams,9184 Front Ln,Citrus Heights,CA,95804,Sacramento,(279) 473-7776,2014-11-13,2015-11-13
58-576114,58,Caterer's Beer & Wine,ACTIVE,Event Catering Seaside LLC,Andrew Davis,1348 Oak Way,Seaside,CA,95299,Monterey,(831) 973-8785,2000-09-24,2001-09-24
58-451350,58,Caterer's Beer & Wine,ACTIVE,TheCatering Company Rocklin 11,Christopher Moore,3967 1st Dr,Rocklin,CA,94754,Placer,(916) 624-3353,2012-01-09,2013-01-09
58-153807,58,Caterer's Beer & Wine,ACTIVE,Catering Company,William Rodriguez Williams,6753 5th Blvd,Rocklin,CA,95891,Placer,(530) 913-5329,2004-07-23,2005-07-23
58-683509,58,Caterer's Beer & Wine,ACTIVE,Events & Catering Burbank,Jennifer Rodriguez,4918 3rd Pl,Burbank,CA,91358,Los Angeles,(213) 238-1002,2020-01-22,2021-01-22
58-365128,58,Caterer's Beer & Wine,ACTIVE,Event Catering Los Angeles Heights,Mark Lopez,3874 2nd St,Los Angeles,CA,94832,Los Angeles,(310) 626-4774,2000-09-08,2001-09-08
58-378784,58,Caterer's Beer & Wine,ACTIVE,Events & Catering,Christopher Rodriguez,8909 Pico Blvd #783,Escondido,CA,92235,San Diego,(619) 227-1702,2009-07-22,2010-07-22
58-768361,58,Caterer's Beer & Wine,ACTIVE,Catering Company Pasadena Heights,Maria Lopez Hernandez,963 Front Dr,Pasadena,CA,92969,Los Angeles,(818) 920-6498,2008-09-01,2009-09-01
58-719809,58,Caterer's Beer & Wine,ACTIVE,Catering,Kenneth Martinez,4970 Franklin Blvd,Riverside,CA,90984,Riverside,(760) 871-6246,2001-01-22,2002-01-22
58-254089,58,Caterer's Beer & Wine,ACTIVE,Catering Company,Steven Rodriguez,3473 Maple Ln,Glendale,CA,95673,Los Angeles,(661) 955-2556,2001-05-06,2002-05-06
58-660271,58,Caterer's Beer & Wine,ACTIVE,Catering Company,Kenneth Anderson,2272 5th Ln #469,Glendale,CA,96128,Los Angeles,(424) 680-2846,2020-05-12,2021-05-12
58-965571,58,Caterer's Beer & Wine,ACTIVE,TheEvents & Catering Long Beach Hills 78,Jennifer Miller,8246 Ocean Rd,Long Beach,CA,91020,Los Angeles,(213) 385-9349,2022-01-12,2023-01-12
58-329848,58,Caterer's Beer & Wine,ACTIVE,Catering Company Palm Springs Co,James Wilson Jones,4686 Pico Way,Palm Springs,CA,92160,Riverside,(951) 343-9076,2015-07-26,2016-07-26
58-931713,58,Caterer's Beer & Wine,ACTIVE,Catering Elk Grove Valley,Andrew Anderson Thomas,9398 7th St,Elk Grove,CA,95480,Sacramento,(916) 619-1996,2007-07-09,2008-07-09
58-479885,58,Caterer's Beer & Wine,ACTIVE,Banquets Corp,Maria Lopez,9099 Mission Blvd,San Francisco,CA,92668,San Francisco,(415) 636-8612,2002-03-22,2003-03-22
58-466192,58,Caterer's Beer & Wine,ACTIVE,Events & Catering Corona Heights Inc,Michael Lopez,8075 1st St,Corona,CA,90726,Riverside,(760) 682-8802,2022-09-10,2023-09-10
58-751932,58,Caterer's Beer & Wine,ACTIVE,Event Catering,Maria Brown,9552 Market Ln,Pleasant Hill,CA,95161,Contra Costa,(925) 252-2901,2001-07-14,2002-07-14
58-160198,58,Caterer's Beer & Wine,ACTIVE,Events & Catering Long Beach,David Smith,9397 2nd Ave,Long Beach,CA,94266,Los Angeles,(310) 329-9390,2024-12-03,2025-12-03
58-352965,58,Caterer's Beer & Wine,ACTIVE,NewParty Services Corp 75,Paul Brown,8897 Sunset Dr,Santa Clara,CA,92109,Santa Clara,(669) 463-5603,2017-03-04,2018-03-04
58-850438,58,Caterer's Beer & Wine,ACTIVE,Events & Catering,John Hernandez,3237 2nd Pl,Burbank,CA,95477,Los Angeles,(818) 536-9448,2023-03-09,2024-03-09
58-352074,58,Caterer's Beer & Wine,ACTIVE,Banquets Palo Alto Corp,Andrew Johnson,597 Maple Pl,Palo Alto,CA,91481,Santa Clara,(669) 260-7877,2019-12-16,2020-12-16
58-189179,58,Caterer's Beer & Wine,ACTIVE,Catering Company,John Gonzalez,2293 Oak Ave #428,San Diego,CA,90492,San Diego,(619) 666-2812,2020-02-09,2021-02-09
58-550305,58,Caterer's Beer & Wine,ACTIVE,Catering,John Davis,956 Washington Blvd,Petaluma,CA,90097,Sonoma,(707) 248-2575,2000-07-24,2001-07-24
58-128501,58,Caterer's Beer & Wine,ACTIVE,Catering Company LLC,Jennifer Martinez Martinez,8926 Broadway Blvd,Sunnyvale,CA,92173,Santa Clara,(669) 691-4871,2012-01-12,2013-01-12
58-151629,58,Caterer's Beer & Wine,ACTIVE,Party Services,John Taylor,2252 5th St,Rancho Cucamonga,CA,92066,San Bernardino,(909) 435-1932,2016-01-13,2017-01-13
58-522297,58,Caterer's Beer & Wine,ACTIVE,Catering Company Co,Christopher Martinez,1454 1st Pl,Santa Monica,CA,94898,Los Angeles,(310) 987-4788,2002-04-16,2003-04-16
58-902949,58,Caterer's Beer & Wine,ACTIVE,Catering Company San Diego Company,Anthony Jones,1478 5th Dr,San Diego,CA,93976,San Diego,(619) 716-8615,2016-09-06,2017-09-06
58-792779,58,Caterer's Beer & Wine,ACTIVE,Banquets,Maria Williams Wilson,7028 Sunset Ln,Sunnyvale,CA,93855,Santa Clara,(408) 783-3756,2024-01-14,2025-01-14
58-131930,58,Caterer's Beer & Wine,ACTIVE,Event Catering Clovis,Paul Gonzalez,4419 3rd Ave,Clovis,CA,91747,Fresno,(559) 924-7603,2006-07-16,2007-07-16
58-484662,58,Caterer's Beer & Wine,ACTIVE,Party Services San Mateo,Lisa Garcia,5356 Mission Way #228,Redwood City,CA,94353,San Mateo,(650) 679-8695,2008-04-17,2009-04-17
58-701146,58,Caterer's Beer & Wine,ACTIVE,Catering Company Newport Beach Valley,Maria Lopez,8578 7th Way #169,Newport Beach,CA,90589,Orange,(949) 423-2627,2024-03-19,2025-03-19
58-784623,58,Caterer's Beer & Wine,ACTIVE,Catering Santa Ana Hills Inc,Robert Jackson,7284 Market Pl,Santa Ana,CA,94842,Orange,(657) 325-1346,2009-12-14,2010-12-14
58-183318,58,Caterer's Beer & Wine,ACTIVE,OldCatering 36,Jennifer Jones,1181 Madison Dr,Clovis,CA,94603,Fresno,(559) 333-7388,2013-03-21,2014-03-21
58-630947,58,Caterer's Beer & Wine,ACTIVE,Party Services,Robert Gonzalez,755 2nd Ln,Santa Monica,CA,94582,Los Angeles,(818) 279-3977,2017-02-07,2018-02-07
58-192585,58,Caterer's Beer & Wine,ACTIVE,NewBanquets 15,Andrew Lopez,803 Wilshire Way,Ontario,CA,91085,San Bernardino,(760) 454-9544,2023-01-27,2024-01-27
58-968632,58,Caterer's Beer & Wine,ACTIVE,Event Catering San Mateo,Andrew Moore,5100 Front Ln,Daly City,CA,91964,San Mateo,(415) 962-6322,2020-04-05,2021-04-05
58-428209,58,Caterer's Beer & Wine,ACTIVE,Events & Catering Monterey Valley 37,Mark Jones,7753 3rd Pl,Monterey,CA,96147,Monterey,(831) 330-3791,2003-02-18,2004-02-18
58-467934,58,Caterer's Beer & Wine,ACTIVE,Banquets Elk Grove,Andrew Martin,3464 Market Ln #521,Elk Grove,CA,94099,Sacramento,(279) 717-7859,2013-04-08,2014-04-08
58-538860,58,Caterer's Beer & Wine,ACTIVE,Event Catering Company,Kenneth Martinez,7494 5th St #187,Glendale,CA,91595,Los Angeles,(661) 624-4996,2016-01-08,2017-01-08
58-266757,58,Caterer's Beer & Wine,ACTIVE,Banquets Glendale Inc,Andrew Rodriguez,1357 Sunset Rd,Glendale,CA,94475,Los Angeles,(310) 393-4205,2007-03-01,2008-03-01
58-317700,58,Caterer's Beer & Wine,ACTIVE,TheEvent Catering Oceanside Corp 94,John Brown,7513 Washington Dr #535,Oceanside,CA,92949,San Diego,(760) 752-8186,2007-04-05,2008-04-05
58-286300,58,Caterer's Beer & Wine,ACTIVE,NewCatering Burbank Heights Company 69,Kenneth Hernandez,1353 Market Dr #906,Burbank,CA,92619,Los Angeles,(626) 579-9222,2014-06-03,2015-06-03
58-418631,58,Caterer's Beer & Wine,ACTIVE,Banquets Riverside,David Gonzalez Taylor,5153 Broadway Rd,Corona,CA,93469,Riverside,(951) 385-2494,2019-05-04,2020-05-04
58-445131,58,Caterer's Beer & Wine,ACTIVE,TheCatering Company 85,Mark Johnson,7265 2nd Ave #322,Burbank,CA,93112,Los Angeles,(310) 237-5054,2009-04-24,2010-04-24
58-560490,58,Caterer's Beer & Wine,ACTIVE,Event Catering Co,Daniel Smith Martin,7250 Washington Ct #993,Porterville,CA,93838,Tulare,(559) 206-9898,2022-10-21,2023-10-21
58-639776,58,Caterer's Beer & Wine,ACTIVE,NewCatering 15,Jennifer Miller,1260 Pico Ct,Los Angeles,CA,92764,Los Angeles,(661) 413-8903,2015-02-03,2016-02-03
58-700361,58,Caterer's Beer & Wine,ACTIVE,Banquets 35,Robert Taylor,8865 Wilshire Ct #149,Santa Rosa,CA,91283,Sonoma,(707) 380-8461,2015-07-26,2016-07-26
58-991913,58,Caterer's Beer & Wine,ACTIVE,Events & Catering,Maria Anderson Jackson,7196 Main Rd,Victorville,CA,95430,San Bernardino,(909) 472-1357,2020-09-12,2021-09-12
58-706769,58,Caterer's Beer & Wine,ACTIVE,NewEvents & Catering 73,Paul Smith Miller,3279 Sunset Way,Hayward,CA,93154,Alameda,(925) 907-9777,2014-11-05,2015-11-05
58-800703,58,Caterer's Beer & Wine,ACTIVE,Event Catering Irvine Hills,William Anderson Lopez,2620 Washington Ave,Irvine,CA,95635,Orange,(949) 715-5054,2001-05-28,2002-05-28
58-294112,58,Caterer's Beer & Wine,ACTIVE,Party Services Corp,Maria Hernandez,4327 1st Dr #836,Vallejo,CA,93292,Solano,(707) 772-3554,2003-01-27,2004-01-27
58-290222,58,Caterer's Beer & Wine,ACTIVE,TheBanquets Los Angeles 66,Jennifer Smith Thomas,1151 Market Ct,Burbank,CA,90984,Los Angeles,(310) 217-7030,2010-11-24,2011-11-24
58-990207,58,Caterer's Beer & Wine,ACTIVE,TheEvents & Catering 76,Matthew Taylor,7584 Hollywood Rd,Fremont,CA,90641,Alameda,(925) 696-7500,2020-05-14,2021-05-14
58-633413,58,Caterer's Beer & Wine,ACTIVE,Banquets Inc,William Martinez,4300 State Dr,Paso Robles,CA,92427,San Luis Obispo,(805) 671-8561,2012-01-19,2013-01-19
58-850458,58,Caterer's Beer & Wine,ACTIVE,Party Services Huntington Beach Company,Matthew Wilson,9739 Front Rd,Huntington Beach,CA,92114,Orange,(714) 464-3518,2003-12-17,2004-12-17
58-898018,58,Caterer's Beer & Wine,ACTIVE,Catering Corp,Daniel Miller Hernandez,8679 Ocean St,Clovis,CA,90088,Fresno,(559) 837-2618,2009-10-11,2010-10-11
58-821812,58,Caterer's Beer & Wine,ACTIVE,NewEvent Catering Los Angeles Hills 20,Michael Anderson Jackson,730 Washington Ln,Los Angeles,CA,94078,Los Angeles,(818) 694-2941,2013-05-27,2014-05-27
58-710172,58,Caterer's Beer & Wine,ACTIVE,Banquets Co,Mark Smith,9429 Ocean Rd #411,Riverside,CA,92374,Riverside,(951) 781-8023,2022-06-25,2023-06-25
58-939431,58,Caterer's Beer & Wine,ACTIVE,Catering Company Corp,Mark Thomas,386 Oak Rd,Pasadena,CA,93499,Los Angeles,(213) 557-2994,2016-08-22,2017-08-22
58-132498,58,Caterer's Beer & Wine,ACTIVE,Event Catering Riverside Group,David Rodriguez Gonzalez,4901 7th Ave,Riverside,CA,91762,Riverside,(760) 516-1827,2009-06-28,2010-06-28
58-228503,58,Caterer's Beer & Wine,ACTIVE,Catering Company Daly City,Daniel Williams,8716 Main Ave,Daly City,CA,95126,San Mateo,(415) 280-9407,2010-01-17,2011-01-17
58-144897,58,Caterer's Beer & Wine,ACTIVE,NewCatering Vacaville Co 50,Michelle Hernandez,7934 2nd Way #594,Vacaville,CA,93199,Solano,(707) 348-9244,2019-03-26,2020-03-26
58-734061,58,Caterer's Beer & Wine,ACTIVE,TheCatering Company Scotts Valley 38,Jennifer Brown,7610 Front Ct,Scotts Valley,CA,90323,Santa Cruz,(831) 660-3919,2012-07-20,2013-07-20
58-862018,58,Caterer's Beer & Wine,ACTIVE,Catering Orange LLC,David Moore,5823 Oak Ave,Newport Beach,CA,92083,Orange,(949) 890-6111,2001-10-26,2002-10-26
58-798749,58,Caterer's Beer & Wine,ACTIVE,Catering Company LLC,Michael Lopez,9452 Broadway Way #989,Rancho Cucamonga,CA,90875,San Bernardino,(760) 502-1377,2010-09-16,2011-09-16
58-508897,58,Caterer's Beer & Wine,ACTIVE,Party Services Group,Matthew Taylor,701 1st Dr #826,Pasadena,CA,94534,Los Angeles,(661) 359-7911,2024-11-02,2025-11-02
58-342662,58,Caterer's Beer & Wine,ACTIVE,OldCatering 46,Christopher Wilson Lopez,8159 Ocean St,San Diego,CA,90193,San Diego,(858) 713-1947,2008-12-06,2009-12-06
58-252503,58,Caterer's Beer & Wine,ACTIVE,Event Catering Inc,Lisa Garcia,2468 2nd Ln,Pasadena,CA,94102,Los Angeles,(661) 948-3770,2021-07-20,2022-07-20
58-772583,58,Caterer's Beer & Wine,ACTIVE,Banquets Co 34,Daniel Martin,5625 Jefferson Dr,Victorville,CA,92658,San Bernardino,(909) 929-8613,2024-04-05,2025-04-05
58-442798,58,Caterer's Beer & Wine,ACTIVE,NewEvents & Catering Huntington Beach Company 63,Kenneth Johnson Thomas,5003 Sunset Way,Huntington Beach,CA,93405,Orange,(657) 724-1806,2017-04-04,2018-04-04
58-360025,58,Caterer's Beer & Wine,ACTIVE,NewBanquets Co 46,Paul Brown,1715 Franklin Dr,Madera,CA,96159,Fresno,(559) 217-7620,2007-02-03,2008-02-03
58-325099,58,Caterer's Beer & Wine,ACTIVE,Catering Company,Paul Gonzalez,404 4th Ln,Glendale,CA,92529,Los Angeles,(323) 503-4896,2014-10-01,2015-10-01
58-639400,58,Caterer's Beer & Wine,ACTIVE,Catering San Diego,Anthony Martinez,6993 Front Ln #461,Oceanside,CA,93177,San Diego,(619) 280-7034,2000-04-12,2001-04-12
58-942969,58,Caterer's Beer & Wine,ACTIVE,Catering Santa Maria,Mark Garcia Taylor,3131 Madison Ct,Santa Maria,CA,90493,Santa Barbara,(805) 986-5249,2020-04-14,2021-04-14
58-967055,58,Caterer's Beer & Wine,ACTIVE,Party Services Riverside LLC,Michael Jones,4432 Franklin Blvd,Riverside,CA,93313,Riverside,(760) 244-7069,2015-03-16,2016-03-16
58-772009,58,Caterer's Beer & Wine,ACTIVE,Catering Company 18,James Taylor,9692 Broadway St #198,Burbank,CA,91950,Los Angeles,(213) 904-1976,2005-09-05,2006-09-05
58-947613,58,Caterer's Beer & Wine,ACTIVE,NewEvent Catering Irvine Valley 14,Paul Wilson,2782 Lincoln Dr #361,Irvine,CA,91362,Orange,(657) 577-6721,2012-07-15,2013-07-15
58-682626,58,Caterer's Beer & Wine,ACTIVE,Catering Riverside Company,Paul Taylor,9306 Wilshire Ave,Palm Springs,CA,90598,Riverside,(951) 766-7303,2016-06-09,2017-06-09
58-491570,58,Caterer's Beer & Wine,ACTIVE,Banquets,Jennifer Davis,5875 Sunset Way,Concord,CA,92264,Contra Costa,(925) 988-7792,2002-02-03,2003-02-03
58-313622,58,Caterer's Beer & Wine,ACTIVE,Events & Catering,Michael Taylor,4349 Lincoln Ave,Roseville,CA,95580,Placer,(530) 416-2726,2009-08-10,2010-08-10
58-419202,58,Caterer's Beer & Wine,ACTIVE,Party Services Santa Cruz Corp,John Anderson,5777 Jefferson Rd,Watsonville,CA,91121,Santa Cruz,(831) 642-7323,2004-07-15,2005-07-15
58-853667,58,Caterer's Beer & Wine,ACTIVE,Catering Company Santa Cruz Co,David Davis,5283 Main Pl,Santa Cruz,CA,90633,Santa Cruz,(831) 688-4180,2002-09-20,2003-09-20
58-328676,58,Caterer's Beer & Wine,ACTIVE,Catering Ventura,Steven Anderson,7551 6th Rd,Ventura,CA,93900,Ventura,(805) 242-6851,2008-04-13,2009-04-13
58-721621,58,Caterer's Beer & Wine,ACTIVE,Catering,Matthew Anderson,4097 Madison Rd #202,Monterey,CA,92336,Monterey,(831) 914-9961,2001-01-05,2002-01-05
58-241620,58,Caterer's Beer & Wine,ACTIVE,Party Services,Matthew Wilson,1616 1st Rd #708,Long Beach,CA,90858,Los Angeles,(661) 672-2164,2010-05-27,2011-05-27
58-317955,58,Caterer's Beer & Wine,ACTIVE,Banquets,Robert Rodriguez,5466 Ocean Blvd #296,San Francisco,CA,90692,San Francisco,(415) 660-7020,2002-05-15,2003-05-15
58-793189,58,Caterer's Beer & Wine,ACTIVE,Events & Catering,Steven Jones,2364 Sunset Pl,Burbank,CA,96016,Los Angeles,(213) 885-5489,2001-05-12,2002-05-12
58-367540,58,Caterer's Beer & Wine,ACTIVE,Catering,Maria Jones,6264 6th St,Ceres,CA,94982,Stanislaus,(209) 433-1475,2023-08-28,2024-08-28
58-748637,58,Caterer's Beer & Wine,ACTIVE,Event Catering Santa Barbara Co,Paul Moore,2706 7th St,Santa Barbara,CA,92505,Santa Barbara,(805) 503-7244,2018-09-01,2019-09-01
58-677379,58,Caterer's Beer & Wine,ACTIVE,Catering Company Sacramento LLC,Jennifer Martinez,3795 Main Ln,Sacramento,CA,92393,Sacramento,(916) 677-8555,2013-07-08,2014-07-08
58-836027,58,Caterer's Beer & Wine,ACTIVE,Party Services Inc,Maria Jackson Wilson,1289 1st Rd #183,Santa Monica,CA,91243,Los Angeles,(213) 771-2552,2013-04-16,2014-04-16
58-107553,58,Caterer's Beer & Wine,ACTIVE,NewEvent Catering Atascadero Co 63,Lisa Davis,7898 Hollywood Pl,Atascadero,CA,93088,San Luis Obispo,(805) 747-2409,2021-06-15,2022-06-15
58-658734,58,Caterer's Beer & Wine,ACTIVE,Party Services San Mateo,Michael Martinez,6426 Broadway Ln,San Mateo,CA,90599,San Mateo,(415) 643-4012,2002-09-13,2003-09-13
58-658207,58,Caterer's Beer & Wine,ACTIVE,NewBanquets Oceanside Valley Group 57,Matthew Anderson Garcia,4713 3rd St,Oceanside,CA,92379,San Diego,(858) 368-9167,2011-05-21,2012-05-21
58-811152,58,Caterer's Beer & Wine,ACTIVE,Event Catering Sonoma,Paul Brown Thomas,7726 Washington Ave,Sonoma,CA,95176,Sonoma,(707) 753-8514,2019-10-11,2020-10-11
58-559197,58,Caterer's Beer & Wine,ACTIVE,TheEvents & Catering Corp 51,Lisa Davis,3028 Washington Way,Los Angeles,CA,93476,Los Angeles,(661) 896-8594,2005-07-22,2006-07-22
58-631273,58,Caterer's Beer & Wine,ACTIVE,Catering Group,Andrew Martinez,7184 Oak Ln,Escondido,CA,90907,San Diego,(858) 643-8177,2001-04-10,2002-04-10
58-933562,58,Caterer's Beer & Wine,ACTIVE,Party Services Los Angeles Heights Inc,Maria Garcia Williams,1288 Hollywood Pl,Los Angeles,CA,95207,Los Angeles,(818) 667-9483,2007-01-26,2008-01-26
58-160160,58,Caterer's Beer & Wine,ACTIVE,Events & Catering,Steven Martin Garcia,8896 Washington St #450,Burbank,CA,90895,Los Angeles,(323) 699-2844,2011-06-20,2012-06-20
58-325239,58,Caterer's Beer & Wine,ACTIVE,Events & Catering Los Angeles 57,Michelle Johnson Thomas,7852 Washington Ave,Los Angeles,CA,91735,Los Angeles,(626) 425-1350,2005-03-27,2006-03-27
58-152129,58,Caterer's Beer & Wine,ACTIVE,Party Services Oceanside Heights,Matthew Gonzalez,774 Pico Blvd,Oceanside,CA,92885,San Diego,(858) 242-5271,2009-04-06,2010-04-06
58-367911,58,Caterer's Beer & Wine,ACTIVE,NewEvent Catering Riverside 44,James Miller Smith,8414 5th Way #137,Riverside,CA,92389,Riverside,(951) 697-9285,2000-08-05,2001-08-05
58-272230,58,Caterer's Beer & Wine,ACTIVE,TheCatering Mountain View 44,Mark Martin,1370 Oak Pl #640,Mountain View,CA,90749,Santa Clara,(669) 835-8524,2015-04-24,2016-04-24
58-550497,58,Caterer's Beer & Wine,ACTIVE,Banquets,Matthew Jones,8573 State Way,Burbank,CA,92538,Los Angeles,(661) 252-6453,2014-03-03,2015-03-03
58-789605,58,Caterer's Beer & Wine,ACTIVE,Banquets Corp 25,Kenneth Williams,6728 1st St #387,San Jose,CA,92065,Santa Clara,(669) 834-9873,2003-09-02,2004-09-02
58-255691,58,Caterer's Beer & Wine,ACTIVE,Party Services Pasadena Hills Corp,Robert Taylor,5497 4th Ln,Pasadena,CA,95037,Los Angeles,(213) 487-9882,2013-07-22,2014-07-22
58-775262,58,Caterer's Beer & Wine,ACTIVE,Party Services Long Beach,David Gonzalez,7137 Madison Way #265,Long Beach,CA,91953,Los Angeles,(626) 501-4982,2015-11-08,2016-11-08
58-663672,58,Caterer's Beer & Wine,ACTIVE,Catering,Daniel Anderson,9250 State Blvd,Santa Monica,CA,94070,Los Angeles,(424) 689-5466,2012-10-27,2013-10-27
58-317535,58,Caterer's Beer & Wine,ACTIVE,Catering Group,Lisa Anderson,3211 6th Pl,Pasadena,CA,90251,Los Angeles,(310) 370-3787,2000-02-19,2001-02-19
58-996773,58,Caterer's Beer & Wine,ACTIVE,Catering Company Riverside,Matthew Martinez,8984 Franklin Dr #646,Corona,CA,91239,Riverside,(951) 873-2016,2017-08-17,2018-08-17
58-713260,58,Caterer's Beer & Wine,ACTIVE,Event Catering LLC,David Smith,8880 4th Way,San Diego,CA,93744,San Diego,(760) 872-9016,2020-06-25,2021-06-25
58-817021,58,Caterer's Beer & Wine,ACTIVE,TheCatering Pasadena Inc 32,Steven Hernandez,5832 Oak St,Pasadena,CA,94712,Los Angeles,(323) 931-7209,2021-05-07,2022-05-07
58-826107,58,Caterer's Beer & Wine,ACTIVE,Catering Pasadena,Lisa Jackson,3666 Madison St,Pasadena,CA,92644,Los Angeles,(424) 450-5891,2009-07-18,2010-07-18
58-926709,58,Caterer's Beer & Wine,ACTIVE,Catering Company,Mark Gonzalez,3588 3rd Dr,Santa Rosa,CA,91202,Sonoma,(707) 644-4846,2010-08-16,2011-08-16
58-744310,58,Caterer's Beer & Wine,ACTIVE,Catering Company Corp,James Johnson,1651 6th St #734,Livermore,CA,94850,Alameda,(510) 891-1251,2023-08-06,2024-08-06
58-131008,58,Caterer's Beer & Wine,ACTIVE,Events & Catering,Steven Thomas,2347 Lincoln Pl,San Francisco,CA,92798,San Francisco,(628) 210-9963,2015-09-06,2016-09-06
58-979843,58,Caterer's Beer & Wine,ACTIVE,Banquets Salinas Heights Group,Andrew Davis,8350 6th St,Salinas,CA,90084,Monterey,(831) 743-7007,2019-10-28,2020-10-28
58-912675,58,Caterer's Beer & Wine,ACTIVE,Event Catering Inc,David Thomas,4337 Front St #364,Vacaville,CA,93785,Solano,(707) 579-9240,2007-02-20,2008-02-20
58-624097,58,Caterer's Beer & Wine,ACTIVE,Catering Company Glendale,Matthew Anderson,6053 Main Rd,Glendale,CA,92188,Los Angeles,(310) 914-4243,2003-07-02,2004-07-02
58-399378,58,Caterer's Beer & Wine,ACTIVE,Catering Company Long Beach Hills Company,Maria Williams Rodriguez,1321 Maple Blvd,Long Beach,CA,93902,Los Angeles,(213) 679-3036,2017-11-03,2018-11-03
58-512294,58,Caterer's Beer & Wine,ACTIVE,Party Services 54,Christopher Thomas,4247 Lincoln St #418,Escondido,CA,91943,San Diego,(858) 451-7346,2021-05-20,2022-05-20
58-183722,58,Caterer's Beer & Wine,ACTIVE,TheEvents & Catering 53,Robert Rodriguez,3403 Market Blvd #981,Daly City,CA,92045,San Mateo,(415) 365-9429,2003-09-04,2004-09-04
58-807016,58,Caterer's Beer & Wine,ACTIVE,OldEvents & Catering Sacramento 7,Maria Moore,1136 Pico Ave,Elk Grove,CA,93851,Sacramento,(916) 645-9451,2020-09-18,2021-09-18
58-312474,58,Caterer's Beer & Wine,ACTIVE,Catering Los Angeles,Lisa Moore,8373 1st Way,Los Angeles,CA,90408,Los Angeles,(213) 850-1054,2006-06-12,2007-06-12
58-608401,58,Caterer's Beer & Wine,ACTIVE,Party Services,James Brown,3694 Ocean Ln,Irvine,CA,91741,Orange,(714) 376-7400,2023-12-20,2024-12-20
58-551817,58,Caterer's Beer & Wine,ACTIVE,TheParty Services Madera Corp 71,David Martinez,4102 Jefferson St #643,Madera,CA,94158,Fresno,(559) 769-6854,2003-03-25,2004-03-25
58-442845,58,Caterer's Beer & Wine,ACTIVE,Events & Catering Santa Barbara 67,John Wilson Miller,2364 6th Rd,Santa Barbara,CA,96155,Santa Barbara,(805) 322-8326,2016-07-26,2017-07-26
58-794476,58,Caterer's Beer & Wine,ACTIVE,Catering Company Inc,Mark Martinez Rodriguez,2252 Ocean St,Concord,CA,91940,Contra Costa,(925) 892-3005,2011-12-09,2012-12-09
58-645340,58,Caterer's Beer & Wine,ACTIVE,OldCatering Co 72,Jennifer Martin,9043 Front Pl,Long Beach,CA,92022,Los Angeles,(424) 682-8263,2018-03-01,2019-03-01
58-213535,58,Caterer's Beer & Wine,ACTIVE,NewBanquets Santa Barbara Inc 67,Christopher Brown Moore,1196 Franklin Dr #416,Santa Barbara,CA,91440,Santa Barbara,(805) 867-3668,2015-03-28,2016-03-28
58-261276,58,Caterer's Beer & Wine,ACTIVE,Events & Catering,Christopher Anderson,2168 1st Ave #755,Huntington Beach,CA,92503,Orange,(949) 818-5279,2009-05-19,2010-05-19
58-628247,58,Caterer's Beer & Wine,ACTIVE,Party Services Santa Cruz Group,Steven Gonzalez Gonzalez,2633 State Ln,Santa Cruz,CA,92889,Santa Cruz,(831) 691-3856,2001-05-27,2002-05-27
58-742840,58,Caterer's Beer & Wine,ACTIVE,Party Services Madera,Robert Thomas,9164 Mission Ct,Madera,CA,90227,Fresno,(559) 539-9044,2012-06-22,2013-06-22
58-841090,58,Caterer's Beer & Wine,ACTIVE,Catering Company Watsonville Heights LLC,Jennifer Anderson,802 Wilshire Ave #470,Watsonville,CA,95363,Santa Cruz,(831) 986-8809,2009-02-15,2010-02-15
58-139176,58,Caterer's Beer & Wine,ACTIVE,Banquets Irvine Valley LLC,Steven Rodriguez,2301 5th Ave,Irvine,CA,90032,Orange,(657) 398-5156,2021-07-22,2022-07-22
58-330018,58,Caterer's Beer & Wine,ACTIVE,NewCatering Company Rancho Cucamonga 41,John Martin Williams,6251 Sunset Ave,Rancho Cucamonga,CA,95120,San Bernardino,(909) 561-6159,2005-11-02,2006-11-02
58-141097,58,Caterer's Beer & Wine,ACTIVE,Banquets Sacramento Corp,Steven Martinez Hernandez,8564 7th Ln,Citrus Heights,CA,92552,Sacramento,(916) 879-4952,2012-11-14,2013-11-14
58-629460,58,Caterer's Beer & Wine,ACTIVE,NewParty Services Corp 88,James Lopez Williams,5525 Pico Dr,Escondido,CA,95969,San Diego,(619) 557-2869,2022-01-17,2023-01-17
58-236966,58,Caterer's Beer & Wine,ACTIVE,OldParty Services Los Angeles 6,Robert Miller,6587 Pico Way,Glendale,CA,91969,Los Angeles,(626) 616-5514,2023-12-01,2024-12-01
58-313240,58,Caterer's Beer & Wine,ACTIVE,Banquets Paso Robles Heights,Mark Johnson Johnson,6830 Franklin Blvd #198,Paso Robles,CA,91783,San Luis Obispo,(805) 218-9642,2015-05-10,2016-05-10
58-597626,58,Caterer's Beer & Wine,ACTIVE,Event Catering Elk Grove,Daniel Thomas,3946 Madison Ave,Elk Grove,CA,93877,Sacramento,(916) 771-3386,2000-11-18,2001-11-18
58-991926,58,Caterer's Beer & Wine,ACTIVE,Event Catering Co,David Taylor Jones,4023 Market St,Atascadero,CA,92637,San Luis Obispo,(805) 484-1146,2023-05-18,2024-05-18
58-611713,58,Caterer's Beer & Wine,ACTIVE,Events & Catering,Maria Hernandez,6307 Main St #540,Salinas,CA,91255,Monterey,(831) 541-6872,2017-07-09,2018-07-09
58-413613,58,Caterer's Beer & Wine,ACTIVE,Catering Company Group,Paul Rodriguez,9269 4th Ct,Long Beach,CA,94681,Los Angeles,(310) 547-4084,2017-06-17,2018-06-17
58-475275,58,Caterer's Beer & Wine,ACTIVE,NewBanquets Glendale Corp 85,David Williams,5712 Madison Ln #242,Glendale,CA,96071,Los Angeles,(661) 281-8948,2020-01-01,2021-01-01
58-958873,58,Caterer's Beer & Wine,ACTIVE,Event Catering Livermore,Robert Davis,9076 Maple St,Livermore,CA,94116,Alameda,(510) 296-7084,2013-03-25,2014-03-25
58-109329,58,Caterer's Beer & Wine,ACTIVE,Event Catering Oakland Heights,Maria Thomas,178 Washington Pl,Oakland,CA,92506,Alameda,(925) 671-9065,2013-01-18,2014-01-18
58-695393,58,Caterer's Beer & Wine,ACTIVE,Catering Los Angeles,Michael Jackson,2748 6th Dr,Pasadena,CA,94895,Los Angeles,(818) 898-8143,2016-07-11,2017-07-11
58-799641,58,Caterer's Beer & Wine,ACTIVE,Event Catering LLC,Christopher Moore,2311 Lincoln Ct,Delano,CA,90946,Kern,(661) 419-1689,2011-02-27,2012-02-27
58-544917,58,Caterer's Beer & Wine,ACTIVE,Catering San Diego,John Martin Hernandez,4799 2nd Blvd,San Diego,CA,94299,San Diego,(760) 964-4226,2001-12-12,2002-12-12
58-974213,58,Caterer's Beer & Wine,ACTIVE,Event Catering LLC,David Johnson,6695 State Ct,Walnut Creek,CA,91491,Contra Costa,(925) 740-5627,2022-09-22,2023-09-22
58-984868,58,Caterer's Beer & Wine,ACTIVE,Event Catering Santa Monica,Michael Gonzalez,6389 Hollywood Ln,Santa Monica,CA,94289,Los Angeles,(818) 720-2489,2008-10-10,2009-10-10
58-350186,58,Caterer's Beer & Wine,ACTIVE,Events & Catering Inc,William Jones,630 3rd Ct,Fremont,CA,93301,Alameda,(925) 635-6592,2010-07-22,2011-07-22
58-533218,58,Caterer's Beer & Wine,ACTIVE,Party Services,Maria Lopez,2768 7th St,Temecula,CA,90721,Riverside,(760) 793-2761,2016-10-11,2017-10-11
58-887546,58,Caterer's Beer & Wine,ACTIVE,Events & Catering Glendale Heights,Steven Gonzalez,4347 Ocean St,Glendale,CA,92183,Los Angeles,(626) 789-6056,2019-12-28,2020-12-28
58-757611,58,Caterer's Beer & Wine,ACTIVE,Banquets,Anthony Williams,387 Ocean Ln,Burbank,CA,95337,Los Angeles,(424) 519-4404,2012-07-02,2013-07-02
58-422878,58,Caterer's Beer & Wine,ACTIVE,Catering Company Corp,Mark Martin,375 Pico Ct #952,San Francisco,CA,91699,San Francisco,(628) 385-8465,2016-07-08,2017-07-08
58-592102,58,Caterer's Beer & Wine,ACTIVE,Party Services Co,Robert Jones Anderson,951 3rd Blvd,San Mateo,CA,91869,San Mateo,(415) 476-6692,2023-06-10,2024-06-10
58-657809,58,Caterer's Beer & Wine,ACTIVE,Party Services Corp,Jennifer Garcia,4479 Maple Ln,Temecula,CA,91395,Riverside,(951) 894-3853,2005-01-27,2006-01-27
58-675766,58,Caterer's Beer & Wine,ACTIVE,Events & Catering Pasadena 65,Andrew Jackson,3867 Maple Ave,Pasadena,CA,94682,Los Angeles,(213) 632-6075,2005-10-25,2006-10-25
58-849569,58,Caterer's Beer & Wine,ACTIVE,NewEvent Catering Los Angeles 33,Matthew Johnson,9737 Washington Ct #520,Santa Monica,CA,92924,Los Angeles,(661) 781-1533,2021-06-25,2022-06-25
58-826230,58,Caterer's Beer & Wine,ACTIVE,Catering Company San Mateo,John Anderson Wilson,4246 Main Way,San Mateo,CA,93404,San Mateo,(415) 839-5927,2008-10-18,2009-10-18
58-336176,58,Caterer's Beer & Wine,ACTIVE,OldEvent Catering Burbank 100,Robert Jones Brown,1010 Market Blvd,Burbank,CA,94397,Los Angeles,(424) 810-7973,2013-05-22,2014-05-22
58-221361,58,Caterer's Beer & Wine,ACTIVE,Catering Anaheim Valley,Robert Taylor,6683 6th Way,Anaheim,CA,90735,Orange,(714) 299-5023,2024-09-09,2025-09-09
58-230107,58,Caterer's Beer & Wine,ACTIVE,Party Services Los Angeles Co,Robert Gonzalez,984 Wilshire Blvd,Los Angeles,CA,92220,Los Angeles,(213) 642-4089,2002-06-10,2003-06-10
58-390102,58,Caterer's Beer & Wine,ACTIVE,Party Services Corp,James Wilson,5108 Franklin St,Los Angeles,CA,94856,Los Angeles,(818) 937-9467,2020-07-06,2021-07-06
58-927018,58,Caterer's Beer & Wine,ACTIVE,Event Catering,Robert Garcia,2698 3rd Rd,Oakland,CA,90929,Alameda,(510) 687-3699,2019-12-13,2020-12-13
58-463202,58,Caterer's Beer & Wine,ACTIVE,Events & Catering Los Angeles Hills,Lisa Rodriguez,4906 Front Way,Los Angeles,CA,95617,Los Angeles,(424) 620-6906,2008-04-12,2009-04-12
58-877581,58,Caterer's Beer & Wine,ACTIVE,Party Services Group,Andrew Martinez,5988 Broadway Ct,Glendale,CA,92514,Los Angeles,(424) 873-5933,2018-01-06,2019-01-06
58-194474,58,Caterer's Beer & Wine,ACTIVE,OldCatering Company Simi Valley LLC 39,John Johnson,6372 Broadway Blvd,Simi Valley,CA,93379,Ventura,(820) 891-1748,2015-07-26,2016-07-26
58-643462,58,Caterer's Beer & Wine,ACTIVE,Events & Catering Company 57,Jennifer Martinez,1924 Market Ln,Roseville,CA,94144,Placer,(530) 212-2804,2014-12-20,2015-12-20
58-217213,58,Caterer's Beer & Wine,ACTIVE,Catering Sacramento Co 38,Andrew Moore Johnson,2780 Hollywood Dr,Sacramento,CA,95529,Sacramento,(279) 223-3995,2002-06-15,2003-06-15
58-227638,58,Caterer's Beer & Wine,ACTIVE,TheParty Services Group 17,Lisa Jones,9501 5th Ave,Newport Beach,CA,90053,Orange,(714) 818-1094,2001-02-06,2002-02-06
58-410557,58,Caterer's Beer & Wine,ACTIVE,NewCatering Company Los Angeles Valley 87,John Martinez Jackson,7963 Ocean Pl,Los Angeles,CA,90754,Los Angeles,(818) 798-1783,2020-01-28,2021-01-28
58-301060,58,Caterer's Beer & Wine,ACTIVE,Catering Company,Paul Gonzalez Martin,2686 6th Pl,Glendale,CA,96149,Los Angeles,(661) 956-9682,2014-11-15,2015-11-15
58-416199,58,Caterer's Beer & Wine,ACTIVE,OldEvents & Catering Company 21,Maria Jones,3400 Madison Dr,Burbank,CA,96020,Los Angeles,(310) 600-8452,2002-12-02,2003-12-02
58-258297,58,Caterer's Beer & Wine,ACTIVE,Event Catering LLC,Anthony Hernandez,8273 Washington Ave,Burbank,CA,95467,Los Angeles,(626) 339-9011,2011-08-16,2012-08-16
58-714473,58,Caterer's Beer & Wine,ACTIVE,Events & Catering Victorville,Andrew Johnson Lopez,2053 State Pl,Victorville,CA,92038,San Bernardino,(909) 446-3805,2023-06-01,2024-06-01
58-424322,58,Caterer's Beer & Wine,ACTIVE,Party Services,John Brown,1220 Lincoln St,Los Angeles,CA,92150,Los Angeles,(626) 304-3099,2024-11-26,2025-11-26
58-860197,58,Caterer's Beer & Wine,ACTIVE,Event Catering,Anthony Moore,7295 Washington Dr,Vacaville,CA,93499,Solano,(707) 341-1751,2020-06-06,2021-06-06
58-580114,58,Caterer's Beer & Wine,ACTIVE,OldBanquets 75,William Wilson,7327 1st Way,Palo Alto,CA,95515,Santa Clara,(408) 582-7108,2012-09-11,2013-09-11
58-153450,58,Caterer's Beer & Wine,ACTIVE,Events & Catering Roseville Heights,Jennifer Anderson,3612 Maple Rd #749,Roseville,CA,93654,Sacramento,(916) 902-8913,2002-12-06,2003-12-06
58-114038,58,Caterer's Beer & Wine,ACTIVE,Catering Company San Diego,Jennifer Williams Wilson,9101 Franklin Rd,Carlsbad,CA,95113,San Diego,(858) 973-7058,2001-10-27,2002-10-27
58-957137,58,Caterer's Beer & Wine,ACTIVE,Banquets Ventura Corp 80,John Lopez,8193 Wilshire Ct,Ventura,CA,95099,Ventura,(805) 392-4137,2022-10-15,2023-10-15
58-418356,58,Caterer's Beer & Wine,ACTIVE,Banquets Corona Co,Anthony Lopez,4351 Front Dr #922,Corona,CA,92657,Riverside,(951) 753-1480,2004-06-23,2005-06-23
58-772331,58,Caterer's Beer & Wine,ACTIVE,Events & Catering Fresno Corp 12,Robert Martin Martin,4501 6th Way #763,Fresno,CA,90192,Fresno,(559) 402-3163,2003-09-26,2004-09-26
58-128974,58,Caterer's Beer & Wine,ACTIVE,Banquets,Andrew Jones Garcia,8269 Front Ct,Thousand Oaks,CA,90743,Ventura,(805) 838-7773,2006-10-13,2007-10-13
58-752374,58,Caterer's Beer & Wine,ACTIVE,Catering,Michael Jones,3972 6th Rd #894,Santa Maria,CA,95516,Santa Barbara,(805) 507-6859,2008-03-01,2009-03-01
58-877416,58,Caterer's Beer & Wine,ACTIVE,Event Catering,Kenneth Miller,7480 6th Blvd,Victorville,CA,92860,San Bernardino,(909) 787-5322,2002-11-04,2003-11-04
58-385974,58,Caterer's Beer & Wine,ACTIVE,Party Services Sonoma 94,Jennifer Johnson Taylor,405 Wilshire Dr,Petaluma,CA,94415,Sonoma,(707) 869-7893,2003-07-22,2004-07-22
58-638666,58,Caterer's Beer & Wine,ACTIVE,OldBanquets Los Angeles Corp 37,John Garcia,444 4th St,Glendale,CA,90813,Los Angeles,(424) 675-1142,2006-07-27,2007-07-27
58-560799,58,Caterer's Beer & Wine,ACTIVE,Banquets San Joaquin Corp,John Martin,2551 Washington Ct #359,Tracy,CA,95328,San Joaquin,(209) 729-4325,2019-11-28,2020-11-28
58-496395,58,Caterer's Beer & Wine,ACTIVE,Banquets San Diego Corp,Michael Miller,4471 Pico Dr #859,Chula Vista,CA,93025,San Diego,(760) 702-8728,2023-01-16,2024-01-16
58-133879,58,Caterer's Beer & Wine,ACTIVE,Party Services Corp,Mark Smith Johnson,8814 Sunset Way #371,Long Beach,CA,90592,Los Angeles,(323) 790-2626,2010-04-08,2011-04-08
58-492989,58,Caterer's Beer & Wine,ACTIVE,Event Catering Atascadero,Mark Wilson,3491 Lincoln Ln,Atascadero,CA,95913,San Luis Obispo,(805) 330-7055,2017-02-06,2018-02-06
58-520056,58,Caterer's Beer & Wine,ACTIVE,Event Catering LLC 80,Christopher Rodriguez,395 Sunset Pl,Carlsbad,CA,94867,San Diego,(858) 522-5162,2023-11-07,2024-11-07
58-221072,58,Caterer's Beer & Wine,ACTIVE,Event Catering Santa Clara Company,Mark Gonzalez,4509 Sunset Ave #917,Mountain View,CA,93962,Santa Clara,(408) 251-6197,2016-07-08,2017-07-08
58-995668,58,Caterer's Beer & Wine,ACTIVE,Events & Catering,David Rodriguez,8861 2nd Blvd,Santa Monica,CA,90499,Los Angeles,(310) 749-1700,2024-11-24,2025-11-24
58-960263,58,Caterer's Beer & Wine,ACTIVE,Catering Santa Monica Group,Jennifer Miller Williams,2936 Lincoln Ln #151,Santa Monica,CA,94034,Los Angeles,(661) 292-1100,2014-04-22,2015-04-22
58-812570,58,Caterer's Beer & Wine,ACTIVE,Events & Catering LLC,Maria Thomas,7407 Hollywood Ct,Pasadena,CA,95579,Los Angeles,(323) 955-5138,2012-11-17,2013-11-17
58-973904,58,Caterer's Beer & Wine,ACTIVE,Party Services LLC,Matthew Johnson,152 Hollywood Way #779,Chula Vista,CA,95498,San Diego,(619) 641-6205,2023-09-20,2024-09-20
58-386918,58,Caterer's Beer & Wine,ACTIVE,Party Services LLC 14,David Hernandez Miller,4373 Madison Ln #894,Sunnyvale,CA,91364,Santa Clara,(408) 673-6907,2023-09-18,2024-09-18
58-320590,58,Caterer's Beer & Wine,ACTIVE,Catering 79,James Garcia Hernandez,5574 Market Ct #591,Concord,CA,95299,Contra Costa,(925) 987-1655,2021-01-01,2022-01-01
58-206093,58,Caterer's Beer & Wine,ACTIVE,Catering Riverside Corp,Kenneth Wilson,1046 Market Dr #732,Palm Springs,CA,92249,Riverside,(951) 318-5394,2012-02-07,2013-02-07
58-752955,58,Caterer's Beer & Wine,ACTIVE,Banquets San Bernardino Group,Jennifer Gonzalez,1587 Jefferson Dr,Rancho Cucamonga,CA,90750,San Bernardino,(760) 668-3982,2016-10-28,2017-10-28
58-313437,58,Caterer's Beer & Wine,ACTIVE,Catering Company Citrus Heights,Mark Jackson,5608 Ocean Pl,Citrus Heights,CA,93462,Sacramento,(916) 544-8102,2013-12-08,2014-12-08
58-174577,58,Caterer's Beer & Wine,ACTIVE,Banquets,Kenneth Martin,6247 Front Way #662,Tracy,CA,90826,San Joaquin,(209) 867-9849,2016-08-22,2017-08-22
58-996242,58,Caterer's Beer & Wine,ACTIVE,NewEvents & Catering Company 62,Robert Anderson,6488 3rd Pl,Pleasant Hill,CA,90229,Contra Costa,(510) 348-7330,2008-06-06,2009-06-06
58-863343,58,Caterer's Beer & Wine,ACTIVE,Catering Pasadena Company,Daniel Martin Smith,6528 Mission Blvd,Pasadena,CA,91603,Los Angeles,(323) 291-3489,2022-03-04,2023-03-04
58-450012,58,Caterer's Beer & Wine,ACTIVE,Catering Company San Mateo Corp,Matthew Williams Johnson,3229 Market Blvd,San Mateo,CA,91056,San Mateo,(650) 697-3613,2023-07-21,2024-07-21
58-411004,58,Caterer's Beer & Wine,ACTIVE,Events & Catering,Steven Wilson Lopez,1968 3rd Dr #737,San Bernardino,CA,94092,San Bernardino,(760) 429-2591,2015-11-12,2016-11-12
58-507777,58,Caterer's Beer & Wine,ACTIVE,Events & Catering Newport Beach Valley LLC,Maria Jones,7722 Madison Ct #363,Newport Beach,CA,92964,Orange,(657) 820-7172,2020-01-22,2021-01-22
58-412836,58,Caterer's Beer & Wine,ACTIVE,NewEvents & Catering Roseville Heights Inc 59,William Jones,1700 Washington Pl #900,Roseville,CA,95622,Sacramento,(916) 690-6696,2024-01-16,2025-01-16
58-169189,58,Caterer's Beer & Wine,ACTIVE,Event Catering Victorville Company,Robert Anderson,3507 Washington Way,Victorville,CA,95291,San Bernardino,(909) 741-7988,2021-06-24,2022-06-24
58-387991,58,Caterer's Beer & Wine,ACTIVE,Catering,Andrew Davis,6652 Lincoln Rd,Burbank,CA,90656,Los Angeles,(818) 227-9739,2006-11-17,2007-11-17
58-818742,58,Caterer's Beer & Wine,ACTIVE,Catering Company Anaheim Heights LLC,Andrew Rodriguez,7010 Lincoln Dr,Anaheim,CA,92928,Orange,(714) 652-4608,2012-05-09,2013-05-09
58-848299,58,Caterer's Beer & Wine,ACTIVE,NewEvent Catering Burbank Valley 26,William Taylor,9952 Market Pl,Burbank,CA,93915,Los Angeles,(310) 458-1797,2005-07-04,2006-07-04
58-947669,58,Caterer's Beer & Wine,ACTIVE,Catering Vallejo Heights Group,Maria Jackson,2957 Ocean Way,Vallejo,CA,93778,Solano,(707) 242-9267,2008-05-10,2009-05-10
58-293168,58,Caterer's Beer & Wine,ACTIVE,Party Services,Mark Williams,4409 Jefferson St,Seaside,CA,95585,Monterey,(831) 691-5876,2003-05-01,2004-05-01
58-884650,58,Caterer's Beer & Wine,ACTIVE,Party Services Inc,Robert Rodriguez,8376 6th Ct #438,South San Francisco,CA,90997,San Mateo,(415) 318-3320,2004-04-26,2005-04-26
58-852616,58,Caterer's Beer & Wine,ACTIVE,OldCatering 49,Michael Wilson,1968 Washington Ct,Hayward,CA,95541,Alameda,(925) 226-7884,2007-05-20,2008-05-20
58-572633,58,Caterer's Beer & Wine,ACTIVE,Catering Co,Michael Davis Wilson,2081 Main Ave #810,Atascadero,CA,95532,San Luis Obispo,(805) 816-9034,2002-11-12,2003-11-12
58-269809,58,Caterer's Beer & Wine,ACTIVE,Catering Company,Michael Martin,9090 1st St,Carlsbad,CA,91628,San Diego,(619) 529-2948,2006-04-11,2007-04-11
58-622932,58,Caterer's Beer & Wine,ACTIVE,Party Services Los Angeles,Jennifer Hernandez,5653 1st Way,Los Angeles,CA,91015,Los Angeles,(213) 568-1157,2000-03-28,2001-03-28
58-136036,58,Caterer's Beer & Wine,ACTIVE,NewCatering LLC 60,Matthew Miller,939 Sunset Blvd #705,Huntington Beach,CA,90058,Orange,(949) 625-3072,2002-03-04,2003-03-04
58-412696,58,Caterer's Beer & Wine,ACTIVE,Catering Company Long Beach Heights Company,Paul Williams,4433 Main Way #742,Long Beach,CA,92528,Los Angeles,(661) 267-3384,2017-12-17,2018-12-17
58-868000,58,Caterer's Beer & Wine,ACTIVE,Event Catering Burbank Co,Michelle Gonzalez,2870 Franklin Ave,Burbank,CA,90119,Los Angeles,(323) 917-9795,2023-10-12,2024-10-12
58-119318,58,Caterer's Beer & Wine,ACTIVE,Events & Catering,Maria Smith Taylor,3444 Wilshire Way,Anaheim,CA,95068,Orange,(949) 656-6375,2018-04-11,2019-04-11
58-481901,58,Caterer's Beer & Wine,ACTIVE,TheBanquets Group 13,Jennifer Thomas,1697 Jefferson Ave,Rancho Cucamonga,CA,92656,San Bernardino,(760) 813-9178,2003-05-19,2004-05-19
58-732958,58,Caterer's Beer & Wine,ACTIVE,Catering Company,Mark Lopez Gonzalez,808 Main St,Los Angeles,CA,93738,Los Angeles,(661) 799-5715,2006-01-12,2007-01-12
58-682703,58,Caterer's Beer & Wine,ACTIVE,NewBanquets San Diego LLC 77,Michael Davis,6293 Broadway Ave #365,Escondido,CA,92228,San Diego,(760) 514-4994,2016-09-18,2017-09-18
58-480448,58,Caterer's Beer & Wine,ACTIVE,NewEvents & Catering Inc 56,Anthony Garcia,7891 Broadway St #182,Santa Monica,CA,90918,Los Angeles,(323) 804-2019,2019-05-22,2020-05-22
58-194458,58,Caterer's Beer & Wine,ACTIVE,Events & Catering LLC 73,Jennifer Smith,5268 State Blvd,Newport Beach,CA,90891,Orange,(949) 320-7266,2021-04-26,2022-04-26
58-292562,58,Caterer's Beer & Wine,ACTIVE,Event Catering,Jennifer Hernandez,2919 Pico St,Los Angeles,CA,91175,Los Angeles,(213) 322-2255,2011-04-01,2012-04-01
58-582929,58,Caterer's Beer & Wine,ACTIVE,Party Services Los Angeles LLC,John Jones,6118 Madison Ln,Burbank,CA,90479,Los Angeles,(818) 817-7381,2013-02-12,2014-02-12
58-909768,58,Caterer's Beer & Wine,ACTIVE,Event Catering Los Angeles Company,Lisa Williams,7306 Washington Way #401,Burbank,CA,94013,Los Angeles,(818) 631-7935,2002-02-10,2003-02-10
58-951735,58,Caterer's Beer & Wine,ACTIVE,Banquets,Anthony Jackson,8150 Jefferson Blvd,Oceanside,CA,93689,San Diego,(619) 606-5704,2020-12-11,2021-12-11
58-284294,58,Caterer's Beer & Wine,ACTIVE,Event Catering Sonoma 15,Daniel Jackson,8713 Franklin Ct #542,Sonoma,CA,96124,Sonoma,(707) 848-4521,2011-04-05,2012-04-05
58-681530,58,Caterer's Beer & Wine,ACTIVE,Catering Company San Jose Heights,Christopher Anderson,1811 Jefferson Ct,San Jose,CA,95107,Santa Clara,(408) 487-6149,2002-02-17,2003-02-17
58-935947,58,Caterer's Beer & Wine,ACTIVE,Banquets Alameda,Mark Smith,1128 Madison Ln,Fremont,CA,95554,Alameda,(510) 638-1604,2007-10-17,2008-10-17
58-466485,58,Caterer's Beer & Wine,ACTIVE,OldEvent Catering Co 75,Kenneth Lopez,7518 5th Ct,Madera,CA,95712,Fresno,(559) 987-2042,2016-02-06,2017-02-06
58-581871,58,Caterer's Beer & Wine,ACTIVE,Banquets LLC,Daniel Martinez,9129 Sunset St,Escondido,CA,94841,San Diego,(760) 858-6844,2001-12-17,2002-12-17
58-393804,58,Caterer's Beer & Wine,ACTIVE,OldEvent Catering Los Angeles 71,Mark Williams,8191 Front Ln,Long Beach,CA,95708,Los Angeles,(661) 395-7470,2010-09-04,2011-09-04
58-647190,58,Caterer's Beer & Wine,ACTIVE,Catering Company Porterville Co,Robert Wilson,7557 Lincoln St #125,Porterville,CA,90531,Tulare,(559) 435-2908,2012-06-20,2013-06-20
58-243956,58,Caterer's Beer & Wine,ACTIVE,Catering Company,Maria Martin,7437 Oak Ln #630,Huntington Beach,CA,90225,Orange,(714) 672-2023,2008-07-14,2009-07-14
58-779351,58,Caterer's Beer & Wine,ACTIVE,Event Catering Newport Beach Valley LLC,Maria Jones,8166 Mission Pl,Newport Beach,CA,90760,Orange,(714) 453-2860,2001-12-10,2002-12-10
58-510251,58,Caterer's Beer & Wine,ACTIVE,Banquets Oceanside,Michael Brown,2199 Front Way,Oceanside,CA,90117,San Diego,(858) 623-4899,2014-07-16,2015-07-16
58-886988,58,Caterer's Beer & Wine,ACTIVE,TheParty Services 80,James Jackson,3178 Wilshire Rd #776,Santa Cruz,CA,90727,Santa Cruz,(831) 607-4435,2019-02-06,2020-02-06
58-850122,58,Caterer's Beer & Wine,ACTIVE,Banquets Fresno,Matthew Gonzalez Williams,4318 Wilshire Blvd,Fresno,CA,92548,Fresno,(559) 278-3108,2003-07-21,2004-07-21
58-284360,58,Caterer's Beer & Wine,ACTIVE,Catering Company Madera 14,Maria Moore Moore,7428 Jefferson Pl,Madera,CA,94504,Fresno,(559) 829-2644,2003-10-11,2004-10-11
58-321238,58,Caterer's Beer & Wine,ACTIVE,NewEvents & Catering Stanislaus Group 3,Anthony Jones,2434 3rd Ln #543,Ceres,CA,92384,Stanislaus,(209) 707-9062,2019-03-07,2020-03-07
58-647743,58,Caterer's Beer & Wine,ACTIVE,Event Catering Burbank,John Smith Brown,5444 Mission St,Burbank,CA,91369,Los Angeles,(424) 402-8906,2018-09-10,2019-09-10
58-650176,58,Caterer's Beer & Wine,ACTIVE,Banquets San Diego LLC,Maria Davis,7674 State Way #641,San Diego,CA,93267,San Diego,(858) 673-7534,2005-08-24,2006-08-24
58-748652,58,Caterer's Beer & Wine,ACTIVE,Party Services Corp 56,Christopher Gonzalez,1269 5th St #700,Fresno,CA,94662,Fresno,(559) 801-1623,2019-12-17,2020-12-17
58-234257,58,Caterer's Beer & Wine,ACTIVE,Event Catering Riverside Company,Daniel Davis,8177 Maple Ct,Riverside,CA,93341,Riverside,(760) 717-9658,2002-06-02,2003-06-02
58-110455,58,Caterer's Beer & Wine,ACTIVE,Events & Catering,David Moore,3169 Main Blvd #631,Ontario,CA,94415,San Bernardino,(760) 737-7671,2008-01-28,2009-01-28
58-782040,58,Caterer's Beer & Wine,ACTIVE,TheEvent Catering Co 79,Lisa Williams,4493 Lincoln Ct #749,Vacaville,CA,92079,Solano,(707) 600-6436,2019-12-18,2020-12-18
58-588689,58,Caterer's Beer & Wine,ACTIVE,Banquets Company 8,Steven Wilson,4163 Market Ct,Citrus Heights,CA,92283,Sacramento,(279) 366-2523,2010-06-23,2011-06-23
58-422320,58,Caterer's Beer & Wine,ACTIVE,TheCatering 30,Lisa Rodriguez Martinez,8014 Jefferson Ct,Thousand Oaks,CA,90831,Ventura,(805) 371-1665,2002-12-16,2003-12-16
58-558281,58,Caterer's Beer & Wine,ACTIVE,Catering Carlsbad,Steven Jones,3817 Ocean Rd,Carlsbad,CA,93283,San Diego,(619) 575-9755,2013-04-08,2014-04-08
58-124414,58,Caterer's Beer & Wine,ACTIVE,Banquets Pleasant Hill,Matthew Williams,261 6th Dr,Pleasant Hill,CA,94826,Contra Costa,(510) 607-3734,2002-04-03,2003-04-03
58-422580,58,Caterer's Beer & Wine,ACTIVE,Event Catering Group,Mark Garcia,6045 Pico St #801,Irvine,CA,93996,Orange,(714) 561-6644,2021-09-20,2022-09-20
58-617402,58,Caterer's Beer & Wine,ACTIVE,Party Services,Robert Johnson,4748 6th Ave #744,Citrus Heights,CA,95429,Sacramento,(279) 949-3542,2021-01-03,2022-01-03
58-823558,58,Caterer's Beer & Wine,ACTIVE,OldEvents & Catering Group 72,William Taylor,3191 5th Ln,Temecula,CA,90761,Riverside,(951) 389-6597,2016-05-06,2017-05-06
58-829573,58,Caterer's Beer & Wine,ACTIVE,Events & Catering Rancho Cucamonga Inc,Andrew Davis,180 Mission Way,Rancho Cucamonga,CA,94928,San Bernardino,(760) 984-3802,2008-03-23,2009-03-23
58-966813,58,Caterer's Beer & Wine,ACTIVE,Party Services Corp,Christopher Johnson Brown,1723 Wilshire Ln,Los Angeles,CA,92822,Los Angeles,(424) 965-1227,2004-09-22,2005-09-22
58-808494,58,Caterer's Beer & Wine,ACTIVE,OldCatering LLC 42,Christopher Smith,5122 Mission Ct,Rancho Cucamonga,CA,91266,San Bernardino,(909) 958-8762,2013-07-03,2014-07-03
58-457619,58,Caterer's Beer & Wine,ACTIVE,OldCatering Company Los Angeles Heights Group 35,John Rodriguez,7535 Lincoln Rd,Los Angeles,CA,92555,Los Angeles,(323) 653-9063,2008-05-05,2009-05-05
58-189445,58,Caterer's Beer & Wine,ACTIVE,Catering Company Richmond Heights Group 36,Robert Martinez,8804 Broadway Way,Richmond,CA,93761,Contra Costa,(510) 779-6345,2004-11-06,2005-11-06
58-910490,58,Caterer's Beer & Wine,ACTIVE,NewEvents & Catering Burbank Heights Corp 93,James Taylor,7490 5th Blvd #290,Burbank,CA,93246,Los Angeles,(661) 710-9963,2005-12-18,2006-12-18
58-946939,58,Caterer's Beer & Wine,ACTIVE,Party Services Group,John Smith,6999 4th Ln,San Francisco,CA,93342,San Francisco,(628) 556-8983,2012-06-14,2013-06-14
58-886750,58,Caterer's Beer & Wine,ACTIVE,Events & Catering Mountain View Inc,Michael Martin Martin,3219 Lincoln Way,Mountain View,CA,93647,Santa Clara,(408) 510-2002,2023-03-01,2024-03-01
58-527794,58,Caterer's Beer & Wine,ACTIVE,Catering Inc,Andrew Jackson,313 Pico Rd,Pasadena,CA,91241,Los Angeles,(424) 859-6186,2007-02-07,2008-02-07
58-784498,58,Caterer's Beer & Wine,ACTIVE,Banquets,Daniel Martin,1477 7th St,Glendale,CA,95284,Los Angeles,(661) 975-9823,2018-04-10,2019-04-10
58-881723,58,Caterer's Beer & Wine,ACTIVE,Catering Company Group,Paul Martinez,5477 Lincoln St,Temecula,CA,94386,Riverside,(951) 269-1256,2018-05-07,2019-05-07
58-323599,58,Caterer's Beer & Wine,ACTIVE,NewCatering Salinas Hills Company 3,Michael Garcia Rodriguez,6799 Front Dr,Salinas,CA,90221,Monterey,(831) 945-7933,2011-01-17,2012-01-17
58-103868,58,Caterer's Beer & Wine,ACTIVE,Party Services Glendale 20,Paul Moore Smith,528 Jefferson Ln,Glendale,CA,90760,Los Angeles,(626) 547-5708,2021-01-15,2022-01-15
58-849645,58,Caterer's Beer & Wine,ACTIVE,Events & Catering Tulare Group,James Smith,8334 Main Blvd #955,Porterville,CA,91270,Tulare,(559) 724-2580,2018-09-09,2019-09-09
58-264409,58,Caterer's Beer & Wine,ACTIVE,Catering Company Santa Monica Company,David Hernandez,2486 Main Ln,Santa Monica,CA,94032,Los Angeles,(818) 318-3105,2003-04-11,2004-04-11
58-817860,58,Caterer's Beer & Wine,ACTIVE,OldEvents & Catering LLC 90,Anthony Davis,8986 Franklin Pl,Long Beach,CA,95079,Los Angeles,(213) 215-9765,2016-04-28,2017-04-28
58-845545,58,Caterer's Beer & Wine,ACTIVE,TheCatering Company Sonoma 6,Paul Brown,5241 Franklin St #878,Petaluma,CA,92294,Sonoma,(707) 861-3255,2014-11-21,2015-11-21
58-415897,58,Caterer's Beer & Wine,ACTIVE,OldParty Services Mountain View Valley Co 31,Steven Rodriguez,2715 Broadway Ln,Mountain View,CA,95710,Santa Clara,(408) 324-7560,2022-03-17,2023-03-17
58-756194,58,Caterer's Beer & Wine,ACTIVE,Event Catering Inc,Kenneth Johnson,2366 Front Ln #849,Livermore,CA,95020,Alameda,(510) 878-1894,2003-02-16,2004-02-16
58-640927,58,Caterer's Beer & Wine,ACTIVE,Banquets Santa Monica Valley Inc,Maria Jones,9439 Lincoln Ct,Santa Monica,CA,94229,Los Angeles,(323) 527-8078,2015-11-10,2016-11-10
58-876928,58,Caterer's Beer & Wine,ACTIVE,Events & Catering San Diego,Matthew Moore,888 Ocean Ct,Escondido,CA,92873,San Diego,(760) 564-3966,2020-08-17,2021-08-17
58-421472,58,Caterer's Beer & Wine,ACTIVE,Party Services Riverside Co,Maria Hernandez,8630 Front Ct,Palm Springs,CA,92669,Riverside,(951) 765-7254,2005-12-17,2006-12-17
58-509922,58,Caterer's Beer & Wine,ACTIVE,Catering,Daniel Gonzalez,6257 4th Ln,Santa Clara,CA,95719,Santa Clara,(669) 605-8806,2020-04-21,2021-04-21
58-639762,58,Caterer's Beer & Wine,ACTIVE,Catering,Maria Wilson,100 2nd Way,Sacramento,CA,94452,Sacramento,(279) 737-3471,2018-06-28,2019-06-28
58-444481,58,Caterer's Beer & Wine,ACTIVE,NewCatering Alameda LLC 85,Michelle Williams Brown,5888 State St,Berkeley,CA,95124,Alameda,(510) 464-7757,2009-07-07,2010-07-07
58-362661,58,Caterer's Beer & Wine,ACTIVE,Catering Company Temecula Heights Company,Andrew Davis,3656 2nd Pl #484,Temecula,CA,91491,Riverside,(760) 253-2955,2012-10-05,2013-10-05
58-423975,58,Caterer's Beer & Wine,ACTIVE,TheBanquets 17,Lisa Anderson,7121 Pico Dr,Glendale,CA,90562,Los Angeles,(323) 583-8247,2010-07-12,2011-07-12
58-131357,58,Caterer's Beer & Wine,ACTIVE,Catering Company Burbank Valley,Maria Wilson Hernandez,6670 Oak Ct,Burbank,CA,91990,Los Angeles,(818) 875-3558,2011-11-18,2012-11-18
58-758836,58,Caterer's Beer & Wine,ACTIVE,Catering Company Long Beach Hills Co,Maria Hernandez,1106 Madison Ln #323,Long Beach,CA,95571,Los Angeles,(626) 348-6964,2022-05-01,2023-05-01
58-626533,58,Caterer's Beer & Wine,ACTIVE,Banquets Company,William Brown,5814 Hollywood Ct #775,Bakersfield,CA,93520,Kern,(805) 519-7299,2004-04-26,2005-04-26
58-644711,58,Caterer's Beer & Wine,ACTIVE,Catering Corp,Steven Anderson,4925 Mission Dr,Pasadena,CA,96129,Los Angeles,(818) 589-2985,2005-09-24,2006-09-24
58-632310,58,Caterer's Beer & Wine,ACTIVE,Banquets Glendale,William Smith,3021 4th Ave,Glendale,CA,90205,Los Angeles,(323) 200-7799,2008-06-09,2009-06-09
58-627076,58,Caterer's Beer & Wine,ACTIVE,Events & Catering Anaheim 13,Paul Gonzalez,6207 1st Ct #603,Anaheim,CA,91437,Orange,(657) 435-2884,2014-08-19,2015-08-19
58-784020,58,Caterer's Beer & Wine,ACTIVE,Catering Company 68,Mark Brown,8738 3rd Dr #333,Pasadena,CA,92558,Los Angeles,(818) 968-1976,2002-07-11,2003-07-11
58-471686,58,Caterer's Beer & Wine,ACTIVE,Catering Company Victorville Heights 41,Jennifer Anderson Thomas,6985 Front Ct #847,Victorville,CA,90158,San Bernardino,(909) 609-7363,2002-08-17,2003-08-17
58-354894,58,Caterer's Beer & Wine,ACTIVE,NewCatering 91,Jennifer Davis Jackson,1526 Madison Dr #148,Atascadero,CA,91896,San Luis Obispo,(805) 405-9619,2002-04-19,2003-04-19
58-397628,58,Caterer's Beer & Wine,ACTIVE,TheCatering Company 28,Daniel Lopez,2868 State Way,Newport Beach,CA,95674,Orange,(657) 278-2010,2012-06-14,2013-06-14
58-321295,58,Caterer's Beer & Wine,ACTIVE,Catering Co,Steven Johnson,8874 Wilshire Ave,Santa Monica,CA,91109,Los Angeles,(661) 878-2535,2024-05-03,2025-05-03
58-424147,58,Caterer's Beer & Wine,ACTIVE,Catering Company Burbank,James Wilson,2825 Ocean Pl,Burbank,CA,92877,Los Angeles,(818) 379-7192,2001-04-03,2002-04-03
58-633724,58,Caterer's Beer & Wine,ACTIVE,Party Services Corp,Daniel Williams,8774 Franklin Rd #463,Long Beach,CA,94362,Los Angeles,(213) 466-6306,2001-09-08,2002-09-08
58-724347,58,Caterer's Beer & Wine,ACTIVE,NewParty Services Santa Monica 90,John Hernandez,8443 2nd Ave #229,Santa Monica,CA,90424,Los Angeles,(213) 826-9786,2022-01-16,2023-01-16
58-921343,58,Caterer's Beer & Wine,ACTIVE,OldEvents & Catering LLC 73,Kenneth Moore,6315 Pico Pl,Livermore,CA,93996,Alameda,(925) 978-5966,2020-02-21,2021-02-21
58-328296,58,Caterer's Beer & Wine,ACTIVE,Events & Catering Carlsbad Inc,Matthew Smith,4374 1st Dr,Carlsbad,CA,91070,San Diego,(619) 967-2140,2008-04-18,2009-04-18
58-817791,58,Caterer's Beer & Wine,ACTIVE,Catering Company,Michael Gonzalez,1934 3rd Dr,Santa Monica,CA,95405,Los Angeles,(818) 927-4439,2012-06-22,2013-06-22
58-195109,58,Caterer's Beer & Wine,ACTIVE,NewBanquets Elk Grove 43,Christopher Johnson,3589 Madison Ln #638,Elk Grove,CA,91560,Sacramento,(279) 427-1878,2004-10-05,2005-10-05
58-976298,58,Caterer's Beer & Wine,ACTIVE,Party Services Company,John Lopez,4565 Oak Ave,Long Beach,CA,90528,Los Angeles,(661) 704-1284,2023-02-12,2024-02-12
58-147986,58,Caterer's Beer & Wine,ACTIVE,Event Catering Corona,Maria Miller,5665 Hollywood Dr,Corona,CA,95712,Riverside,(951) 394-6755,2012-05-15,2013-05-15
58-185701,58,Caterer's Beer & Wine,ACTIVE,TheCatering Company Los Angeles 5,Maria Williams,3665 Hollywood Rd,Long Beach,CA,91266,Los Angeles,(626) 570-3792,2013-08-24,2014-08-24
58-545495,58,Caterer's Beer & Wine,ACTIVE,Banquets,Paul Thomas,4681 3rd Ln #593,Burbank,CA,95146,Los Angeles,(818) 235-6815,2012-12-12,2013-12-12
58-371329,58,Caterer's Beer & Wine,ACTIVE,Party Services,Paul Jackson,4514 Front Ave #501,Los Angeles,CA,94647,Los Angeles,(310) 380-3221,2003-07-20,2004-07-20
58-835046,58,Caterer's Beer & Wine,ACTIVE,Catering,Daniel Lopez,4132 Maple Ln,Elk Grove,CA,95509,Sacramento,(916) 899-5041,2017-07-15,2018-07-15
58-972106,58,Caterer's Beer & Wine,ACTIVE,Events & Catering LLC,Michael Smith,9521 Mission Ct,Thousand Oaks,CA,95048,Ventura,(820) 947-2767,2005-11-14,2006-11-14
58-631476,58,Caterer's Beer & Wine,ACTIVE,TheBanquets 40,Steven Davis,3405 Madison St,Hayward,CA,91127,Alameda,(925) 508-9739,2010-07-10,2011-07-10
58-771810,58,Caterer's Beer & Wine,ACTIVE,NewBanquets Santa Monica 87,Anthony Martinez Martin,9329 Jefferson Ln #227,Santa Monica,CA,92690,Los Angeles,(626) 651-8909,2013-09-22,2014-09-22
58-128185,58,Caterer's Beer & Wine,ACTIVE,Catering,Michael Wilson,7221 Washington Pl,Sonoma,CA,93519,Sonoma,(707) 519-6846,2013-11-15,2014-11-15
58-471018,58,Caterer's Beer & Wine,ACTIVE,Party Services Company 42,Michelle Martin,1634 Franklin Ln,San Bernardino,CA,94467,San Bernardino,(909) 528-9941,2021-08-01,2022-08-01
58-698023,58,Caterer's Beer & Wine,ACTIVE,Catering Glendale,Daniel Smith,4248 Pico Dr,Glendale,CA,95943,Los Angeles,(323) 472-6454,2014-10-26,2015-10-26
58-494109,58,Caterer's Beer & Wine,ACTIVE,Party Services Fairfield Heights LLC,Mark Garcia,4065 State Ct #442,Fairfield,CA,93997,Solano,(707) 562-3878,2024-05-23,2025-05-23
58-747270,58,Caterer's Beer & Wine,ACTIVE,Catering Company,Jennifer Miller Wilson,9553 Front Blvd,Pasadena,CA,91140,Los Angeles,(213) 814-4865,2008-03-21,2009-03-21
58-173481,58,Caterer's Beer & Wine,ACTIVE,Party Services Pleasant Hill,Anthony Thomas,5426 Maple St,Pleasant Hill,CA,94369,Contra Costa,(925) 881-4016,2022-12-03,2023-12-03
58-108292,58,Caterer's Beer & Wine,ACTIVE,OldParty Services Co 92,Robert Martinez Jones,5396 Franklin St #258,Hayward,CA,91390,Alameda,(925) 857-9374,2022-03-22,2023-03-22
58-674331,58,Caterer's Beer & Wine,ACTIVE,Party Services Alameda,Jennifer Brown Wilson,5693 Front Ln #426,Oakland,CA,95173,Alameda,(510) 245-8893,2023-06-12,2024-06-12
58-122231,58,Caterer's Beer & Wine,ACTIVE,Events & Catering Co,Paul Gonzalez,5453 Wilshire Ln #384,Anaheim,CA,90256,Orange,(949) 990-2058,2010-05-05,2011-05-05
58-467440,58,Caterer's Beer & Wine,ACTIVE,OldCatering 5,Kenneth Lopez,726 2nd Rd,Long Beach,CA,94587,Los Angeles,(310) 804-8044,2022-09-03,2023-09-03
58-439020,58,Caterer's Beer & Wine,ACTIVE,Event Catering,Paul Anderson,7472 Ocean Rd,Palm Springs,CA,91613,Riverside,(951) 949-7268,2006-04-12,2007-04-12
58-163858,58,Caterer's Beer & Wine,ACTIVE,Events & Catering Atascadero Hills,Matthew Martin,2135 Jefferson Ave,Atascadero,CA,95597,San Luis Obispo,(805) 529-2256,2008-10-25,2009-10-25
58-528636,58,Caterer's Beer & Wine,ACTIVE,Party Services San Bernardino,Lisa Garcia,215 6th Ave,Ontario,CA,93009,San Bernardino,(760) 455-8649,2006-02-21,2007-02-21
58-769482,58,Caterer's Beer & Wine,ACTIVE,Catering Los Angeles Valley Group,Paul Jackson Brown,5392 Mission Ln #456,Los Angeles,CA,92008,Los Angeles,(213) 710-4808,2016-07-20,2017-07-20
58-972578,58,Caterer's Beer & Wine,ACTIVE,Catering Co,William Davis,6977 Lincoln Ln,San Francisco,CA,95309,San Francisco,(415) 828-8525,2024-05-06,2025-05-06
58-946522,58,Caterer's Beer & Wine,ACTIVE,Event Catering Glendale Heights,Paul Rodriguez Jackson,9128 Madison Blvd,Glendale,CA,93450,Los Angeles,(323) 609-1193,2010-01-21,2011-01-21
58-694457,58,Caterer's Beer & Wine,ACTIVE,Party Services,Michael Rodriguez,4940 Pico Ln,Huntington Beach,CA,94812,Orange,(949) 865-4099,2021-06-24,2022-06-24
58-525771,58,Caterer's Beer & Wine,ACTIVE,Events & Catering Santa Monica,Maria Williams,4460 State Dr #910,Santa Monica,CA,91720,Los Angeles,(424) 999-9985,2022-03-21,2023-03-21
58-226975,58,Caterer's Beer & Wine,ACTIVE,Event Catering Company,Maria Garcia,4784 Mission Way,Pasadena,CA,95174,Los Angeles,(818) 540-7959,2001-07-19,2002-07-19
58-421717,58,Caterer's Beer & Wine,ACTIVE,Party Services San Joaquin Group,Anthony Lopez,7669 4th Ave #983,Stockton,CA,92241,San Joaquin,(209) 907-5755,2013-04-15,2014-04-15
58-241251,58,Caterer's Beer & Wine,ACTIVE,TheBanquets Fresno Company 98,John Johnson,9035 Madison Rd #639,Fresno,CA,94237,Fresno,(559) 368-6507,2008-02-03,2009-02-03
58-495356,58,Caterer's Beer & Wine,ACTIVE,Catering San Francisco,Kenneth Wilson,2530 7th Blvd,San Francisco,CA,90737,San Francisco,(415) 377-2823,2016-04-26,2017-04-26
58-239044,58,Caterer's Beer & Wine,ACTIVE,Event Catering Burbank,Christopher Moore,6104 Madison Pl,Burbank,CA,91927,Los Angeles,(626) 415-6415,2005-03-15,2006-03-15
58-974017,58,Caterer's Beer & Wine,ACTIVE,TheCatering Santa Clara 31,Maria Miller Anderson,4024 3rd Ln #754,Santa Clara,CA,92115,Santa Clara,(669) 203-1459,2021-09-19,2022-09-19
58-914324,58,Caterer's Beer & Wine,ACTIVE,TheEvent Catering Riverside Corp 48,Mark Martin,5593 Pico St,Temecula,CA,91866,Riverside,(951) 469-2003,2021-07-19,2022-07-19
58-171604,58,Caterer's Beer & Wine,ACTIVE,Catering,John Jackson,3722 Franklin Ln,Clovis,CA,91134,Fresno,(559) 745-8126,2024-11-08,2025-11-08
58-412167,58,Caterer's Beer & Wine,ACTIVE,NewCatering Company Daly City Hills Co 7,Daniel Johnson,6485 5th St #361,Daly City,CA,94041,San Mateo,(415) 910-3492,2023-02-28,2024-02-28
58-528818,58,Caterer's Beer & Wine,ACTIVE,Party Services Sonoma,Andrew Gonzalez,4880 Madison Way,Sonoma,CA,94421,Sonoma,(707) 613-7442,2020-10-17,2021-10-17
58-428998,58,Caterer's Beer & Wine,ACTIVE,Party Services Salinas Inc,Mark Jackson,5133 Maple Blvd,Salinas,CA,93555,Monterey,(831) 847-5527,2007-04-22,2008-04-22
58-833277,58,Caterer's Beer & Wine,ACTIVE,Catering Los Angeles,Matthew Martinez,952 6th Ave #919,Los Angeles,CA,93561,Los Angeles,(818) 919-6870,2022-09-01,2023-09-01
58-254283,58,Caterer's Beer & Wine,ACTIVE,NewCatering Co 97,Maria Taylor,1041 5th Dr,Long Beach,CA,90350,Los Angeles,(310) 342-6870,2003-08-27,2004-08-27
58-260795,58,Caterer's Beer & Wine,ACTIVE,Events & Catering Los Angeles Company,Maria Taylor,8115 6th Pl,Los Angeles,CA,93477,Los Angeles,(626) 923-5856,2013-08-14,2014-08-14
58-595542,58,Caterer's Beer & Wine,ACTIVE,Party Services Citrus Heights Co,James Moore,4781 6th Ct,Citrus Heights,CA,94490,Sacramento,(279) 800-4774,2016-04-08,2017-04-08
58-663739,58,Caterer's Beer & Wine,ACTIVE,Events & Catering LLC,David Miller,7845 7th Pl #272,Palm Springs,CA,90742,Riverside,(760) 998-8145,2001-11-03,2002-11-03
58-692886,58,Caterer's Beer & Wine,ACTIVE,Banquets Riverside Hills,Anthony Davis Hernandez,7750 1st Pl #744,Riverside,CA,95551,Riverside,(951) 557-4433,2019-10-13,2020-10-13
58-563497,58,Caterer's Beer & Wine,ACTIVE,Catering Company,Matthew Anderson,1050 4th Dr,Santa Ana,CA,90995,Orange,(949) 667-9653,2013-11-28,2014-11-28
58-109363,58,Caterer's Beer & Wine,ACTIVE,Catering Clovis Valley Corp 83,Robert Hernandez,8466 Hollywood Blvd,Clovis,CA,92142,Fresno,(559) 461-2575,2014-12-27,2015-12-27
58-911762,58,Caterer's Beer & Wine,ACTIVE,Event Catering Rancho Cucamonga Group,Andrew Moore,4653 2nd Rd #920,Rancho Cucamonga,CA,96117,San Bernardino,(760) 393-6215,2011-04-07,2012-04-07
58-888531,58,Caterer's Beer & Wine,ACTIVE,Catering,Mark Williams Smith,4965 2nd Blvd #922,Madera,CA,94935,Fresno,(559) 810-4320,2022-12-01,2023-12-01
58-138052,58,Caterer's Beer & Wine,ACTIVE,Catering,William Lopez Anderson,9266 Franklin St,Delano,CA,92523,Kern,(661) 400-1994,2000-06-05,2001-06-05
58-940407,58,Caterer's Beer & Wine,ACTIVE,Events & Catering Walnut Creek Heights Company,Steven Thomas,9391 Ocean Dr,Walnut Creek,CA,91937,Contra Costa,(925) 388-5020,2013-11-24,2014-11-24
58-985975,58,Caterer's Beer & Wine,ACTIVE,Events & Catering,Maria Taylor Rodriguez,5098 6th Way,Palm Springs,CA,93201,Riverside,(760) 605-8721,2002-02-26,2003-02-26
58-585136,58,Caterer's Beer & Wine,ACTIVE,Catering LLC,Michelle Brown,3425 Wilshire Pl,Rancho Cucamonga,CA,91769,San Bernardino,(909) 439-2754,2018-12-19,2019-12-19
58-696652,58,Caterer's Beer & Wine,ACTIVE,Banquets Group,Michelle Davis,9485 Front Dr,Walnut Creek,CA,93065,Contra Costa,(510) 722-7542,2019-03-10,2020-03-10
58-471713,58,Caterer's Beer & Wine,ACTIVE,Catering Riverside,John Martin Jones,1930 2nd St #744,Palm Springs,CA,95441,Riverside,(760) 526-7130,2020-04-04,2021-04-04
58-439523,58,Caterer's Beer & Wine,ACTIVE,Party Services,David Lopez,6627 Franklin Pl,Escondido,CA,95166,San Diego,(619) 922-5555,2016-12-15,2017-12-15
58-844682,58,Caterer's Beer & Wine,ACTIVE,Events & Catering LLC,Maria Wilson,4705 Lincoln Rd,Pasadena,CA,93908,Los Angeles,(310) 603-5369,2016-12-14,2017-12-14
58-453147,58,Caterer's Beer & Wine,ACTIVE,NewCatering Company Co 17,William Jackson,3193 Hollywood Ct,Tracy,CA,91577,San Joaquin,(209) 882-1021,2003-10-01,2004-10-01
58-514314,58,Caterer's Beer & Wine,ACTIVE,Event Catering Corp,Jennifer Rodriguez,8171 5th Ln #349,Auburn,CA,91938,Placer,(530) 934-9883,2005-12-06,2006-12-06
58-631264,58,Caterer's Beer & Wine,ACTIVE,Party Services Elk Grove Hills Company,Maria Wilson,4481 3rd Way,Elk Grove,CA,96150,Sacramento,(279) 755-5404,2011-12-02,2012-12-02
58-137052,58,Caterer's Beer & Wine,ACTIVE,Events & Catering,Maria Gonzalez Wilson,851 Pico Ln,Santa Rosa,CA,92092,Sonoma,(707) 304-6522,2021-11-04,2022-11-04
58-453396,58,Caterer's Beer & Wine,ACTIVE,Catering Company LLC,Paul Davis Wilson,4004 Market Blvd,Victorville,CA,91327,San Bernardino,(760) 537-1642,2002-01-10,2003-01-10
58-818242,58,Caterer's Beer & Wine,ACTIVE,OldCatering Company Company 1,William Hernandez,5629 4th Blvd #735,Watsonville,CA,94374,Santa Cruz,(831) 427-7630,2009-06-08,2010-06-08
58-157839,58,Caterer's Beer & Wine,ACTIVE,Catering 47,Paul Martin,5640 Pico Dr #633,Tracy,CA,92742,San Joaquin,(209) 672-8689,2008-02-01,2009-02-01
58-774068,58,Caterer's Beer & Wine,ACTIVE,Catering Company Glendale Company 56,David Jackson Lopez,8366 Market Ct,Glendale,CA,95800,Los Angeles,(213) 750-6806,2005-02-26,2006-02-26
58-758639,58,Caterer's Beer & Wine,ACTIVE,Catering Los Angeles Company,Andrew Martin,8008 2nd Way,Santa Monica,CA,90080,Los Angeles,(323) 997-1369,2013-10-17,2014-10-17
58-672044,58,Caterer's Beer & Wine,ACTIVE,TheParty Services Inc 51,Robert Thomas,8339 Jefferson St #484,Rancho Cucamonga,CA,92714,San Bernardino,(760) 322-7906,2022-06-13,2023-06-13
58-544306,58,Caterer's Beer & Wine,ACTIVE,OldEvents & Catering 87,Lisa Lopez,9522 Maple Pl,Novato,CA,95853,Marin,(628) 774-9451,2020-07-13,2021-07-13
58-938456,58,Caterer's Beer & Wine,ACTIVE,Catering Company,Michael Thomas,8799 Maple Way,Los Angeles,CA,95807,Los Angeles,(323) 374-2722,2004-06-28,2005-06-28
58-451512,58,Caterer's Beer & Wine,ACTIVE,Party Services Scotts Valley Heights,Maria Jones,6392 Wilshire Way #348,Scotts Valley,CA,95380,Santa Cruz,(831) 760-1719,2002-01-16,2003-01-16
58-846530,58,Caterer's Beer & Wine,ACTIVE,Catering Company Fairfield Hills Company 57,Jennifer Thomas Johnson,4221 Franklin Way,Fairfield,CA,95254,Solano,(707) 501-2484,2011-09-15,2012-09-15
58-313126,58,Caterer's Beer & Wine,ACTIVE,Banquets Richmond Group,Mark Garcia Johnson,4871 Oak Rd,Richmond,CA,91796,Contra Costa,(925) 675-3839,2001-11-13,2002-11-13
58-527504,58,Caterer's Beer & Wine,ACTIVE,Event Catering Los Angeles,Steven Martin Miller,6931 5th Pl #948,Pasadena,CA,92382,Los Angeles,(323) 864-8571,2004-02-20,2005-02-20
58-922319,58,Caterer's Beer & Wine,ACTIVE,Event Catering Temecula Heights Inc,Steven Wilson Brown,9568 1st Way,Temecula,CA,93549,Riverside,(760) 583-1531,2008-04-06,2009-04-06
58-612087,58,Caterer's Beer & Wine,ACTIVE,OldCatering Company Group 67,Lisa Hernandez,1870 4th Dr,Pasadena,CA,93155,Los Angeles,(818) 768-7783,2007-06-11,2008-06-11
58-647976,58,Caterer's Beer & Wine,ACTIVE,Banquets Pleasant Hill Co,Maria Rodriguez,6498 Mission Way,Pleasant Hill,CA,95458,Contra Costa,(925) 717-4956,2020-06-28,2021-06-28
58-512837,58,Caterer's Beer & Wine,ACTIVE,NewCatering Company 75,Andrew Rodriguez,7745 Market Ln #858,Corona,CA,91659,Riverside,(951) 684-9801,2019-12-22,2020-12-22
58-744058,58,Caterer's Beer & Wine,ACTIVE,Events & Catering San Bernardino,Paul Lopez,5187 Front Ave,San Bernardino,CA,93322,San Bernardino,(909) 339-4918,2000-05-08,2001-05-08
58-395873,58,Caterer's Beer & Wine,ACTIVE,Events & Catering Los Angeles 42,James Garcia,9524 Mission Ave,Los Angeles,CA,96065,Los Angeles,(213) 642-5749,2024-05-09,2025-05-09
58-375056,58,Caterer's Beer & Wine,ACTIVE,OldBanquets Tulare Company 12,Michael Hernandez,6957 State Rd,Visalia,CA,90340,Tulare,(559) 516-9551,2016-05-05,2017-05-05
58-966218,58,Caterer's Beer & Wine,ACTIVE,Catering,William Martinez,377 Main St #574,Bakersfield,CA,90049,Kern,(805) 864-7556,2003-03-09,2004-03-09
58-522510,58,Caterer's Beer & Wine,ACTIVE,Event Catering Alameda Inc,Maria Lopez,8457 State Way,Hayward,CA,93443,Alameda,(510) 853-9917,2005-06-19,2006-06-19
58-379600,58,Caterer's Beer & Wine,ACTIVE,Catering Group,Maria Miller,9534 1st Rd #973,Salinas,CA,91554,Monterey,(831) 240-8410,2006-01-09,2007-01-09
58-118554,58,Caterer's Beer & Wine,ACTIVE,Events & Catering Santa Ana Corp,Maria Miller,260 Washington Blvd,Santa Ana,CA,90619,Orange,(714) 750-3991,2020-09-04,2021-09-04
58-881024,58,Caterer's Beer & Wine,ACTIVE,Party Services Inc,James Lopez,8917 Main Pl,Irvine,CA,93860,Orange,(949) 720-4675,2006-07-25,2007-07-25
58-780177,58,Caterer's Beer & Wine,ACTIVE,Catering Company Burbank,William Davis,4618 Lincoln Ln #973,Burbank,CA,92748,Los Angeles,(213) 288-8565,2012-10-07,2013-10-07
58-103257,58,Caterer's Beer & Wine,ACTIVE,Party Services Corp,Andrew Davis,633 Wilshire Blvd #693,San Luis Obispo,CA,94595,San Luis Obispo,(805) 437-8714,2021-04-20,2022-04-20
58-412285,58,Caterer's Beer & Wine,ACTIVE,NewCatering Company 77,William Garcia,1323 5th Ave,Porterville,CA,90090,Tulare,(559) 497-5688,2003-01-24,2004-01-24
58-353507,58,Caterer's Beer & Wine,ACTIVE,Banquets Company,Anthony Johnson,4777 Sunset Rd,Santa Monica,CA,90877,Los Angeles,(323) 531-8589,2024-11-27,2025-11-27
58-139236,58,Caterer's Beer & Wine,ACTIVE,Banquets Pasadena Co,Andrew Smith,4211 6th Dr #894,Pasadena,CA,93077,Los Angeles,(626) 917-8538,2004-05-22,2005-05-22
58-596667,58,Caterer's Beer & Wine,ACTIVE,OldEvents & Catering 26,Robert Davis,5114 Front Rd,Fresno,CA,94375,Fresno,(559) 791-2575,2001-06-18,2002-06-18
58-534799,58,Caterer's Beer & Wine,ACTIVE,Events & Catering Los Angeles LLC 51,Steven Johnson,8054 4th Way,Los Angeles,CA,91835,Los Angeles,(424) 961-3077,2017-06-18,2018-06-18
58-463372,58,Caterer's Beer & Wine,ACTIVE,TheCatering Clovis 60,Robert Rodriguez Martin,6191 Franklin Pl,Clovis,CA,95934,Fresno,(559) 820-2438,2015-06-09,2016-06-09
58-677786,58,Caterer's Beer & Wine,ACTIVE,Events & Catering LLC,David Anderson Lopez,6247 1st Way #540,Oakland,CA,90869,Alameda,(925) 485-2254,2007-05-03,2008-05-03
58-962282,58,Caterer's Beer & Wine,ACTIVE,Event Catering Santa Rosa,Lisa Jones Garcia,8258 Ocean Rd #645,Santa Rosa,CA,94858,Sonoma,(707) 499-8919,2000-06-07,2001-06-07
58-746400,58,Caterer's Beer & Wine,ACTIVE,Party Services LLC,James Miller,5764 Pico Way,San Francisco,CA,90753,San Francisco,(415) 549-8671,2002-02-23,2003-02-23
58-140461,58,Caterer's Beer & Wine,ACTIVE,Events & Catering Inc,Christopher Gonzalez,8916 Franklin Way,Mountain View,CA,91795,Santa Clara,(669) 261-1735,2023-11-20,2024-11-20
58-106915,58,Caterer's Beer & Wine,ACTIVE,TheEvents & Catering Group 33,Andrew Taylor,6957 Sunset St #313,Bakersfield,CA,91418,Kern,(661) 268-7493,2022-04-17,2023-04-17
58-599511,58,Caterer's Beer & Wine,ACTIVE,Events & Catering San Mateo Valley,Maria Thomas,9955 Mission Way,San Mateo,CA,95627,San Mateo,(650) 242-3296,2007-07-16,2008-07-16
58-263132,58,Caterer's Beer & Wine,ACTIVE,Event Catering Hayward Hills,Paul Rodriguez Davis,6241 Jefferson Ave,Hayward,CA,90031,Alameda,(925) 929-2911,2024-03-01,2025-03-01
58-767251,58,Caterer's Beer & Wine,ACTIVE,OldEvent Catering Company 98,Matthew Taylor,5993 7th Ln #182,Chula Vista,CA,94743,San Diego,(858) 881-6744,2003-06-27,2004-06-27
58-963524,58,Caterer's Beer & Wine,ACTIVE,Events & Catering,Daniel Smith,5927 Oak Blvd,Berkeley,CA,92820,Alameda,(510) 940-4183,2003-04-20,2004-04-20
58-149373,58,Caterer's Beer & Wine,ACTIVE,Banquets Glendale Heights LLC,Maria Thomas,3110 Pico Rd,Glendale,CA,92756,Los Angeles,(310) 803-8067,2020-11-02,2021-11-02
58-828008,58,Caterer's Beer & Wine,ACTIVE,Catering,Lisa Martin,6180 State Ct #269,Burbank,CA,90151,Los Angeles,(323) 879-9486,2003-06-17,2004-06-17
58-288382,58,Caterer's Beer & Wine,ACTIVE,Banquets Oceanside Heights Corp,Michelle Gonzalez,6352 Jefferson Ct,Oceanside,CA,93861,San Diego,(619) 275-9314,2001-05-15,2002-05-15
58-688074,58,Caterer's Beer & Wine,ACTIVE,Catering Group 22,Steven Martinez Lopez,8844 Ocean Ave #719,Newport Beach,CA,91752,Orange,(949) 634-4092,2024-12-28,2025-12-28
58-342306,58,Caterer's Beer & Wine,ACTIVE,Event Catering Long Beach Company,Anthony Martin,9129 6th Dr,Long Beach,CA,95900,Los Angeles,(818) 478-5297,2000-01-15,2001-01-15
58-547415,58,Caterer's Beer & Wine,ACTIVE,Party Services,Mark Hernandez Smith,8061 Broadway Way,Glendale,CA,93139,Los Angeles,(626) 362-2272,2008-05-21,2009-05-21
58-723111,58,Caterer's Beer & Wine,ACTIVE,Catering San Bernardino Valley,Michael Garcia,4231 Front St,San Bernardino,CA,93029,San Bernardino,(760) 898-9741,2003-07-10,2004-07-10
58-877195,58,Caterer's Beer & Wine,ACTIVE,Catering Group,David Brown,9230 7th Pl,South San Francisco,CA,91650,San Mateo,(650) 368-9858,2006-07-08,2007-07-08
58-378909,58,Caterer's Beer & Wine,ACTIVE,Event Catering Concord,Maria Taylor,7227 5th St,Concord,CA,92096,Contra Costa,(925) 511-2485,2005-02-16,2006-02-16
58-618134,58,Caterer's Beer & Wine,ACTIVE,Catering Santa Ana Heights Co,Matthew Martin,4690 State Ave,Santa Ana,CA,94586,Orange,(657) 319-1737,2022-11-09,2023-11-09
58-230949,58,Caterer's Beer & Wine,ACTIVE,Banquets,Matthew Hernandez,9184 Pico Pl,Sonoma,CA,95559,Sonoma,(707) 618-1763,2021-03-04,2022-03-04
58-148606,58,Caterer's Beer & Wine,ACTIVE,Catering Company Carlsbad Group,Robert Johnson Taylor,3475 3rd Ct #294,Carlsbad,CA,91807,San Diego,(760) 342-6250,2010-02-11,2011-02-11
58-859445,58,Caterer's Beer & Wine,ACTIVE,Banquets Los Angeles,Michelle Martinez,8882 State St,Glendale,CA,91578,Los Angeles,(661) 680-3794,2003-10-13,2004-10-13
58-964103,58,Caterer's Beer & Wine,ACTIVE,Event Catering Los Angeles,Matthew Jones,3786 2nd Ct,Burbank,CA,91213,Los Angeles,(661) 998-7869,2017-08-10,2018-08-10
58-418023,58,Caterer's Beer & Wine,ACTIVE,Catering LLC,John Taylor,2973 Maple Blvd,Clovis,CA,91573,Fresno,(559) 410-5620,2010-04-03,2011-04-03
58-334300,58,Caterer's Beer & Wine,ACTIVE,Catering Los Angeles,James Moore,2935 Mission Ct,Santa Monica,CA,90119,Los Angeles,(818) 664-2253,2022-01-13,2023-01-13
58-185006,58,Caterer's Beer & Wine,ACTIVE,Catering,William Jackson Martin,3913 4th Ln,San Bernardino,CA,92434,San Bernardino,(760) 653-5624,2010-10-08,2011-10-08
58-878604,58,Caterer's Beer & Wine,ACTIVE,Party Services,David Davis,9480 7th St #256,Richmond,CA,90344,Contra Costa,(510) 918-6338,2010-03-09,2011-03-09
58-150779,58,Caterer's Beer & Wine,ACTIVE,Events & Catering,Anthony Johnson,3239 Madison Pl,Glendale,CA,94062,Los Angeles,(818) 464-7212,2007-08-08,2008-08-08
58-331360,58,Caterer's Beer & Wine,ACTIVE,Event Catering Inc,Maria Lopez,9424 Oak Rd,Carlsbad,CA,95442,San Diego,(858) 707-1631,2017-11-24,2018-11-24
58-891847,58,Caterer's Beer & Wine,ACTIVE,Events & Catering Daly City Group,Robert Taylor Taylor,7843 Pico Way #481,Daly City,CA,93185,San Mateo,(415) 901-4322,2000-10-20,2001-10-20
58-219077,58,Caterer's Beer & Wine,ACTIVE,NewEvents & Catering Los Angeles 31,Daniel Anderson,3969 Wilshire Way #139,Los Angeles,CA,92911,Los Angeles,(213) 409-4112,2000-02-26,2001-02-26
58-448174,58,Caterer's Beer & Wine,ACTIVE,Banquets,Michelle Brown,3488 5th Blvd,Ontario,CA,96192,San Bernardino,(909) 468-8928,2002-03-19,2003-03-19
58-944876,58,Caterer's Beer & Wine,ACTIVE,Catering Long Beach,Kenneth Anderson Garcia,6941 7th Rd #256,Long Beach,CA,93883,Los Angeles,(424) 896-1025,2003-01-18,2004-01-18
58-375396,58,Caterer's Beer & Wine,ACTIVE,Banquets,Christopher Williams,6901 Washington Ave,Riverside,CA,95663,Riverside,(760) 884-5138,2011-12-23,2012-12-23
58-275486,58,Caterer's Beer & Wine,ACTIVE,OldEvent Catering Oakland 27,Lisa Taylor Johnson,5890 Pico St #865,Oakland,CA,92244,Alameda,(510) 374-1061,2008-02-17,2009-02-17
58-322174,58,Caterer's Beer & Wine,ACTIVE,Catering Corp,Christopher Johnson,1096 1st Pl,Huntington Beach,CA,91195,Orange,(949) 377-1971,2004-02-07,2005-02-07
58-722208,58,Caterer's Beer & Wine,ACTIVE,Events & Catering LLC,Daniel Davis,7392 Washington Blvd #660,Oakland,CA,95129,Alameda,(925) 721-5129,2018-06-22,2019-06-22
58-321172,58,Caterer's Beer & Wine,ACTIVE,Party Services Los Angeles Corp 41,Maria Miller,5334 Sunset Way #995,Los Angeles,CA,92308,Los Angeles,(323) 463-7095,2017-12-28,2018-12-28
58-169859,58,Caterer's Beer & Wine,ACTIVE,Catering Co,Matthew Garcia,7360 2nd Ln,Victorville,CA,95324,San Bernardino,(760) 844-1338,2022-01-25,2023-01-25
58-836401,58,Caterer's Beer & Wine,ACTIVE,Catering Company,Daniel Johnson,4981 6th St,Burbank,CA,92703,Los Angeles,(661) 801-6526,2004-11-13,2005-11-13
58-419365,58,Caterer's Beer & Wine,ACTIVE,Catering Group 4,Anthony Smith Hernandez,3426 Hollywood Way,Santa Monica,CA,92351,Los Angeles,(626) 297-7678,2013-05-10,2014-05-10
58-884001,58,Caterer's Beer & Wine,ACTIVE,Event Catering,James Hernandez,4433 1st Way,Los Angeles,CA,91909,Los Angeles,(213) 344-7388,2000-11-25,2001-11-25
58-487053,58,Caterer's Beer & Wine,ACTIVE,TheEvent Catering Oceanside Hills 72,Christopher Brown,4417 Lincoln Rd,Oceanside,CA,94085,San Diego,(619) 913-6392,2000-03-02,2001-03-02
58-282688,58,Caterer's Beer & Wine,ACTIVE,Event Catering,Maria Martin,4669 7th Blvd,Escondido,CA,91676,San Diego,(760) 740-4028,2013-07-17,2014-07-17
58-373122,58,Caterer's Beer & Wine,ACTIVE,OldEvent Catering Los Angeles Co 44,Kenneth Davis,5613 State Pl,Los Angeles,CA,92127,Los Angeles,(626) 829-7424,2011-05-09,2012-05-09
58-579123,58,Caterer's Beer & Wine,ACTIVE,OldCatering Corp 79,Lisa Miller Jackson,3114 Market Ave #211,San Francisco,CA,91749,San Francisco,(415) 869-6181,2013-04-08,2014-04-08
58-390027,58,Caterer's Beer & Wine,ACTIVE,NewEvents & Catering 32,Steven Wilson,3968 4th St,Long Beach,CA,91477,Los Angeles,(213) 569-4902,2003-10-11,2004-10-11
58-921324,58,Caterer's Beer & Wine,ACTIVE,Banquets Long Beach,Kenneth Miller,2311 2nd Rd #334,Long Beach,CA,96113,Los Angeles,(818) 968-9933,2001-06-09,2002-06-09
58-300715,58,Caterer's Beer & Wine,ACTIVE,Party Services,Steven Wilson,3604 Main Rd,Clovis,CA,94448,Fresno,(559) 224-2817,2010-09-10,2011-09-10
58-713915,58,Caterer's Beer & Wine,ACTIVE,Party Services LLC,Michael Brown,8291 Maple Ln,Corona,CA,94918,Riverside,(951) 810-6743,2002-12-19,2003-12-19
58-554326,58,Caterer's Beer & Wine,ACTIVE,Event Catering Stanislaus,Steven Rodriguez,5302 Madison Ave,Turlock,CA,93485,Stanislaus,(209) 461-4469,2019-10-18,2020-10-18
58-384544,58,Caterer's Beer & Wine,ACTIVE,Party Services Group,Anthony Johnson,3902 Main St,Rancho Cucamonga,CA,94137,San Bernardino,(760) 529-8647,2019-09-19,2020-09-19
58-537815,58,Caterer's Beer & Wine,ACTIVE,Party Services Corp,Mark Hernandez,524 Mission Ave,Lodi,CA,94186,San Joaquin,(209) 934-1687,2006-01-13,2007-01-13
58-333208,58,Caterer's Beer & Wine,ACTIVE,Events & Catering Orange Co,Lisa Martinez,4299 Maple Ln,Huntington Beach,CA,90571,Orange,(714) 273-9073,2006-04-08,2007-04-08
58-466043,58,Caterer's Beer & Wine,ACTIVE,Party Services,David Smith,1524 Washington St #751,Huntington Beach,CA,90589,Orange,(714) 301-3709,2002-10-27,2003-10-27
58-394593,58,Caterer's Beer & Wine,ACTIVE,Event Catering Los Angeles LLC,James Jackson,149 Mission St,Long Beach,CA,92642,Los Angeles,(818) 684-4839,2000-12-26,2001-12-26
58-740737,58,Caterer's Beer & Wine,ACTIVE,OldEvents & Catering Los Angeles 3,Matthew Jones,8879 Front St,Los Angeles,CA,94547,Los Angeles,(661) 789-3058,2001-01-23,2002-01-23
58-910189,58,Caterer's Beer & Wine,ACTIVE,Catering Company Inc,John Moore Anderson,7455 4th Dr,Carlsbad,CA,93943,San Diego,(760) 750-2010,2021-03-28,2022-03-28
58-168235,58,Caterer's Beer & Wine,ACTIVE,Event Catering Pasadena Hills Group,Robert Miller,9416 Market Ave,Pasadena,CA,91894,Los Angeles,(424) 659-4317,2000-05-02,2001-05-02
58-737890,58,Caterer's Beer & Wine,ACTIVE,OldBanquets Corp 43,Andrew Johnson,6437 Ocean Ln,Los Angeles,CA,91212,Los Angeles,(424) 462-5359,2017-04-05,2018-04-05
58-833341,58,Caterer's Beer & Wine,ACTIVE,Banquets LLC,Kenneth Davis,5876 Mission Ln,Porterville,CA,92989,Tulare,(559) 824-4529,2002-12-20,2003-12-20
58-742251,58,Caterer's Beer & Wine,ACTIVE,Event Catering Los Angeles,Christopher Martin,553 7th Ave,Los Angeles,CA,93492,Los Angeles,(310) 834-3818,2002-05-06,2003-05-06
58-609469,58,Caterer's Beer & Wine,ACTIVE,Banquets Long Beach,David Johnson,7822 1st Ave,Long Beach,CA,91596,Los Angeles,(661) 792-6397,2016-06-08,2017-06-08
58-268765,58,Caterer's Beer & Wine,ACTIVE,OldBanquets LLC 24,Mark Moore,5254 Jefferson Pl,San Diego,CA,91415,San Diego,(760) 566-4026,2023-08-24,2024-08-24
58-688511,58,Caterer's Beer & Wine,ACTIVE,Banquets,Lisa Martinez,7003 Sunset Ln #338,Temecula,CA,95266,Riverside,(951) 697-8367,2010-05-18,2011-05-18
58-891859,58,Caterer's Beer & Wine,ACTIVE,Catering Company Burbank,Kenneth Johnson Wilson,3497 Oak Dr,Burbank,CA,91739,Los Angeles,(310) 978-1167,2016-01-27,2017-01-27
58-295173,58,Caterer's Beer & Wine,ACTIVE,Events & Catering Corp 19,Daniel Moore Miller,7511 Sunset Ct,Roseville,CA,93719,Sacramento,(916) 864-8502,2009-12-14,2010-12-14
58-291854,58,Caterer's Beer & Wine,ACTIVE,Event Catering San Bernardino Co,Robert Rodriguez Jackson,5176 Broadway Blvd,Victorville,CA,90538,San Bernardino,(760) 203-6387,2014-07-22,2015-07-22
58-853829,58,Caterer's Beer & Wine,ACTIVE,Events & Catering Tulare Inc,Robert Miller,6364 Madison Ln,Tulare,CA,90350,Tulare,(559) 644-9453,2017-02-10,2018-02-10
58-981649,58,Caterer's Beer & Wine,ACTIVE,Catering Company,Matthew Brown Smith,1472 Hollywood Pl #400,Fresno,CA,93196,Fresno,(559) 393-2728,2002-05-03,2003-05-03
58-209549,58,Caterer's Beer & Wine,ACTIVE,TheBanquets Sacramento 66,Robert Williams,972 1st St #221,Sacramento,CA,95364,Sacramento,(279) 412-2114,2002-03-08,2003-03-08
58-463746,58,Caterer's Beer & Wine,ACTIVE,Event Catering,Robert Jackson Jackson,7590 Market Pl #974,Santa Clara,CA,92581,Santa Clara,(669) 218-1252,2007-07-08,2008-07-08
58-968531,58,Caterer's Beer & Wine,ACTIVE,Catering Livermore,Robert Lopez,4753 Madison St,Livermore,CA,90948,Alameda,(925) 203-8303,2006-02-24,2007-02-24
58-576692,58,Caterer's Beer & Wine,ACTIVE,Party Services Rancho Cucamonga,Matthew Martin,935 2nd Blvd,Rancho Cucamonga,CA,94009,San Bernardino,(909) 415-1746,2006-07-07,2007-07-07
58-200537,58,Caterer's Beer & Wine,ACTIVE,Party Services Santa Clara Co,Mark Davis,5193 Mission Ave,Palo Alto,CA,91596,Santa Clara,(408) 720-4697,2011-10-25,2012-10-25
58-334871,58,Caterer's Beer & Wine,ACTIVE,Party Services Los Angeles 27,Christopher Williams,9533 Ocean Dr #183,Los Angeles,CA,90410,Los Angeles,(323) 957-5390,2011-08-20,2012-08-20
58-894733,58,Caterer's Beer & Wine,ACTIVE,TheCatering 84,Maria Moore,8483 1st Rd #476,Palo Alto,CA,94602,Santa Clara,(408) 308-9414,2014-10-09,2015-10-09
58-145021,58,Caterer's Beer & Wine,ACTIVE,TheEvent Catering Oakland Valley LLC 64,Kenneth Gonzalez,1319 Sunset Pl,Oakland,CA,92732,Alameda,(925) 599-6389,2013-11-06,2014-11-06
58-767478,58,Caterer's Beer & Wine,ACTIVE,Event Catering Santa Clara,Maria Williams,637 1st Pl #662,Palo Alto,CA,92411,Santa Clara,(669) 305-6099,2024-10-13,2025-10-13
58-784024,58,Caterer's Beer & Wine,ACTIVE,Banquets San Francisco,Michael Brown,6295 Hollywood Rd,San Francisco,CA,94834,San Francisco,(415) 982-3280,2021-07-22,2022-07-22
58-190391,58,Caterer's Beer & Wine,ACTIVE,Catering Company Group 79,Michael Garcia Martinez,1147 Wilshire Ln #920,San Luis Obispo,CA,90243,San Luis Obispo,(805) 502-6731,2015-06-10,2016-06-10
58-925026,58,Caterer's Beer & Wine,ACTIVE,OldEvent Catering Los Angeles 87,Michael Johnson,9414 Jefferson Way,Burbank,CA,94024,Los Angeles,(626) 419-7827,2002-06-23,2003-06-23
58-995972,58,Caterer's Beer & Wine,ACTIVE,Catering,Kenneth Lopez,7562 Front Way,Glendale,CA,91634,Los Angeles,(626) 519-8697,2020-08-22,2021-08-22
58-741931,58,Caterer's Beer & Wine,ACTIVE,Banquets Los Angeles 88,Lisa Miller,1413 Oak Blvd #875,Los Angeles,CA,94839,Los Angeles,(323) 253-3477,2003-12-16,2004-12-16
58-113870,58,Caterer's Beer & Wine,ACTIVE,Party Services Contra Costa Group,John Thomas,6958 1st Rd,Walnut Creek,CA,91064,Contra Costa,(510) 956-3599,2005-10-16,2006-10-16
58-640037,58,Caterer's Beer & Wine,ACTIVE,NewEvents & Catering San Diego 70,Steven Gonzalez,3870 Franklin Ln,Escondido,CA,93428,San Diego,(760) 674-4864,2004-10-27,2005-10-27
58-340769,58,Caterer's Beer & Wine,ACTIVE,Events & Catering,Kenneth Brown,9456 Mission Pl,Santa Monica,CA,96180,Los Angeles,(626) 564-1425,2009-01-11,2010-01-11
58-757504,58,Caterer's Beer & Wine,ACTIVE,Event Catering LLC,William Williams Miller,225 Wilshire Ln #323,South San Francisco,CA,93191,San Mateo,(415) 247-1935,2001-02-09,2002-02-09
58-227601,58,Caterer's Beer & Wine,ACTIVE,Catering Company Group,Robert Brown,7621 Front Way,Glendale,CA,95376,Los Angeles,(213) 870-4652,2020-11-28,2021-11-28
58-710283,58,Caterer's Beer & Wine,ACTIVE,Banquets Los Angeles Heights,Maria Lopez Williams,9838 Hollywood Rd,Los Angeles,CA,91143,Los Angeles,(213) 466-3666,2010-08-19,2011-08-19
58-427402,58,Caterer's Beer & Wine,ACTIVE,TheBanquets Riverside 40,Lisa Thomas Hernandez,8852 Madison Dr #956,Riverside,CA,95755,Riverside,(760) 519-3319,2024-10-14,2025-10-14
58-403605,58,Caterer's Beer & Wine,ACTIVE,Party Services San Francisco Corp 90,Michelle Brown,5756 Market Blvd,San Francisco,CA,93886,San Francisco,(628) 215-2108,2013-08-20,2014-08-20
58-666345,58,Caterer's Beer & Wine,ACTIVE,Catering Mountain View Hills Co 99,Mark Taylor,3548 Oak Pl,Mountain View,CA,91595,Santa Clara,(408) 756-4509,2016-02-26,2017-02-26
58-742710,58,Caterer's Beer & Wine,ACTIVE,Banquets Inc,Lisa Garcia,5054 Broadway Pl #736,Chula Vista,CA,95766,San Diego,(760) 707-6906,2011-06-06,2012-06-06
58-898616,58,Caterer's Beer & Wine,ACTIVE,Catering Berkeley,Mark Thomas,6227 Pico Way,Berkeley,CA,94528,Alameda,(925) 595-6886,2020-05-21,2021-05-21
58-931094,58,Caterer's Beer & Wine,ACTIVE,Catering Co,Mark Rodriguez,4672 Wilshire Ave,Auburn,CA,94048,Placer,(916) 461-7277,2002-06-09,2003-06-09
58-380372,58,Caterer's Beer & Wine,ACTIVE,Catering Newport Beach Hills Inc,John Williams,1135 7th Dr,Newport Beach,CA,94814,Orange,(714) 279-8842,2007-10-04,2008-10-04
58-940423,58,Caterer's Beer & Wine,ACTIVE,Events & Catering Santa Ana Hills,Andrew Williams,6943 6th Ln,Santa Ana,CA,94084,Orange,(714) 663-1959,2000-05-08,2001-05-08
58-777763,58,Caterer's Beer & Wine,ACTIVE,Banquets,John Lopez Moore,5297 Maple Blvd #975,Redwood City,CA,92303,San Mateo,(650) 291-4008,2018-03-16,2019-03-16
58-880950,58,Caterer's Beer & Wine,ACTIVE,TheBanquets Orange Inc 73,Kenneth Smith Miller,2403 Mission Pl,Irvine,CA,91163,Orange,(949) 966-2190,2009-04-13,2010-04-13
58-569627,58,Caterer's Beer & Wine,ACTIVE,Event Catering Company 50,Andrew Wilson Jackson,1199 Oak Rd #822,Santa Monica,CA,91828,Los Angeles,(661) 663-6870,2001-10-23,2002-10-23
58-718811,58,Caterer's Beer & Wine,ACTIVE,Event Catering LLC,Mark Johnson,5339 Wilshire Blvd,Concord,CA,93503,Contra Costa,(510) 782-4843,2020-02-14,2021-02-14
58-830786,58,Caterer's Beer & Wine,ACTIVE,Alpine Bar Inc,Christopher Jackson,5075 Broad Blvd,Alpine,CA,93766,Alpine,(707) 427-8942,2020-12-18,2025-08-27
58-314765,58,Caterer's Beer & Wine,ACTIVE,The Alpine Restaurant,Robert Hernandez,7144 Broad Way,Alpine,CA,95289,Alpine,(530) 749-8593,2015-03-28,2025-10-25
58-587534,58,Caterer's Beer & Wine,ACTIVE,Alpine Bar Inc,Michelle Gonzalez,9566 Main Dr,Alpine,CA,90428,Alpine,(760) 428-8242,2022-01-15,2025-09-09
58-456816,58,Caterer's Beer & Wine,ACTIVE,The Alpine Market Inc,Maria Gonzalez,5839 Main Way,Alpine,CA,94811,Alpine,(831) 659-1417,2010-06-27,2026-10-03
58-672600,58,Caterer's Beer & Wine,ACTIVE,Alpine Bar Inc,Maria Martin,1603 Center Ln,Alpine,CA,95652,Alpine,(442) 978-9122,2011-04-03,2026-02-28
58-418229,58,Caterer's Beer & Wine,ACTIVE,Alpine Bar,David Smith,6189 Broad Pl,Alpine,CA,92446,Alpine,(707) 330-5021,2023-06-12,2025-11-11
58-352911,58,Caterer's Beer & Wine,ACTIVE,Alpine Tavern LLC,James Taylor,6691 Broad Ct,Alpine,CA,92593,Alpine,(530) 772-1523,2010-11-19,2026-11-03
58-864973,58,Caterer's Beer & Wine,ACTIVE,Alpine Bar,Michael Davis,1172 Center Pl,Alpine,CA,94966,Alpine,(707) 646-6986,2013-12-23,2024-10-02
58-700006,58,Caterer's Beer & Wine,ACTIVE,Alpine Cafe,Anthony Taylor,8895 Broad Rd,Alpine,CA,90063,Alpine,(530) 430-6315,2015-02-09,2026-10-07
58-157202,58,Caterer's Beer & Wine,ACTIVE,The Alpine Cafe LLC,James Wilson,5897 Main Dr,Alpine,CA,93493,Alpine,(442) 806-1567,2014-11-02,2026-12-21
58-655554,58,Caterer's Beer & Wine,ACTIVE,Alpine Cafe,Andrew Johnson,6757 Main Pl,Alpine,CA,95968,Alpine,(707) 589-7329,2017-01-12,2024-09-26
58-190784,58,Caterer's Beer & Wine,ACTIVE,The Alpine Restaurant,Christopher Rodriguez,2690 Center Way,Alpine,CA,92547,Alpine,(530) 324-6009,2015-04-13,2024-02-26
58-765035,58,Caterer's Beer & Wine,ACTIVE,The Alpine Cafe LLC,David Jones,8588 Broad Dr,Alpine,CA,95531,Alpine,(831) 754-2326,2018-05-24,2024-05-14
58-178579,58,Caterer's Beer & Wine,ACTIVE,The Alpine Market,Daniel Brown,9152 Broad Pl,Alpine,CA,90551,Alpine,(916) 332-4734,2017-12-09,2025-10-20
58-928327,58,Caterer's Beer & Wine,ACTIVE,Amador Cafe LLC,Robert Smith,4182 Main Ave,Amador,CA,95949,Amador,(530) 573-8476,2016-09-19,2024-07-20
58-243773,58,Caterer's Beer & Wine,ACTIVE,The Amador Tavern LLC,Jennifer Anderson,7255 Center Way,Amador,CA,94425,Amador,(707) 371-1590,2020-07-23,2026-02-06
58-227075,58,Caterer's Beer & Wine,ACTIVE,Amador Market LLC,Mark Brown,7452 Center Pl,Amador,CA,91391,Amador,(209) 874-6315,2017-07-07,2025-07-18
58-849856,58,Caterer's Beer & Wine,ACTIVE,Amador Market,Matthew Brown,6119 Broad Blvd,Amador,CA,91201,Amador,(559) 517-9705,2015-04-25,2026-09-25
58-783007,58,Caterer's Beer & Wine,ACTIVE,Amador Cafe LLC,Michael Martinez,4834 Broad Ct,Amador,CA,93524,Amador,(760) 595-1971,2023-09-13,2026-09-23
58-682585,58,Caterer's Beer & Wine,ACTIVE,The Amador Tavern Inc,Kenneth Rodriguez,8433 Main St,Amador,CA,96020,Amador,(707) 976-8666,2014-03-04,2025-02-14
58-229826,58,Caterer's Beer & Wine,ACTIVE,Amador Tavern,Mark Garcia,9612 Broad Ln,Amador,CA,93873,Amador,(916) 722-7525,2010-11-08,2026-05-18
58-579277,58,Caterer's Beer & Wine,ACTIVE,Amador Market,Maria Johnson,4544 Center Pl,Amador,CA,90641,Amador,(442) 893-4225,2020-11-21,2024-05-15
58-963132,58,Caterer's Beer & Wine,ACTIVE,Calaveras Market LLC,David Gonzalez,3434 Broad Ln,Calaveras,CA,91785,Calaveras,(760) 956-5112,2016-04-18,2026-10-18
58-383828,58,Caterer's Beer & Wine,ACTIVE,Calaveras Tavern LLC,Matthew Davis,4693 Main St,Calaveras,CA,96079,Calaveras,(530) 876-1807,2011-04-09,2024-10-10
58-211042,58,Caterer's Beer & Wine,ACTIVE,Calaveras Tavern LLC,Andrew Gonzalez,9316 Center Pl,Calaveras,CA,90064,Calaveras,(559) 768-8296,2010-11-15,2025-09-11
58-111065,58,Caterer's Beer & Wine,ACTIVE,The Calaveras Market Inc,Daniel Thomas,3361 Center Ct,Calaveras,CA,91403,Calaveras,(831) 410-8877,2014-06-23,2024-03-14
58-781778,58,Caterer's Beer & Wine,ACTIVE,The Calaveras Bar LLC,Matthew Garcia,2726 Main St,Calaveras,CA,95284,Calaveras,(916) 807-3091,2017-03-15,2024-10-17
58-543295,58,Caterer's Beer & Wine,ACTIVE,The Calaveras Cafe LLC,Anthony Gonzalez,5728 Broad Pl,Calaveras,CA,92584,Calaveras,(530) 962-5978,2010-11-17,2026-02-25
58-306897,58,Caterer's Beer & Wine,ACTIVE,Calaveras Market Inc,Andrew Taylor,2818 Main Way,Calaveras,CA,91755,Calaveras,(442) 476-3032,2010-03-05,2025-05-11
58-406693,58,Caterer's Beer & Wine,ACTIVE,Calaveras Tavern,Matthew Johnson,4573 Broad Dr,Calaveras,CA,90656,Calaveras,(530) 639-2996,2022-04-24,2026-05-22
58-951362,58,Caterer's Beer & Wine,ACTIVE,Calaveras Cafe,Jennifer Moore,2227 Main Rd,Calaveras,CA,91829,Calaveras,(707) 992-5586,2014-03-21,2024-01-19
58-948731,58,Caterer's Beer & Wine,ACTIVE,The Calaveras Cafe,Jennifer Gonzalez,9277 Main Way,Calaveras,CA,90732,Calaveras,(559) 511-2001,2024-06-26,2026-10-09
58-543650,58,Caterer's Beer & Wine,ACTIVE,The Calaveras Restaurant Inc,Christopher Taylor,5988 Center Blvd,Calaveras,CA,90182,Calaveras,(442) 554-6946,2013-08-19,2026-03-24
58-332599,58,Caterer's Beer & Wine,ACTIVE,The Calaveras Bar,Michelle Anderson,3626 Main Rd,Calaveras,CA,90296,Calaveras,(707) 950-7893,2022-01-15,2025-04-28
58-348898,58,Caterer's Beer & Wine,ACTIVE,Calaveras Restaurant,Steven Martinez,7943 Main Pl,Calaveras,CA,95328,Calaveras,(209) 925-4077,2023-09-28,2026-01-23
58-284539,58,Caterer's Beer & Wine,ACTIVE,Calaveras Cafe LLC,Maria Jones,2803 Center Ave,Calaveras,CA,95654,Calaveras,(707) 330-1210,2011-05-20,2025-10-27
58-970219,58,Caterer's Beer & Wine,ACTIVE,Calaveras Tavern Inc,James Thomas,9337 Center Dr,Calaveras,CA,90564,Calaveras,(760) 816-8660,2011-04-15,2026-11-19
58-875434,58,Caterer's Beer & Wine,ACTIVE,Calaveras Restaurant LLC,James Gonzalez,512 Main Ct,Calaveras,CA,90740,Calaveras,(916) 323-8873,2014-11-08,2026-05-01
58-341726,58,Caterer's Beer & Wine,ACTIVE,Calaveras Tavern Inc,Andrew Gonzalez,5896 Center Blvd,Calaveras,CA,95361,Calaveras,(559) 259-7553,2019-04-15,2024-06-03
58-502489,58,Caterer's Beer & Wine,ACTIVE,Calaveras Tavern,Steven Rodriguez,7139 Center Ct,Calaveras,CA,91075,Calaveras,(916) 333-8717,2013-08-22,2025-04-23
58-149686,58,Caterer's Beer & Wine,ACTIVE,Calaveras Tavern,Paul Smith,359 Center Way,Calaveras,CA,90247,Calaveras,(559) 828-7883,2013-09-19,2024-08-07
58-348525,58,Caterer's Beer & Wine,ACTIVE,The Colusa Bar,Michelle Johnson,7150 Broad Pl,Colusa,CA,95217,Colusa,(209) 220-8051,2013-07-01,2024-11-06
58-272006,58,Caterer's Beer & Wine,ACTIVE,Colusa Restaurant,Daniel Williams,8323 Main Ave,Colusa,CA,95853,Colusa,(530) 550-4388,2014-01-02,2024-07-22
58-978929,58,Caterer's Beer & Wine,ACTIVE,Colusa Tavern,James Anderson,6128 Broad Blvd,Colusa,CA,92272,Colusa,(707) 384-5587,2015-09-26,2025-08-19
58-162867,58,Caterer's Beer & Wine,ACTIVE,Colusa Market,Jennifer Taylor,1916 Broad Rd,Colusa,CA,90610,Colusa,(707) 593-3073,2016-02-09,2024-01-28
58-968221,58,Caterer's Beer & Wine,ACTIVE,Colusa Restaurant Inc,Michael Martinez,1042 Center Way,Colusa,CA,95904,Colusa,(442) 853-3913,2014-06-10,2025-12-02
58-800437,58,Caterer's Beer & Wine,ACTIVE,Colusa Restaurant LLC,Robert Moore,7908 Center Ct,Colusa,CA,90993,Colusa,(707) 344-8927,2010-04-11,2024-08-21
58-836340,58,Caterer's Beer & Wine,ACTIVE,The Colusa Cafe Inc,John Wilson,1304 Main Ln,Colusa,CA,90392,Colusa,(916) 264-7855,2019-05-23,2025-07-10
58-674534,58,Caterer's Beer & Wine,ACTIVE,Colusa Bar,Matthew Hernandez,1931 Main Blvd,Colusa,CA,96189,Colusa,(707) 391-5796,2017-09-17,2026-05-13
58-676970,58,Caterer's Beer & Wine,ACTIVE,Colusa Bar Inc,Mark Anderson,3049 Broad Ln,Colusa,CA,95664,Colusa,(760) 427-2959,2022-09-27,2024-11-21
58-386228,58,Caterer's Beer & Wine,ACTIVE,Colusa Bar,Anthony Jackson,4551 Main Ave,Colusa,CA,91248,Colusa,(209) 454-2761,2010-04-03,2024-09-04
58-547134,58,Caterer's Beer & Wine,ACTIVE,Colusa Market Inc,David Wilson,7985 Broad St,Colusa,CA,91452,Colusa,(442) 718-6234,2010-03-13,2025-03-20
58-657017,58,Caterer's Beer & Wine,ACTIVE,The Colusa Cafe Inc,Anthony Johnson,6011 Center Ln,Colusa,CA,93041,Colusa,(530) 796-2976,2011-05-25,2024-02-24
58-744853,58,Caterer's Beer & Wine,ACTIVE,Colusa Restaurant LLC,Robert Johnson,9725 Broad St,Colusa,CA,92855,Colusa,(442) 633-5930,2013-10-02,2024-06-27
58-371576,58,Caterer's Beer & Wine,ACTIVE,Colusa Market Inc,Matthew Rodriguez,2270 Broad Way,Colusa,CA,91174,Colusa,(707) 402-4045,2022-04-24,2025-11-22
58-723536,58,Caterer's Beer & Wine,ACTIVE,The Del Norte Restaurant LLC,Anthony Hernandez,7610 Main Rd,Del Norte,CA,93947,Del Norte,(442) 318-7308,2024-11-23,2026-12-20
58-104482,58,Caterer's Beer & Wine,ACTIVE,Del Norte Bar Inc,Michael Davis,3241 Broad Ln,Del Norte,CA,90844,Del Norte,(831) 246-5992,2013-08-23,2025-06-16
58-733106,58,Caterer's Beer & Wine,ACTIVE,Del Norte Tavern LLC,Maria Jackson,9069 Center Blvd,Del Norte,CA,90858,Del Norte,(209) 243-3186,2018-07-27,2025-04-07
58-451172,58,Caterer's Beer & Wine,ACTIVE,Del Norte Bar,Christopher Hernandez,3517 Main St,Del Norte,CA,92305,Del Norte,(916) 615-3967,2016-07-02,2025-01-09
58-885499,58,Caterer's Beer & Wine,ACTIVE,Del Norte Bar LLC,Michael Miller,4259 Center Dr,Del Norte,CA,95114,Del Norte,(209) 300-6609,2010-12-07,2024-10-23
58-671109,58,Caterer's Beer & Wine,ACTIVE,The Del Norte Cafe Inc,Christopher Rodriguez,7671 Center Ct,Del Norte,CA,90153,Del Norte,(831) 637-1439,2018-08-23,2026-03-10
58-640005,58,Caterer's Beer & Wine,ACTIVE,Del Norte Restaurant LLC,Lisa Smith,4530 Main Way,Del Norte,CA,91272,Del Norte,(760) 359-8280,2013-02-23,2024-01-22
58-722344,58,Caterer's Beer & Wine,ACTIVE,The Del Norte Tavern,Michelle Gonzalez,1992 Center St,Del Norte,CA,92209,Del Norte,(209) 527-8990,2024-11-17,2024-02-12
58-338133,58,Caterer's Beer & Wine,ACTIVE,Del Norte Bar,James Martinez,7766 Main Pl,Del Norte,CA,95143,Del Norte,(209) 399-7057,2017-12-19,2026-09-20
58-454006,58,Caterer's Beer & Wine,ACTIVE,The Del Norte Restaurant LLC,Steven Martin,405 Main Ave,Del Norte,CA,95037,Del Norte,(760) 918-9587,2015-05-12,2026-10-20
58-153901,58,Caterer's Beer & Wine,ACTIVE,Del Norte Bar LLC,Maria Wilson,6314 Center Blvd,Del Norte,CA,94526,Del Norte,(831) 929-9458,2021-05-04,2024-01-18
58-963547,58,Caterer's Beer & Wine,ACTIVE,El Dorado Bar,William Moore,5847 Broad Ct,El Dorado,CA,94868,El Dorado,(530) 671-5367,2018-12-25,2024-03-10
58-595602,58,Caterer's Beer & Wine,ACTIVE,The El Dorado Cafe,Michelle Johnson,2321 Center St,El Dorado,CA,92925,El Dorado,(916) 636-4950,2014-04-11,2024-02-02
58-263451,58,Caterer's Beer & Wine,ACTIVE,El Dorado Cafe Inc,Daniel Williams,6808 Broad Pl,El Dorado,CA,95824,El Dorado,(209) 603-8159,2011-08-07,2025-11-24
58-685762,58,Caterer's Beer & Wine,ACTIVE,El Dorado Bar Inc,David Brown,1201 Broad Blvd,El Dorado,CA,91314,El Dorado,(916) 464-6318,2012-02-05,2026-07-24
58-353955,58,Caterer's Beer & Wine,ACTIVE,El Dorado Bar,Jennifer Jackson,5206 Center Dr,El Dorado,CA,95678,El Dorado,(760) 688-7197,2018-03-09,2025-08-07
58-449087,58,Caterer's Beer & Wine,ACTIVE,The El Dorado Market Inc,Michelle Moore,9627 Main Dr,El Dorado,CA,92387,El Dorado,(707) 514-2661,2011-01-12,2025-02-04
58-691432,58,Caterer's Beer & Wine,ACTIVE,El Dorado Restaurant,Maria Smith,8932 Broad Blvd,El Dorado,CA,93253,El Dorado,(442) 509-6059,2015-06-11,2024-06-26
58-714310,58,Caterer's Beer & Wine,ACTIVE,El Dorado Bar LLC,John Williams,1699 Broad Dr,El Dorado,CA,92237,El Dorado,(760) 580-9302,2020-03-12,2024-05-15
58-445372,58,Caterer's Beer & Wine,ACTIVE,El Dorado Cafe Inc,John Taylor,4149 Broad Pl,El Dorado,CA,95945,El Dorado,(916) 752-9255,2018-09-12,2024-06-27
58-560797,58,Caterer's Beer & Wine,ACTIVE,El Dorado Market Inc,Kenneth Lopez,3459 Center St,El Dorado,CA,90732,El Dorado,(916) 901-6758,2013-03-21,2024-03-10
58-279299,58,Caterer's Beer & Wine,ACTIVE,El Dorado Bar,Anthony Martin,6873 Main Ln,El Dorado,CA,90071,El Dorado,(916) 672-1274,2021-05-08,2026-06-15
58-728574,58,Caterer's Beer & Wine,ACTIVE,El Dorado Market Inc,Maria Rodriguez,7041 Broad Blvd,El Dorado,CA,90475,El Dorado,(707) 973-9845,2015-07-04,2025-11-15
58-948960,58,Caterer's Beer & Wine,ACTIVE,El Dorado Bar LLC,Daniel Jackson,6041 Main St,El Dorado,CA,93759,El Dorado,(831) 212-9671,2021-04-14,2026-04-25
58-474522,58,Caterer's Beer & Wine,ACTIVE,The El Dorado Restaurant Inc,Mark Moore,7838 Center Pl,El Dorado,CA,93951,El Dorado,(530) 758-3337,2021-10-07,2024-08-12
58-493118,58,Caterer's Beer & Wine,ACTIVE,The El Dorado Tavern LLC,William Gonzalez,9920 Main Pl,El Dorado,CA,93535,El Dorado,(209) 672-7290,2023-09-26,2024-02-08
58-445026,58,Caterer's Beer & Wine,ACTIVE,El Dorado Bar,Robert Lopez,8886 Center Ct,El Dorado,CA,90877,El Dorado,(760) 433-2926,2024-08-12,2024-03-20
58-626109,58,Caterer's Beer & Wine,ACTIVE,The El Dorado Tavern,Mark Brown,1428 Broad Blvd,El Dorado,CA,96070,El Dorado,(559) 913-2178,2022-09-13,2024-10-26
58-922862,58,Caterer's Beer & Wine,ACTIVE,El Dorado Restaurant,Christopher Thomas,1113 Main Pl,El Dorado,CA,93678,El Dorado,(530) 312-5267,2019-09-10,2026-09-13
58-561727,58,Caterer's Beer & Wine,ACTIVE,The El Dorado Market,Michelle Davis,191 Broad Rd,El Dorado,CA,95830,El Dorado,(916) 920-1997,2011-01-12,2026-09-15
58-591462,58,Caterer's Beer & Wine,ACTIVE,The El Dorado Tavern LLC,Michael Anderson,7460 Broad Dr,El Dorado,CA,94835,El Dorado,(530) 531-5411,2024-02-16,2026-06-23
58-522360,58,Caterer's Beer & Wine,ACTIVE,Glenn Restaurant LLC,Anthony Gonzalez,5722 Main Pl,Glenn,CA,90098,Glenn,(760) 865-3293,2014-02-03,2026-07-24
58-825267,58,Caterer's Beer & Wine,ACTIVE,Glenn Tavern Inc,Matthew Gonzalez,6724 Main Ave,Glenn,CA,91023,Glenn,(442) 769-3376,2017-08-01,2025-11-19
58-981584,58,Caterer's Beer & Wine,ACTIVE,Glenn Cafe Inc,William Miller,8276 Center Dr,Glenn,CA,91331,Glenn,(707) 919-3130,2017-08-12,2024-10-09
58-862834,58,Caterer's Beer & Wine,ACTIVE,Glenn Cafe LLC,Maria Moore,266 Center Dr,Glenn,CA,93626,Glenn,(831) 859-3992,2010-07-04,2025-09-25
58-716739,58,Caterer's Beer & Wine,ACTIVE,The Glenn Restaurant,William Jackson,4300 Main Pl,Glenn,CA,93842,Glenn,(442) 323-7856,2019-08-07,2024-11-14
58-370635,58,Caterer's Beer & Wine,ACTIVE,The Glenn Market,John Johnson,5946 Broad Ave,Glenn,CA,91738,Glenn,(916) 740-5396,2014-09-04,2026-07-03
58-815848,58,Caterer's Beer & Wine,ACTIVE,Glenn Bar,Michael Smith,2392 Center Ave,Glenn,CA,92512,Glenn,(559) 873-1846,2013-04-02,2026-08-22
58-984081,58,Caterer's Beer & Wine,ACTIVE,Glenn Cafe,Steven Smith,6005 Center Ave,Glenn,CA,92587,Glenn,(707) 804-6109,2015-10-18,2026-08-16
58-537777,58,Caterer's Beer & Wine,ACTIVE,Glenn Bar Inc,Matthew Smith,6936 Broad Ave,Glenn,CA,94977,Glenn,(916) 519-2797,2015-10-21,2026-03-13
58-541773,58,Caterer's Beer & Wine,ACTIVE,The Glenn Cafe,Robert Hernandez,3713 Broad Ln,Glenn,CA,93293,Glenn,(209) 424-8222,2023-02-24,2026-11-21
58-574773,58,Caterer's Beer & Wine,ACTIVE,Glenn Bar LLC,Daniel Rodriguez,1548 Broad Rd,Glenn,CA,90379,Glenn,(442) 917-2725,2024-05-13,2024-11-07
58-884531,58,Caterer's Beer & Wine,ACTIVE,Glenn Cafe LLC,Michael Wilson,2654 Broad Pl,Glenn,CA,96092,Glenn,(442) 765-9698,2014-03-12,2024-02-05
58-786050,58,Caterer's Beer & Wine,ACTIVE,The Glenn Tavern LLC,Anthony Williams,2394 Broad Way,Glenn,CA,92895,Glenn,(916) 717-2555,2015-11-04,2024-07-26
58-427563,58,Caterer's Beer & Wine,ACTIVE,Glenn Restaurant LLC,Jennifer Jackson,6734 Main Way,Glenn,CA,95425,Glenn,(442) 394-7820,2017-01-18,2025-07-20
58-534351,58,Caterer's Beer & Wine,ACTIVE,The Glenn Market LLC,Anthony Anderson,8656 Main Blvd,Glenn,CA,91380,Glenn,(209) 716-1100,2015-09-23,2026-01-28
58-129393,58,Caterer's Beer & Wine,ACTIVE,Glenn Restaurant,Paul Smith,9009 Main Pl,Glenn,CA,93426,Glenn,(916) 400-6851,2010-06-17,2024-01-08
58-617408,58,Caterer's Beer & Wine,ACTIVE,The Glenn Market,Lisa Johnson,7681 Main Pl,Glenn,CA,92093,Glenn,(530) 675-8591,2019-05-12,2024-09-23
58-173828,58,Caterer's Beer & Wine,ACTIVE,Glenn Market Inc,James Smith,6779 Broad Ct,Glenn,CA,90339,Glenn,(530) 558-5076,2019-08-02,2025-12-18
58-304013,58,Caterer's Beer & Wine,ACTIVE,Glenn Cafe Inc,James Lopez,784 Main Pl,Glenn,CA,91572,Glenn,(916) 478-8831,2023-10-15,2025-06-14
58-537150,58,Caterer's Beer & Wine,ACTIVE,Glenn Market Inc,John Thomas,1773 Broad Rd,Glenn,CA,95180,Glenn,(916) 916-4849,2018-03-01,2024-08-18
58-151971,58,Caterer's Beer & Wine,ACTIVE,Glenn Restaurant Inc,John Thomas,5508 Center St,Glenn,CA,94678,Glenn,(707) 700-4455,2010-03-23,2024-12-11
58-255773,58,Caterer's Beer & Wine,ACTIVE,The Glenn Cafe Inc,Mark Garcia,3682 Broad Ln,Glenn,CA,92428,Glenn,(916) 409-6714,2010-05-11,2024-02-28
58-631956,58,Caterer's Beer & Wine,ACTIVE,Glenn Bar Inc,Mark Martinez,1529 Center Blvd,Glenn,CA,94273,Glenn,(831) 997-8814,2012-06-16,2025-09-19
58-744552,58,Caterer's Beer & Wine,ACTIVE,Glenn Restaurant Inc,Christopher Martinez,5078 Main Dr,Glenn,CA,91260,Glenn,(442) 736-2120,2017-09-18,2025-07-04
58-342171,58,Caterer's Beer & Wine,ACTIVE,Glenn Market LLC,Michelle Gonzalez,743 Center Way,Glenn,CA,95637,Glenn,(916) 433-1982,2012-11-02,2026-06-08
58-586185,58,Caterer's Beer & Wine,ACTIVE,The Humboldt Cafe Inc,Jennifer Brown,7894 Broad Dr,Humboldt,CA,93664,Humboldt,(530) 982-7949,2014-02-01,2026-10-04
58-993295,58,Caterer's Beer & Wine,ACTIVE,Humboldt Market LLC,Lisa Jackson,6566 Main Ct,Humboldt,CA,93536,Humboldt,(760) 748-4593,2013-09-26,2026-03-19
58-852849,58,Caterer's Beer & Wine,ACTIVE,Humboldt Cafe LLC,Anthony Martinez,7830 Broad St,Humboldt,CA,95146,Humboldt,(209) 682-5526,2013-08-25,2025-12-24
58-859575,58,Caterer's Beer & Wine,ACTIVE,Humboldt Cafe LLC,David Miller,7998 Main Dr,Humboldt,CA,91057,Humboldt,(760) 882-6024,2021-08-23,2026-10-23
58-688514,58,Caterer's Beer & Wine,ACTIVE,Humboldt Market LLC,Jennifer Rodriguez,9867 Center Ct,Humboldt,CA,93817,Humboldt,(916) 528-2774,2016-11-14,2025-05-06
58-998276,58,Caterer's Beer & Wine,ACTIVE,The Humboldt Restaurant LLC,Michelle Davis,8686 Center Ln,Humboldt,CA,93140,Humboldt,(530) 966-7117,2013-12-01,2024-10-05
58-666083,58,Caterer's Beer & Wine,ACTIVE,The Humboldt Restaurant Inc,Robert Martinez,8225 Broad Ave,Humboldt,CA,93904,Humboldt,(442) 823-3187,2020-06-04,2024-09-22
58-921399,58,Caterer's Beer & Wine,ACTIVE,The Imperial Tavern,Matthew Johnson,8603 Broad Ln,Imperial,CA,91691,Imperial,(831) 858-4434,2024-12-01,2025-10-07
58-907032,58,Caterer's Beer & Wine,ACTIVE,Imperial Tavern Inc,Paul Brown,6156 Center Rd,Imperial,CA,90412,Imperial,(530) 420-7913,2013-01-17,2024-08-16
58-574207,58,Caterer's Beer & Wine,ACTIVE,The Imperial Cafe,Michael Martinez,7489 Center Way,Imperial,CA,91745,Imperial,(209) 917-5248,2020-07-03,2026-05-07
58-871726,58,Caterer's Beer & Wine,ACTIVE,Imperial Tavern,Robert Brown,402 Broad St,Imperial,CA,91031,Imperial,(831) 763-4171,2010-07-23,2025-02-09
58-249402,58,Caterer's Beer & Wine,ACTIVE,The Imperial Tavern LLC,John Anderson,714 Main Blvd,Imperial,CA,94691,Imperial,(442) 892-3533,2024-10-22,2025-07-10
58-831961,58,Caterer's Beer & Wine,ACTIVE,Imperial Bar LLC,Paul Smith,5474 Broad Rd,Imperial,CA,93071,Imperial,(442) 349-6366,2019-12-21,2024-05-13
58-323998,58,Caterer's Beer & Wine,ACTIVE,Imperial Market LLC,Matthew Smith,761 Center Ln,Imperial,CA,95053,Imperial,(530) 416-8175,2015-04-03,2026-10-24
58-338955,58,Caterer's Beer & Wine,ACTIVE,Imperial Restaurant,Christopher Jackson,4693 Broad Pl,Imperial,CA,92356,Imperial,(442) 755-5779,2024-03-19,2024-04-04
58-746488,58,Caterer's Beer & Wine,ACTIVE,Imperial Tavern LLC,William Taylor,4443 Broad Ln,Imperial,CA,90782,Imperial,(530) 997-8170,2021-02-16,2026-08-25
58-259001,58,Caterer's Beer & Wine,ACTIVE,Imperial Bar,William Brown,2955 Main Blvd,Imperial,CA,90996,Imperial,(209) 540-6680,2010-11-23,2025-08-15
58-288826,58,Caterer's Beer & Wine,ACTIVE,Imperial Tavern LLC,Daniel Rodriguez,1691 Broad Ct,Imperial,CA,90782,Imperial,(209) 516-1413,2018-01-15,2025-03-10
58-110987,58,Caterer's Beer & Wine,ACTIVE,Imperial Cafe,Michael Gonzalez,3458 Broad Way,Imperial,CA,91110,Imperial,(559) 293-2261,2021-02-28,2024-12-17
58-123968,58,Caterer's Beer & Wine,ACTIVE,Imperial Cafe,William Lopez,4387 Main St,Imperial,CA,94366,Imperial,(760) 614-9524,2020-06-24,2026-11-13
58-112420,58,Caterer's Beer & Wine,ACTIVE,Imperial Tavern LLC,Andrew Garcia,5666 Main St,Imperial,CA,91143,Imperial,(530) 346-4633,2020-06-24,2024-02-01
58-637552,58,Caterer's Beer & Wine,ACTIVE,Imperial Cafe,William Williams,1437 Main Ct,Imperial,CA,95032,Imperial,(760) 780-6052,2018-12-13,2024-09-04
58-953181,58,Caterer's Beer & Wine,ACTIVE,The Imperial Market,Jennifer Williams,5269 Broad Pl,Imperial,CA,92074,Imperial,(209) 880-4765,2023-11-01,2024-09-11
58-741711,58,Caterer's Beer & Wine,ACTIVE,Imperial Market Inc,Andrew Jones,8306 Main Ln,Imperial,CA,90408,Imperial,(442) 838-7419,2018-09-07,2024-08-23
58-694726,58,Caterer's Beer & Wine,ACTIVE,The Imperial Bar LLC,Lisa Jones,5532 Center Ave,Imperial,CA,96001,Imperial,(530) 663-9026,2017-07-22,2025-12-11
58-664041,58,Caterer's Beer & Wine,ACTIVE,Imperial Restaurant Inc,Andrew Davis,9269 Broad St,Imperial,CA,90677,Imperial,(760) 345-3718,2014-03-19,2024-12-01
58-546900,58,Caterer's Beer & Wine,ACTIVE,Imperial Restaurant Inc,Steven Lopez,5562 Main Dr,Imperial,CA,95900,Imperial,(209) 574-2426,2013-02-23,2026-10-06
58-608393,58,Caterer's Beer & Wine,ACTIVE,Imperial Tavern LLC,Michelle Martinez,5274 Main Pl,Imperial,CA,95623,Imperial,(707) 954-9510,2012-01-21,2024-12-27
58-559430,58,Caterer's Beer & Wine,ACTIVE,The Imperial Tavern,John Lopez,7239 Center Way,Imperial,CA,95616,Imperial,(760) 481-6093,2019-07-08,2024-08-09
58-683667,58,Caterer's Beer & Wine,ACTIVE,Imperial Bar Inc,David Moore,6307 Broad Ct,Imperial,CA,91270,Imperial,(707) 478-8199,2010-10-23,2026-05-01
58-301192,58,Caterer's Beer & Wine,ACTIVE,Imperial Restaurant,Matthew Lopez,1597 Center Rd,Imperial,CA,93110,Imperial,(760) 574-3541,2020-09-28,2024-06-03
58-498255,58,Caterer's Beer & Wine,ACTIVE,The Imperial Cafe Inc,Mark Jones,7213 Broad Ct,Imperial,CA,95640,Imperial,(559) 940-3710,2016-05-15,2025-03-12
58-323247,58,Caterer's Beer & Wine,ACTIVE,Imperial Restaurant LLC,John Jones,3263 Center Dr,Imperial,CA,95425,Imperial,(530) 922-5300,2021-09-12,2025-02-13
58-270886,58,Caterer's Beer & Wine,ACTIVE,The Imperial Tavern LLC,James Garcia,4483 Main Ave,Imperial,CA,95284,Imperial,(916) 552-2678,2016-10-15,2025-04-24
58-384035,58,Caterer's Beer & Wine,ACTIVE,Imperial Market,Paul Moore,1654 Main Ave,Imperial,CA,93484,Imperial,(760) 318-2965,2015-07-07,2026-11-06
58-345628,58,Caterer's Beer & Wine,ACTIVE,Inyo Cafe,Michael Taylor,683 Center Ave,Inyo,CA,96152,Inyo,(559) 203-2787,2015-11-12,2026-09-22
58-609659,58,Caterer's Beer & Wine,ACTIVE,Inyo Bar Inc,Lisa Taylor,4347 Broad Way,Inyo,CA,91622,Inyo,(707) 964-9338,2016-11-05,2026-05-07
58-872973,58,Caterer's Beer & Wine,ACTIVE,The Inyo Restaurant Inc,Michael Taylor,9571 Main Ave,Inyo,CA,91034,Inyo,(530) 966-8510,2016-01-19,2026-03-25
58-164035,58,Caterer's Beer & Wine,ACTIVE,The Inyo Restaurant Inc,Mark Gonzalez,8970 Main Dr,Inyo,CA,92338,Inyo,(442) 530-9547,2018-09-16,2024-08-23
58-344985,58,Caterer's Beer & Wine,ACTIVE,Inyo Market Inc,James Moore,4950 Broad Blvd,Inyo,CA,91487,Inyo,(442) 829-1608,2017-02-18,2024-08-01
58-922290,58,Caterer's Beer & Wine,ACTIVE,Inyo Bar Inc,Robert Jackson,501 Main Pl,Inyo,CA,94617,Inyo,(831) 482-8149,2023-06-20,2024-02-17
58-794420,58,Caterer's Beer & Wine,ACTIVE,Inyo Market Inc,Kenneth Williams,5035 Broad Blvd,Inyo,CA,95758,Inyo,(916) 469-3128,2018-03-19,2024-05-09
58-882037,58,Caterer's Beer & Wine,ACTIVE,Inyo Restaurant LLC,Anthony Davis,7999 Main Ln,Inyo,CA,95812,Inyo,(760) 973-7488,2013-05-03,2024-12-22
58-931201,58,Caterer's Beer & Wine,ACTIVE,Inyo Market Inc,William Williams,1093 Center Ln,Inyo,CA,93535,Inyo,(559) 871-1614,2024-05-27,2026-02-11
58-944908,58,Caterer's Beer & Wine,ACTIVE,Inyo Tavern LLC,Steven Gonzalez,168 Broad Ct,Inyo,CA,91546,Inyo,(916) 828-4040,2021-03-22,2025-06-22
58-142736,58,Caterer's Beer & Wine,ACTIVE,Inyo Market,Mark Rodriguez,6887 Center Ave,Inyo,CA,91469,Inyo,(559) 461-6843,2011-09-21,2025-10-18
58-197605,58,Caterer's Beer & Wine,ACTIVE,Inyo Bar Inc,Michelle Wilson,6901 Broad Blvd,Inyo,CA,93672,Inyo,(530) 380-7712,2011-05-28,2024-06-09
58-381610,58,Caterer's Beer & Wine,ACTIVE,The Inyo Bar Inc,Jennifer Jones,6691 Main Blvd,Inyo,CA,95055,Inyo,(209) 412-3695,2011-09-26,2026-03-10
58-594202,58,Caterer's Beer & Wine,ACTIVE,The Inyo Bar Inc,Mark Lopez,6534 Broad Dr,Inyo,CA,93197,Inyo,(530) 370-8086,2012-03-06,2025-03-15
58-432994,58,Caterer's Beer & Wine,ACTIVE,Inyo Tavern Inc,Andrew Brown,1181 Main Blvd,Inyo,CA,94472,Inyo,(760) 590-2508,2018-05-14,2026-01-15
58-266428,58,Caterer's Beer & Wine,ACTIVE,Inyo Restaurant,Anthony Davis,407 Main Pl,Inyo,CA,92382,Inyo,(831) 575-1984,2024-10-27,2025-03-08
58-672366,58,Caterer's Beer & Wine,ACTIVE,Inyo Restaurant,Daniel Lopez,9705 Main Rd,Inyo,CA,90129,Inyo,(442) 697-3773,2017-11-28,2024-08-18
58-969753,58,Caterer's Beer & Wine,ACTIVE,The Inyo Bar,Daniel Smith,929 Main Ct,Inyo,CA,91636,Inyo,(442) 715-5653,2016-03-25,2026-10-15
58-903662,58,Caterer's Beer & Wine,ACTIVE,Inyo Restaurant Inc,Michael Gonzalez,4301 Main St,Inyo,CA,94654,Inyo,(442) 245-9401,2018-09-14,2025-11-05
58-685424,58,Caterer's Beer & Wine,ACTIVE,The Inyo Bar Inc,Michael Garcia,8525 Main Ln,Inyo,CA,90425,Inyo,(707) 516-6076,2016-05-04,2024-03-15
58-277201,58,Caterer's Beer & Wine,ACTIVE,Inyo Restaurant Inc,Kenneth Gonzalez,785 Center Rd,Inyo,CA,94268,Inyo,(209) 929-9592,2013-02-10,2026-02-25
58-613200,58,Caterer's Beer & Wine,ACTIVE,Inyo Restaurant LLC,Anthony Miller,5257 Center Ct,Inyo,CA,95696,Inyo,(831) 541-1871,2020-02-15,2025-10-19
58-384276,58,Caterer's Beer & Wine,ACTIVE,Inyo Restaurant,William Gonzalez,7394 Broad Pl,Inyo,CA,93954,Inyo,(530) 862-9141,2015-03-07,2026-08-14
58-314843,58,Caterer's Beer & Wine,ACTIVE,Inyo Cafe,William Thomas,2624 Main Ave,Inyo,CA,90337,Inyo,(760) 795-3847,2024-12-27,2025-05-06
58-207254,58,Caterer's Beer & Wine,ACTIVE,Inyo Cafe,David Miller,6775 Broad Rd,Inyo,CA,90953,Inyo,(916) 462-8574,2012-09-15,2025-03-08
58-221433,58,Caterer's Beer & Wine,ACTIVE,Inyo Restaurant,Andrew Taylor,1426 Broad St,Inyo,CA,90006,Inyo,(559) 585-2836,2022-09-14,2024-12-07
58-413227,58,Caterer's Beer & Wine,ACTIVE,Inyo Market,Andrew Martinez,6855 Main Rd,Inyo,CA,91445,Inyo,(831) 945-2861,2013-03-15,2025-11-09
58-963320,58,Caterer's Beer & Wine,ACTIVE,Inyo Bar,James Johnson,8455 Broad Blvd,Inyo,CA,95891,Inyo,(707) 876-3603,2024-06-25,2026-01-16
58-807903,58,Caterer's Beer & Wine,ACTIVE,Inyo Cafe,William Martinez,2633 Main Ln,Inyo,CA,90673,Inyo,(530) 807-6579,2024-01-01,2026-02-03
58-752893,58,Caterer's Beer & Wine,ACTIVE,Inyo Market Inc,Michael Williams,4450 Center Ave,Inyo,CA,95880,Inyo,(707) 909-4306,2024-11-14,2024-04-14
58-910192,58,Caterer's Beer & Wine,ACTIVE,Inyo Market LLC,Daniel Lopez,6194 Main Rd,Inyo,CA,93795,Inyo,(559) 665-4482,2010-09-22,2025-05-25
58-178860,58,Caterer's Beer & Wine,ACTIVE,Inyo Restaurant LLC,Robert Martin,5975 Center Ln,Inyo,CA,93806,Inyo,(916) 261-4620,2023-06-02,2025-01-24
58-785931,58,Caterer's Beer & Wine,ACTIVE,Kings Bar,Daniel Johnson,2554 Broad Blvd,Kings,CA,92985,Kings,(559) 792-2795,2010-08-15,2025-05-10
58-644973,58,Caterer's Beer & Wine,ACTIVE,Kings Restaurant,Michelle Anderson,2086 Broad Ln,Kings,CA,95735,Kings,(209) 206-3936,2024-08-23,2025-03-25
58-461355,58,Caterer's Beer & Wine,ACTIVE,Kings Restaurant,Christopher Smith,9261 Main Dr,Kings,CA,93429,Kings,(442) 267-8932,2014-09-16,2024-02-08
58-320759,58,Caterer's Beer & Wine,ACTIVE,Kings Restaurant LLC,Lisa Williams,1735 Center Blvd,Kings,CA,91454,Kings,(760) 618-1247,2010-01-03,2024-02-12
58-978075,58,Caterer's Beer & Wine,ACTIVE,Kings Market LLC,Andrew Miller,8200 Broad St,Kings,CA,90088,Kings,(831) 685-2231,2024-09-26,2024-01-20
58-320295,58,Caterer's Beer & Wine,ACTIVE,Kings Tavern,Mark Lopez,5313 Center Blvd,Kings,CA,95065,Kings,(760) 482-9469,2012-04-08,2024-03-14
58-256860,58,Caterer's Beer & Wine,ACTIVE,Kings Bar Inc,Steven Jackson,7281 Main Blvd,Kings,CA,91365,Kings,(831) 581-7432,2016-03-21,2026-09-20
58-158792,58,Caterer's Beer & Wine,ACTIVE,Kings Market,Anthony Anderson,6375 Center St,Kings,CA,94216,Kings,(831) 387-1333,2019-02-04,2025-12-20
58-156370,58,Caterer's Beer & Wine,ACTIVE,Kings Restaurant,Anthony Brown,4122 Center St,Kings,CA,94779,Kings,(209) 545-9603,2019-02-28,2026-03-15
58-556629,58,Caterer's Beer & Wine,ACTIVE,Kings Market LLC,Michelle Miller,9783 Main Pl,Kings,CA,92369,Kings,(831) 746-3091,2022-05-25,2026-06-25
58-454140,58,Caterer's Beer & Wine,ACTIVE,Kings Market LLC,Andrew Lopez,5179 Center Way,Kings,CA,90115,Kings,(916) 788-2915,2016-05-20,2024-11-05
58-500113,58,Caterer's Beer & Wine,ACTIVE,The Kings Restaurant Inc,Matthew Thomas,5541 Broad Rd,Kings,CA,94984,Kings,(760) 596-6706,2021-04-07,2026-05-11
58-316508,58,Caterer's Beer & Wine,ACTIVE,Kings Tavern LLC,Kenneth Taylor,4480 Broad Rd,Kings,CA,95510,Kings,(831) 853-2677,2011-12-20,2026-05-01
58-824622,58,Caterer's Beer & Wine,ACTIVE,Lake Restaurant Inc,Jennifer Hernandez,7074 Center Ave,Lake,CA,90553,Lake,(707) 901-8246,2017-04-04,2025-01-28
58-419274,58,Caterer's Beer & Wine,ACTIVE,The Lake Market,Maria Lopez,7161 Broad Ave,Lake,CA,94676,Lake,(831) 558-6176,2020-06-23,2025-10-02
58-471767,58,Caterer's Beer & Wine,ACTIVE,Lake Market Inc,Steven Miller,2494 Main Dr,Lake,CA,95401,Lake,(831) 428-4331,2017-08-02,2024-07-24
58-824647,58,Caterer's Beer & Wine,ACTIVE,The Lake Restaurant LLC,Matthew Taylor,3293 Broad Ct,Lake,CA,94539,Lake,(530) 348-6275,2016-12-06,2026-02-05
58-300456,58,Caterer's Beer & Wine,ACTIVE,The Lake Tavern,Anthony Gonzalez,7796 Broad Pl,Lake,CA,93730,Lake,(209) 682-3305,2010-09-23,2026-06-02
58-266276,58,Caterer's Beer & Wine,ACTIVE,Lake Market,Michael Smith,3986 Broad Way,Lake,CA,90276,Lake,(209) 420-6699,2022-11-25,2026-08-27
58-581135,58,Caterer's Beer & Wine,ACTIVE,The Lake Tavern LLC,Anthony Jackson,2418 Main Pl,Lake,CA,95087,Lake,(831) 902-5135,2020-06-15,2025-10-20
58-211504,58,Caterer's Beer & Wine,ACTIVE,Lake Market LLC,John Hernandez,8158 Center Ave,Lake,CA,93706,Lake,(916) 984-2299,2018-12-20,2024-12-05
58-932724,58,Caterer's Beer & Wine,ACTIVE,The Lake Restaurant,Kenneth Williams,1930 Broad Pl,Lake,CA,93020,Lake,(530) 369-9602,2015-07-09,2024-12-17
58-145127,58,Caterer's Beer & Wine,ACTIVE,Lake Restaurant,David Anderson,7821 Main Ln,Lake,CA,92708,Lake,(760) 325-8554,2014-10-06,2024-10-05
58-237875,58,Caterer's Beer & Wine,ACTIVE,The Lake Market Inc,James Thomas,8635 Main Blvd,Lake,CA,93625,Lake,(209) 922-5432,2017-10-18,2026-09-11
58-462603,58,Caterer's Beer & Wine,ACTIVE,Lassen Market Inc,William Martinez,4527 Center Rd,Lassen,CA,95898,Lassen,(209) 388-1149,2016-03-01,2026-06-07
58-512883,58,Caterer's Beer & Wine,ACTIVE,Lassen Cafe,Michelle Thomas,8065 Main Ln,Lassen,CA,91741,Lassen,(530) 445-9547,2016-01-02,2026-07-16
58-386836,58,Caterer's Beer & Wine,ACTIVE,Lassen Market Inc,Paul Johnson,300 Center Rd,Lassen,CA,93065,Lassen,(559) 837-5971,2023-07-22,2025-01-18
58-738137,58,Caterer's Beer & Wine,ACTIVE,Lassen Cafe,Steven Miller,7249 Center Ln,Lassen,CA,91537,Lassen,(442) 269-2364,2017-08-01,2024-03-05
58-345336,58,Caterer's Beer & Wine,ACTIVE,The Lassen Cafe Inc,Christopher Anderson,8406 Broad Ct,Lassen,CA,91389,Lassen,(760) 972-4790,2019-02-27,2025-09-25
58-476671,58,Caterer's Beer & Wine,ACTIVE,Lassen Bar Inc,Christopher Martin,811 Main Ct,Lassen,CA,92005,Lassen,(760) 727-1824,2011-07-07,2026-02-18
58-336568,58,Caterer's Beer & Wine,ACTIVE,Lassen Tavern,Paul Williams,6560 Center Pl,Lassen,CA,92378,Lassen,(707) 296-2408,2012-01-18,2026-11-08
58-413108,58,Caterer's Beer & Wine,ACTIVE,Lassen Bar LLC,Mark Martin,8758 Main Blvd,Lassen,CA,92198,Lassen,(760) 846-7289,2017-07-20,2026-09-01
58-476604,58,Caterer's Beer & Wine,ACTIVE,Lassen Market Inc,Kenneth Rodriguez,5965 Broad Ave,Lassen,CA,90502,Lassen,(707) 976-3266,2021-02-12,2026-04-04
58-847540,58,Caterer's Beer & Wine,ACTIVE,The Madera Cafe,Lisa Williams,9415 Main Way,Madera,CA,92749,Madera,(209) 782-3523,2018-11-15,2026-07-28
58-476011,58,Caterer's Beer & Wine,ACTIVE,Madera Restaurant Inc,Michael Martin,3555 Broad Way,Madera,CA,95355,Madera,(209) 602-5884,2019-08-19,2026-03-23
58-537645,58,Caterer's Beer & Wine,ACTIVE,Madera Restaurant LLC,John Davis,5504 Broad Ct,Madera,CA,92488,Madera,(831) 254-2005,2012-12-14,2026-04-15
58-649964,58,Caterer's Beer & Wine,ACTIVE,Madera Bar LLC,Andrew Miller,997 Broad Ct,Madera,CA,93933,Madera,(530) 263-9243,2022-01-08,2025-03-05
58-328426,58,Caterer's Beer & Wine,ACTIVE,Madera Restaurant,Paul Thomas,1867 Main Dr,Madera,CA,93654,Madera,(530) 346-7531,2018-03-06,2024-02-04
58-237493,58,Caterer's Beer & Wine,ACTIVE,Madera Restaurant,Jennifer Williams,4980 Broad Ct,Madera,CA,91196,Madera,(707) 954-4841,2020-02-12,2026-07-18
58-719474,58,Caterer's Beer & Wine,ACTIVE,Madera Cafe LLC,Anthony Johnson,2358 Main Blvd,Madera,CA,95035,Madera,(916) 212-6542,2019-03-27,2024-03-26
58-337349,58,Caterer's Beer & Wine,ACTIVE,Madera Market Inc,David Martinez,6089 Center St,Madera,CA,93228,Madera,(831) 242-8971,2017-06-21,2025-09-15
58-354193,58,Caterer's Beer & Wine,ACTIVE,Madera Restaurant Inc,Michelle Taylor,3924 Center Pl,Madera,CA,91640,Madera,(831) 444-7177,2021-09-19,2025-02-03
58-420903,58,Caterer's Beer & Wine,ACTIVE,Madera Restaurant LLC,Matthew Rodriguez,5587 Main Pl,Madera,CA,90600,Madera,(559) 454-6886,2023-11-01,2024-08-02
58-741250,58,Caterer's Beer & Wine,ACTIVE,The Madera Tavern,David Davis,2081 Broad Ct,Madera,CA,95143,Madera,(442) 706-8299,2023-08-06,2024-07-11
58-353609,58,Caterer's Beer & Wine,ACTIVE,The Madera Cafe,Lisa Miller,188 Center Ct,Madera,CA,93728,Madera,(760) 669-4018,2015-01-21,2025-03-06
58-156714,58,Caterer's Beer & Wine,ACTIVE,The Madera Tavern LLC,Jennifer Brown,5870 Main Dr,Madera,CA,92998,Madera,(707) 246-6953,2023-05-04,2025-11-15
58-234562,58,Caterer's Beer & Wine,ACTIVE,Madera Bar LLC,Andrew Taylor,5077 Main Dr,Madera,CA,95042,Madera,(559) 453-3742,2014-04-20,2026-02-27
58-997096,58,Caterer's Beer & Wine,ACTIVE,The Madera Tavern,Lisa Jackson,1164 Main Ave,Madera,CA,95080,Madera,(760) 347-9260,2012-05-05,2024-10-04
58-569679,58,Caterer's Beer & Wine,ACTIVE,Madera Bar LLC,Anthony Williams,7503 Broad Pl,Madera,CA,93374,Madera,(831) 931-4307,2022-04-23,2025-09-04
58-759484,58,Caterer's Beer & Wine,ACTIVE,The Madera Cafe LLC,James Miller,2702 Center St,Madera,CA,95516,Madera,(916) 962-6955,2013-07-25,2026-04-28
58-412781,58,Caterer's Beer & Wine,ACTIVE,Madera Cafe LLC,Steven Lopez,4465 Broad Dr,Madera,CA,94734,Madera,(831) 869-2872,2021-04-13,2024-07-08
58-844783,58,Caterer's Beer & Wine,ACTIVE,Madera Restaurant,Maria Williams,8599 Center Rd,Madera,CA,90953,Madera,(916) 525-1341,2022-11-18,2024-04-23
58-602881,58,Caterer's Beer & Wine,ACTIVE,Madera Bar,Maria Lopez,9870 Center St,Madera,CA,91480,Madera,(442) 309-8144,2016-03-22,2026-09-04
58-237305,58,Caterer's Beer & Wine,ACTIVE,Madera Tavern Inc,Lisa Lopez,3657 Broad Way,Madera,CA,90789,Madera,(760) 409-5116,2020-02-23,2026-02-02
58-150892,58,Caterer's Beer & Wine,ACTIVE,The Mariposa Tavern,Paul Smith,9732 Center Rd,Mariposa,CA,92754,Mariposa,(209) 436-2412,2018-11-16,2024-02-07
58-999687,58,Caterer's Beer & Wine,ACTIVE,Mariposa Market Inc,Kenneth Rodriguez,9385 Broad Ct,Mariposa,CA,91462,Mariposa,(760) 793-6530,2022-05-17,2026-06-12
58-273281,58,Caterer's Beer & Wine,ACTIVE,Mariposa Tavern LLC,Steven Moore,6573 Main St,Mariposa,CA,90562,Mariposa,(559) 659-2794,2015-06-24,2026-07-19
58-789356,58,Caterer's Beer & Wine,ACTIVE,Mariposa Market LLC,James Brown,8726 Main Rd,Mariposa,CA,94675,Mariposa,(442) 990-4573,2019-10-14,2024-01-13
58-426935,58,Caterer's Beer & Wine,ACTIVE,Mariposa Cafe Inc,James Gonzalez,4124 Center Ave,Mariposa,CA,92478,Mariposa,(442) 293-2437,2015-08-22,2024-09-06
58-401771,58,Caterer's Beer & Wine,ACTIVE,The Mariposa Restaurant LLC,Matthew Anderson,5131 Broad Ave,Mariposa,CA,96112,Mariposa,(916) 337-7606,2014-09-11,2025-04-27
58-768431,58,Caterer's Beer & Wine,ACTIVE,Mariposa Cafe,Jennifer Williams,925 Main Ct,Mariposa,CA,94005,Mariposa,(707) 742-6736,2017-06-27,2024-12-13
58-223624,58,Caterer's Beer & Wine,ACTIVE,The Mariposa Restaurant,James Rodriguez,5933 Center Rd,Mariposa,CA,91080,Mariposa,(916) 772-1270,2018-07-22,2026-11-18
58-599453,58,Caterer's Beer & Wine,ACTIVE,The Mariposa Tavern LLC,Michael Hernandez,8586 Center Way,Mariposa,CA,95098,Mariposa,(760) 571-1004,2024-01-15,2024-12-08
58-879464,58,Caterer's Beer & Wine,ACTIVE,Mariposa Tavern,Christopher Anderson,7708 Center Way,Mariposa,CA,92374,Mariposa,(760) 450-2603,2024-05-08,2025-02-13
58-311347,58,Caterer's Beer & Wine,ACTIVE,The Mariposa Cafe LLC,Andrew Anderson,9755 Center St,Mariposa,CA,96090,Mariposa,(831) 291-4143,2014-03-01,2025-01-01
58-909050,58,Caterer's Beer & Wine,ACTIVE,The Mariposa Bar,James Davis,8683 Main Way,Mariposa,CA,91519,Mariposa,(707) 662-4676,2019-01-18,2025-04-28
58-716407,58,Caterer's Beer & Wine,ACTIVE,Mariposa Market,Daniel Williams,2532 Center Ave,Mariposa,CA,93393,Mariposa,(707) 332-8329,2021-06-10,2026-05-11
58-393280,58,Caterer's Beer & Wine,ACTIVE,Mariposa Cafe,John Rodriguez,2168 Broad Blvd,Mariposa,CA,93944,Mariposa,(442) 532-4414,2010-06-15,2026-04-22
58-764706,58,Caterer's Beer & Wine,ACTIVE,Mariposa Cafe LLC,Matthew Jackson,3462 Center Way,Mariposa,CA,94276,Mariposa,(707) 853-2252,2013-06-20,2026-12-11
58-802000,58,Caterer's Beer & Wine,ACTIVE,Mariposa Cafe Inc,John Moore,7644 Center Blvd,Mariposa,CA,95295,Mariposa,(831) 695-4261,2010-01-11,2026-04-15
58-742654,58,Caterer's Beer & Wine,ACTIVE,Mariposa Market LLC,Michelle Gonzalez,3042 Broad Blvd,Mariposa,CA,92823,Mariposa,(559) 532-9535,2021-10-11,2024-11-14
58-539598,58,Caterer's Beer & Wine,ACTIVE,The Mariposa Cafe,John Taylor,1285 Broad Rd,Mariposa,CA,90057,Mariposa,(916) 555-3204,2015-09-09,2026-05-11
58-223909,58,Caterer's Beer & Wine,ACTIVE,Mariposa Market LLC,Maria Brown,5100 Center Ln,Mariposa,CA,92665,Mariposa,(559) 342-4599,2010-01-09,2024-11-18
58-441532,58,Caterer's Beer & Wine,ACTIVE,The Mariposa Tavern LLC,Matthew Jackson,7004 Main Ln,Mariposa,CA,96125,Mariposa,(442) 376-2109,2013-01-02,2025-12-12
58-887247,58,Caterer's Beer & Wine,ACTIVE,Mariposa Tavern LLC,Michelle Martin,8638 Broad Way,Mariposa,CA,94432,Mariposa,(831) 526-3336,2020-01-07,2024-11-20
58-335787,58,Caterer's Beer & Wine,ACTIVE,Mariposa Market Inc,Michael Moore,1807 Center Ave,Mariposa,CA,93315,Mariposa,(916) 569-5534,2024-06-17,2024-09-22
58-788210,58,Caterer's Beer & Wine,ACTIVE,Mariposa Restaurant Inc,Maria Thomas,6184 Main Ct,Mariposa,CA,90334,Mariposa,(442) 819-6417,2013-10-03,2025-03-05
58-395267,58,Caterer's Beer & Wine,ACTIVE,The Mariposa Tavern Inc,Matthew Thomas,6271 Broad Blvd,Mariposa,CA,94203,Mariposa,(760) 323-3767,2013-04-15,2025-12-10
58-676622,58,Caterer's Beer & Wine,ACTIVE,Mariposa Restaurant LLC,Matthew Jackson,3274 Main Blvd,Mariposa,CA,93253,Mariposa,(530) 823-1933,2018-12-08,2025-11-13
58-448906,58,Caterer's Beer & Wine,ACTIVE,The Mariposa Market Inc,Michael Martinez,9462 Center Ln,Mariposa,CA,95209,Mariposa,(831) 631-4894,2020-11-03,2024-01-03
58-604234,58,Caterer's Beer & Wine,ACTIVE,Mariposa Restaurant,Matthew Lopez,1584 Main Rd,Mariposa,CA,96071,Mariposa,(209) 465-6377,2021-07-25,2026-08-02
58-428823,58,Caterer's Beer & Wine,ACTIVE,Mariposa Tavern LLC,Maria Rodriguez,8825 Center Rd,Mariposa,CA,92054,Mariposa,(831) 966-7279,2023-10-15,2024-07-08
58-266031,58,Caterer's Beer & Wine,ACTIVE,Mariposa Bar,Michael Jones,6483 Broad Rd,Mariposa,CA,95692,Mariposa,(209) 785-5374,2016-10-20,2024-08-12
58-514263,58,Caterer's Beer & Wine,ACTIVE,Mendocino Bar Inc,Kenneth Martin,8507 Main Way,Mendocino,CA,90427,Mendocino,(530) 276-8182,2019-06-19,2026-09-14
58-329938,58,Caterer's Beer & Wine,ACTIVE,The Mendocino Market,Jennifer Williams,7253 Main Ave,Mendocino,CA,91321,Mendocino,(442) 780-4262,2014-12-17,2024-01-06
58-554117,58,Caterer's Beer & Wine,ACTIVE,The Mendocino Tavern Inc,Michelle Lopez,4909 Center St,Mendocino,CA,92192,Mendocino,(831) 839-8297,2024-11-25,2025-06-18
58-982195,58,Caterer's Beer & Wine,ACTIVE,Mendocino Market,Matthew Williams,9912 Broad Way,Mendocino,CA,91608,Mendocino,(559) 987-7100,2010-11-20,2025-09-25
58-612566,58,Caterer's Beer & Wine,ACTIVE,Mendocino Tavern LLC,David Taylor,7299 Main Ln,Mendocino,CA,91221,Mendocino,(530) 966-3659,2015-05-21,2024-09-11
58-239102,58,Caterer's Beer & Wine,ACTIVE,The Mendocino Cafe LLC,Andrew Rodriguez,5559 Main Rd,Mendocino,CA,90885,Mendocino,(707) 239-7732,2022-04-28,2026-06-12
58-901441,58,Caterer's Beer & Wine,ACTIVE,Mendocino Restaurant LLC,Robert Thomas,2497 Broad Rd,Mendocino,CA,95064,Mendocino,(209) 871-8025,2013-05-16,2024-01-13
58-906682,58,Caterer's Beer & Wine,ACTIVE,Mendocino Cafe Inc,Andrew Rodriguez,2215 Center Ave,Mendocino,CA,93604,Mendocino,(559) 407-3008,2020-12-09,2025-05-03
58-451380,58,Caterer's Beer & Wine,ACTIVE,Mendocino Market LLC,Kenneth Hernandez,3177 Broad Blvd,Mendocino,CA,95914,Mendocino,(442) 387-4120,2023-02-06,2026-12-08
58-365653,58,Caterer's Beer & Wine,ACTIVE,Mendocino Tavern Inc,John Rodriguez,9268 Broad Ave,Mendocino,CA,93955,Mendocino,(707) 904-2987,2020-10-25,2026-03-01
58-808385,58,Caterer's Beer & Wine,ACTIVE,Mendocino Restaurant,Andrew Jackson,5493 Main Ln,Mendocino,CA,91081,Mendocino,(530) 996-8122,2016-03-22,2026-06-13
58-311033,58,Caterer's Beer & Wine,ACTIVE,Mendocino Restaurant,Anthony Taylor,9983 Broad Ave,Mendocino,CA,95445,Mendocino,(760) 833-4991,2012-08-02,2025-05-20
58-848099,58,Caterer's Beer & Wine,ACTIVE,The Mendocino Restaurant LLC,Andrew Anderson,3038 Broad Way,Mendocino,CA,93813,Mendocino,(442) 606-8698,2019-01-05,2026-09-28
58-921110,58,Caterer's Beer & Wine,ACTIVE,Mendocino Restaurant,Steven Martin,1567 Broad Ave,Mendocino,CA,95258,Mendocino,(831) 592-9979,2012-06-15,2025-11-12
58-192156,58,Caterer's Beer & Wine,ACTIVE,Mendocino Tavern LLC,William Martin,1198 Center Pl,Mendocino,CA,95410,Mendocino,(559) 883-8211,2020-02-12,2024-03-14
58-818617,58,Caterer's Beer & Wine,ACTIVE,Mendocino Market Inc,Paul Jackson,5885 Broad Blvd,Mendocino,CA,91019,Mendocino,(209) 526-5497,2018-03-09,2025-12-23
58-787286,58,Caterer's Beer & Wine,ACTIVE,Mendocino Bar,Maria Brown,6744 Main St,Mendocino,CA,90739,Mendocino,(559) 513-1100,2015-12-05,2026-04-05
58-463196,58,Caterer's Beer & Wine,ACTIVE,Mendocino Market,Michelle Wilson,7588 Center Way,Mendocino,CA,93195,Mendocino,(559) 261-8605,2023-10-27,2025-12-08
58-313059,58,Caterer's Beer & Wine,ACTIVE,Merced Tavern LLC,John Taylor,5624 Main Ave,Merced,CA,91435,Merced,(530) 259-4399,2018-11-12,2026-03-26
58-168397,58,Caterer's Beer & Wine,ACTIVE,The Merced Market LLC,William Garcia,5803 Broad Blvd,Merced,CA,91081,Merced,(707) 564-2909,2017-06-28,2026-08-12
58-210339,58,Caterer's Beer & Wine,ACTIVE,Merced Tavern,Mark Lopez,9208 Broad Way,Merced,CA,90595,Merced,(530) 418-3178,2012-09-09,2025-04-11
58-373888,58,Caterer's Beer & Wine,ACTIVE,The Merced Restaurant Inc,Michael Jones,1393 Main Ct,Merced,CA,92763,Merced,(530) 758-6540,2018-05-14,2024-03-03
58-505973,58,Caterer's Beer & Wine,ACTIVE,Merced Market Inc,James Smith,2979 Center Ave,Merced,CA,95352,Merced,(559) 221-5857,2020-07-22,2026-11-19
58-770153,58,Caterer's Beer & Wine,ACTIVE,Merced Bar Inc,William Brown,4317 Center Way,Merced,CA,94948,Merced,(916) 357-8787,2014-01-15,2024-04-25
58-944125,58,Caterer's Beer & Wine,ACTIVE,Merced Restaurant,Maria Jones,740 Main Pl,Merced,CA,92221,Merced,(760) 973-3357,2016-06-26,2026-01-14
58-777551,58,Caterer's Beer & Wine,ACTIVE,Merced Tavern LLC,James Taylor,5924 Broad Blvd,Merced,CA,91010,Merced,(559) 911-7650,2010-08-26,2025-02-22
58-254866,58,Caterer's Beer & Wine,ACTIVE,Merced Market LLC,Maria Moore,822 Main Pl,Merced,CA,96169,Merced,(831) 444-2166,2024-11-20,2024-08-20
58-158226,58,Caterer's Beer & Wine,ACTIVE,Merced Tavern,Steven Johnson,5247 Center St,Merced,CA,90020,Merced,(707) 355-6749,2021-08-05,2024-02-18
58-924592,58,Caterer's Beer & Wine,ACTIVE,Merced Cafe,Lisa Jones,2389 Broad Pl,Merced,CA,93011,Merced,(760) 281-4034,2022-12-28,2024-12-05
58-387554,58,Caterer's Beer & Wine,ACTIVE,The Merced Tavern,William Jones,530 Center Ct,Merced,CA,91810,Merced,(442) 960-9583,2017-11-27,2025-10-10
58-586286,58,Caterer's Beer & Wine,ACTIVE,The Merced Cafe LLC,Michelle Anderson,6747 Broad Rd,Merced,CA,91370,Merced,(760) 803-1383,2019-08-01,2025-07-08
58-523894,58,Caterer's Beer & Wine,ACTIVE,Merced Cafe LLC,William Wilson,6046 Center St,Merced,CA,90456,Merced,(760) 860-7879,2024-10-08,2024-11-18
58-573859,58,Caterer's Beer & Wine,ACTIVE,The Merced Cafe,John Wilson,2859 Center Pl,Merced,CA,95669,Merced,(559) 216-8522,2011-05-06,2025-01-06
58-711204,58,Caterer's Beer & Wine,ACTIVE,Merced Bar,John Thomas,8440 Center Ave,Merced,CA,90960,Merced,(760) 300-3170,2019-05-02,2026-08-18
58-733841,58,Caterer's Beer & Wine,ACTIVE,Merced Tavern,Kenneth Thomas,300 Broad Rd,Merced,CA,94240,Merced,(209) 859-1253,2019-11-06,2026-12-18
58-812021,58,Caterer's Beer & Wine,ACTIVE,Merced Market Inc,James Smith,2934 Main Blvd,Merced,CA,90477,Merced,(916) 840-2139,2017-10-16,2026-06-08
58-468160,58,Caterer's Beer & Wine,ACTIVE,Merced Bar LLC,Daniel Gonzalez,6977 Center Ln,Merced,CA,91032,Merced,(760) 953-4544,2011-10-11,2024-10-06
58-201199,58,Caterer's Beer & Wine,ACTIVE,Merced Market LLC,Jennifer Jones,3953 Center Pl,Merced,CA,93121,Merced,(530) 956-2716,2011-08-27,2026-10-22
58-792022,58,Caterer's Beer & Wine,ACTIVE,Merced Tavern,Jennifer Rodriguez,8296 Center Way,Merced,CA,93029,Merced,(209) 677-5325,2011-11-07,2025-08-28
58-312447,58,Caterer's Beer & Wine,ACTIVE,Merced Restaurant,Kenneth Martin,9086 Center Ct,Merced,CA,94893,Merced,(442) 592-2854,2020-03-02,2025-12-05
58-359227,58,Caterer's Beer & Wine,ACTIVE,Merced Restaurant LLC,Maria Martinez,5335 Center Ct,Merced,CA,90916,Merced,(707) 625-7432,2019-04-03,2026-08-06
58-249936,58,Caterer's Beer & Wine,ACTIVE,Merced Restaurant,David Taylor,6437 Center Ct,Merced,CA,91859,Merced,(209) 393-9399,2021-07-21,2026-04-05
58-806789,58,Caterer's Beer & Wine,ACTIVE,Merced Tavern Inc,Daniel Williams,1870 Main Blvd,Merced,CA,93320,Merced,(209) 901-6055,2015-04-23,2026-02-27
58-475012,58,Caterer's Beer & Wine,ACTIVE,Merced Market LLC,James Anderson,4880 Broad Pl,Merced,CA,93140,Merced,(530) 842-6079,2017-11-01,2025-10-22
58-893424,58,Caterer's Beer & Wine,ACTIVE,The Merced Restaurant LLC,Jennifer Johnson,5332 Main Pl,Merced,CA,94893,Merced,(831) 332-2217,2016-11-06,2025-03-11
58-969598,58,Caterer's Beer & Wine,ACTIVE,Merced Cafe,Matthew Thomas,4203 Broad Blvd,Merced,CA,94571,Merced,(209) 257-4764,2012-10-07,2024-09-19
58-167418,58,Caterer's Beer & Wine,ACTIVE,The Merced Tavern,Maria Gonzalez,7876 Broad Pl,Merced,CA,92703,Merced,(209) 622-8996,2019-09-27,2025-03-17
58-260103,58,Caterer's Beer & Wine,ACTIVE,Merced Tavern LLC,Andrew Moore,6370 Center Ln,Merced,CA,93858,Merced,(559) 719-6854,2024-08-19,2026-01-11
58-545975,58,Caterer's Beer & Wine,ACTIVE,The Merced Restaurant Inc,Andrew Lopez,141 Center Dr,Merced,CA,93080,Merced,(442) 375-1337,2011-12-20,2024-09-25
58-954365,58,Caterer's Beer & Wine,ACTIVE,Merced Restaurant Inc,Jennifer Thomas,7757 Broad Blvd,Merced,CA,94073,Merced,(442) 225-8993,2017-12-05,2026-10-24
58-735417,58,Caterer's Beer & Wine,ACTIVE,Merced Tavern,James Wilson,1279 Broad Way,Merced,CA,91137,Merced,(209) 639-8839,2010-01-23,2025-08-19
58-885430,58,Caterer's Beer & Wine,ACTIVE,Merced Bar,Michael Garcia,9109 Main Dr,Merced,CA,94114,Merced,(707) 813-5009,2017-03-12,2025-03-18
58-892772,58,Caterer's Beer & Wine,ACTIVE,Merced Cafe,William Lopez,9603 Broad Way,Merced,CA,94940,Merced,(760) 459-9328,2017-04-21,2024-10-22
58-223990,58,Caterer's Beer & Wine,ACTIVE,Merced Restaurant,Mark Anderson,9127 Main Ct,Merced,CA,92746,Merced,(559) 693-3328,2018-02-26,2026-12-04
58-919601,58,Caterer's Beer & Wine,ACTIVE,Merced Tavern,Lisa Thomas,4399 Center Blvd,Merced,CA,95122,Merced,(831) 878-7828,2015-04-11,2025-02-08
58-592021,58,Caterer's Beer & Wine,ACTIVE,The Merced Tavern LLC,William Williams,1079 Broad Ave,Merced,CA,90305,Merced,(760) 330-4006,2010-02-01,2024-01-07
58-288439,58,Caterer's Beer & Wine,ACTIVE,Merced Bar,Michael Davis,6087 Main Blvd,Merced,CA,93149,Merced,(916) 713-4812,2013-11-06,2026-11-14
58-952783,58,Caterer's Beer & Wine,ACTIVE,Merced Cafe Inc,Matthew Williams,2716 Broad Rd,Merced,CA,95143,Merced,(707) 458-4880,2012-04-16,2025-04-10
58-907344,58,Caterer's Beer & Wine,ACTIVE,The Merced Cafe LLC,Michelle Johnson,4249 Broad Rd,Merced,CA,91682,Merced,(707) 484-2872,2024-12-28,2024-08-24
58-550911,58,Caterer's Beer & Wine,ACTIVE,The Merced Restaurant Inc,Jennifer Gonzalez,8220 Main St,Merced,CA,93990,Merced,(209) 594-4951,2023-05-09,2024-07-03
58-460462,58,Caterer's Beer & Wine,ACTIVE,Merced Tavern LLC,Michelle Williams,8513 Center Ln,Merced,CA,93091,Merced,(442) 574-5576,2023-05-10,2024-08-07
58-782755,58,Caterer's Beer & Wine,ACTIVE,Modoc Tavern LLC,Matthew Jackson,1308 Center Way,Modoc,CA,92285,Modoc,(707) 776-9596,2014-03-13,2026-12-22
58-873359,58,Caterer's Beer & Wine,ACTIVE,The Modoc Tavern Inc,Robert Johnson,6180 Broad Dr,Modoc,CA,94899,Modoc,(707) 604-6450,2014-05-21,2026-12-11
58-938706,58,Caterer's Beer & Wine,ACTIVE,Modoc Restaurant LLC,Maria Garcia,7809 Broad Blvd,Modoc,CA,91994,Modoc,(530) 379-1111,2024-08-13,2026-03-25
58-936767,58,Caterer's Beer & Wine,ACTIVE,The Modoc Tavern Inc,James Moore,7823 Center Rd,Modoc,CA,96143,Modoc,(916) 464-9353,2016-05-01,2025-06-27
58-574317,58,Caterer's Beer & Wine,ACTIVE,Modoc Cafe,Mark Martinez,7265 Broad Pl,Modoc,CA,91295,Modoc,(442) 431-9995,2020-12-19,2026-08-02
58-225341,58,Caterer's Beer & Wine,ACTIVE,Modoc Market LLC,James Thomas,9429 Center St,Modoc,CA,90926,Modoc,(209) 747-9066,2015-09-07,2025-01-06
58-817194,58,Caterer's Beer & Wine,ACTIVE,Modoc Cafe Inc,Jennifer Martinez,1251 Main Way,Modoc,CA,93469,Modoc,(559) 519-5764,2020-06-05,2026-08-25
58-743514,58,Caterer's Beer & Wine,ACTIVE,Modoc Market,Maria Brown,5035 Center Ct,Modoc,CA,96128,Modoc,(831) 249-5447,2011-03-14,2024-06-08
58-711207,58,Caterer's Beer & Wine,ACTIVE,Modoc Restaurant,James Garcia,1867 Broad Ct,Modoc,CA,91861,Modoc,(760) 492-4445,2018-09-21,2025-08-15
58-406613,58,Caterer's Beer & Wine,ACTIVE,Modoc Cafe Inc,Maria Gonzalez,7557 Main Blvd,Modoc,CA,91303,Modoc,(707) 582-3401,2023-04-04,2024-10-20
58-961942,58,Caterer's Beer & Wine,ACTIVE,The Mono Cafe LLC,James Jackson,2716 Main Pl,Mono,CA,94680,Mono,(707) 445-2820,2023-06-28,2026-07-15
58-786354,58,Caterer's Beer & Wine,ACTIVE,Mono Bar LLC,Maria Martinez,5245 Main Ave,Mono,CA,92473,Mono,(916) 215-6854,2023-11-03,2024-08-04
58-927375,58,Caterer's Beer & Wine,ACTIVE,Mono Cafe,Matthew Martin,4443 Broad Ct,Mono,CA,92227,Mono,(831) 520-7423,2017-12-05,2024-01-19
58-314613,58,Caterer's Beer & Wine,ACTIVE,The Mono Tavern LLC,Paul Rodriguez,3882 Main Ave,Mono,CA,93604,Mono,(707) 379-8623,2013-02-05,2025-06-25
58-485223,58,Caterer's Beer & Wine,ACTIVE,Mono Restaurant LLC,Michael Gonzalez,3255 Main St,Mono,CA,90808,Mono,(831) 867-8422,2021-01-24,2024-08-17
58-906608,58,Caterer's Beer & Wine,ACTIVE,The Mono Cafe Inc,Maria Jones,7282 Broad Dr,Mono,CA,90111,Mono,(442) 630-4113,2020-06-11,2025-11-24
58-252254,58,Caterer's Beer & Wine,ACTIVE,Mono Tavern LLC,Jennifer Davis,6123 Center Ave,Mono,CA,95323,Mono,(530) 516-8722,2020-10-15,2024-10-26
58-821213,58,Caterer's Beer & Wine,ACTIVE,Mono Bar LLC,Michelle Taylor,8749 Broad Blvd,Mono,CA,95485,Mono,(442) 832-5657,2019-02-10,2024-10-08
58-242450,58,Caterer's Beer & Wine,ACTIVE,The Mono Cafe,Robert Rodriguez,3563 Main Ave,Mono,CA,90841,Mono,(760) 875-7764,2013-07-04,2024-07-11
58-651819,58,Caterer's Beer & Wine,ACTIVE,The Mono Market,Lisa Smith,9456 Broad Ave,Mono,CA,92318,Mono,(530) 429-2615,2019-07-28,2025-10-07
58-301921,58,Caterer's Beer & Wine,ACTIVE,Mono Tavern Inc,David Jones,4645 Broad Pl,Mono,CA,92230,Mono,(209) 655-3241,2021-12-08,2024-10-18
58-618590,58,Caterer's Beer & Wine,ACTIVE,Mono Tavern LLC,Michael Miller,7508 Broad Ln,Mono,CA,90070,Mono,(530) 911-1123,2024-01-02,2025-11-08
58-413687,58,Caterer's Beer & Wine,ACTIVE,Mono Market Inc,Jennifer Jackson,6704 Broad Ln,Mono,CA,93358,Mono,(831) 812-7478,2011-07-25,2026-11-13
58-437202,58,Caterer's Beer & Wine,ACTIVE,Mono Restaurant Inc,Maria Smith,6760 Broad Ln,Mono,CA,93840,Mono,(916) 802-2617,2021-08-20,2026-09-06
58-519789,58,Caterer's Beer & Wine,ACTIVE,The Mono Market LLC,Mark Jones,1005 Center Ln,Mono,CA,91277,Mono,(559) 966-7347,2020-01-07,2024-07-05
58-396417,58,Caterer's Beer & Wine,ACTIVE,The Mono Tavern LLC,Matthew Taylor,1066 Center Blvd,Mono,CA,96189,Mono,(530) 284-6424,2013-10-27,2025-08-07
58-220895,58,Caterer's Beer & Wine,ACTIVE,The Mono Market LLC,Robert Williams,8411 Main Ave,Mono,CA,95928,Mono,(760) 628-4904,2016-08-21,2026-09-10
58-568140,58,Caterer's Beer & Wine,ACTIVE,Mono Market Inc,Paul Hernandez,4411 Broad Ln,Mono,CA,94214,Mono,(559) 640-6635,2023-05-19,2026-11-04
58-982621,58,Caterer's Beer & Wine,ACTIVE,The Mono Restaurant,John Lopez,8837 Center St,Mono,CA,93565,Mono,(442) 222-2413,2016-12-23,2024-06-01
58-796863,58,Caterer's Beer & Wine,ACTIVE,Mono Bar,Christopher Jones,9968 Center St,Mono,CA,91565,Mono,(559) 880-3722,2011-11-13,2026-10-23
58-317606,58,Caterer's Beer & Wine,ACTIVE,Nevada Market Inc,Kenneth Moore,376 Center Way,Nevada,CA,96102,Nevada,(831) 949-9911,2010-07-14,2024-07-21
58-258126,58,Caterer's Beer & Wine,ACTIVE,The Nevada Market Inc,Robert Smith,3508 Center Blvd,Nevada,CA,93625,Nevada,(831) 552-4989,2015-03-02,2026-12-26
58-331496,58,Caterer's Beer & Wine,ACTIVE,Nevada Tavern,Michael Jackson,3133 Broad Dr,Nevada,CA,91532,Nevada,(559) 540-6758,2024-06-15,2026-10-03
58-275658,58,Caterer's Beer & Wine,ACTIVE,The Nevada Market LLC,Maria Davis,7776 Center Pl,Nevada,CA,90574,Nevada,(831) 827-4910,2012-04-08,2025-05-02
58-231994,58,Caterer's Beer & Wine,ACTIVE,Nevada Tavern LLC,Steven Thomas,3152 Broad Dr,Nevada,CA,91697,Nevada,(760) 855-5440,2024-08-27,2024-05-09
58-522272,58,Caterer's Beer & Wine,ACTIVE,Nevada Market LLC,Mark Davis,5776 Broad Way,Nevada,CA,91033,Nevada,(559) 586-2971,2013-02-01,2025-05-19
58-581830,58,Caterer's Beer & Wine,ACTIVE,The Nevada Restaurant Inc,Lisa Jones,8205 Center Ave,Nevada,CA,92811,Nevada,(209) 826-4168,2010-05-22,2026-04-11
58-981884,58,Caterer's Beer & Wine,ACTIVE,The Nevada Restaurant Inc,David Lopez,2050 Main St,Nevada,CA,90553,Nevada,(530) 691-8478,2024-05-11,2024-08-09
58-115992,58,Caterer's Beer & Wine,ACTIVE,Nevada Tavern LLC,Mark Davis,1640 Broad Dr,Nevada,CA,92934,Nevada,(209) 382-3164,2021-03-24,2025-03-04
58-216881,58,Caterer's Beer & Wine,ACTIVE,Nevada Tavern Inc,John Moore,8109 Broad Way,Nevada,CA,92043,Nevada,(530) 699-2952,2021-02-27,2026-11-15
58-945632,58,Caterer's Beer & Wine,ACTIVE,Nevada Market,William Williams,1645 Center Blvd,Nevada,CA,93539,Nevada,(707) 974-4610,2012-06-11,2024-06-07
58-690978,58,Caterer's Beer & Wine,ACTIVE,Nevada Cafe LLC,Lisa Taylor,5861 Main Dr,Nevada,CA,94881,Nevada,(916) 986-9567,2017-09-19,2024-10-03
58-751098,58,Caterer's Beer & Wine,ACTIVE,The Nevada Restaurant,Robert Martinez,5219 Center Ct,Nevada,CA,91242,Nevada,(209) 431-9469,2013-11-12,2024-12-02
58-656826,58,Caterer's Beer & Wine,ACTIVE,Nevada Restaurant Inc,John Thomas,5081 Main Blvd,Nevada,CA,92248,Nevada,(707) 463-7069,2012-03-02,2024-03-09
58-375355,58,Caterer's Beer & Wine,ACTIVE,Nevada Cafe Inc,Maria Williams,7956 Main Ave,Nevada,CA,92458,Nevada,(530) 473-3251,2010-05-08,2025-11-23
58-907980,58,Caterer's Beer & Wine,ACTIVE,The Nevada Restaurant LLC,David Brown,5179 Center Pl,Nevada,CA,93172,Nevada,(442) 966-4980,2021-11-01,2025-02-23
58-955582,58,Caterer's Beer & Wine,ACTIVE,Nevada Cafe Inc,Jennifer Garcia,4162 Main Ln,Nevada,CA,92546,Nevada,(559) 279-6923,2023-02-04,2026-01-15
58-369360,58,Caterer's Beer & Wine,ACTIVE,The Nevada Cafe,Maria Jackson,5769 Broad Blvd,Nevada,CA,92525,Nevada,(760) 650-5636,2018-12-22,2026-01-17
58-701630,58,Caterer's Beer & Wine,ACTIVE,Nevada Market,Anthony Jackson,9451 Center Ave,Nevada,CA,93500,Nevada,(760) 769-5114,2018-06-10,2026-01-06
58-931559,58,Caterer's Beer & Wine,ACTIVE,Nevada Market,James Moore,8601 Broad St,Nevada,CA,90400,Nevada,(831) 532-1701,2014-07-27,2025-08-28
58-139128,58,Caterer's Beer & Wine,ACTIVE,The Nevada Bar LLC,Michelle Lopez,3266 Main Rd,Nevada,CA,95772,Nevada,(707) 353-3244,2019-07-25,2026-12-23
58-298594,58,Caterer's Beer & Wine,ACTIVE,Plumas Tavern LLC,Maria Jackson,3485 Broad St,Plumas,CA,92833,Plumas,(760) 897-6654,2014-12-03,2024-06-14
58-985068,58,Caterer's Beer & Wine,ACTIVE,Plumas Bar Inc,Anthony Johnson,7591 Broad Blvd,Plumas,CA,90064,Plumas,(916) 343-9479,2024-03-22,2026-05-28
58-971484,58,Caterer's Beer & Wine,ACTIVE,Plumas Tavern Inc,Maria Thomas,3276 Center Dr,Plumas,CA,90154,Plumas,(442) 680-3655,2010-12-17,2024-02-11
58-320205,58,Caterer's Beer & Wine,ACTIVE,Plumas Market LLC,Lisa Hernandez,7046 Main Blvd,Plumas,CA,95993,Plumas,(442) 639-7535,2017-07-17,2026-02-20
58-755854,58,Caterer's Beer & Wine,ACTIVE,The Plumas Bar LLC,Kenneth Rodriguez,6218 Center Pl,Plumas,CA,96158,Plumas,(442) 342-3919,2021-04-16,2025-07-09
58-120514,58,Caterer's Beer & Wine,ACTIVE,The Plumas Bar LLC,Michael Lopez,3664 Center Dr,Plumas,CA,93227,Plumas,(559) 509-4525,2011-09-28,2025-07-03
58-532008,58,Caterer's Beer & Wine,ACTIVE,Plumas Cafe,Steven Williams,3119 Center Way,Plumas,CA,95156,Plumas,(442) 543-1086,2017-05-02,2026-03-05
58-197172,58,Caterer's Beer & Wine,ACTIVE,Plumas Cafe,Andrew Moore,3927 Main Ln,Plumas,CA,91644,Plumas,(831) 634-3334,2011-10-22,2025-09-24
58-844991,58,Caterer's Beer & Wine,ACTIVE,Plumas Bar Inc,Jennifer Martin,909 Broad Ln,Plumas,CA,93290,Plumas,(530) 653-2718,2015-12-19,2024-04-26
58-754522,58,Caterer's Beer & Wine,ACTIVE,The Plumas Cafe LLC,Mark Martin,1990 Center Dr,Plumas,CA,90637,Plumas,(442) 297-1827,2020-12-05,2025-06-20
58-315160,58,Caterer's Beer & Wine,ACTIVE,The Plumas Cafe,Anthony Lopez,7281 Center Pl,Plumas,CA,94338,Plumas,(916) 315-8672,2011-06-25,2024-06-17
58-383196,58,Caterer's Beer & Wine,ACTIVE,The Plumas Tavern LLC,James Lopez,3166 Broad Ct,Plumas,CA,92412,Plumas,(530) 651-5837,2011-02-24,2025-10-03
58-281671,58,Caterer's Beer & Wine,ACTIVE,Plumas Bar,Christopher Rodriguez,1261 Center St,Plumas,CA,91233,Plumas,(442) 933-4240,2019-10-16,2024-01-21
58-560261,58,Caterer's Beer & Wine,ACTIVE,Plumas Cafe LLC,Steven Taylor,263 Center Blvd,Plumas,CA,91460,Plumas,(831) 224-5574,2017-10-25,2026-12-14
58-384067,58,Caterer's Beer & Wine,ACTIVE,The Plumas Bar,Paul Gonzalez,1036 Main Blvd,Plumas,CA,95307,Plumas,(530) 651-7481,2014-09-22,2024-03-11
58-363924,58,Caterer's Beer & Wine,ACTIVE,Plumas Tavern LLC,Anthony Taylor,9853 Main Pl,Plumas,CA,90110,Plumas,(530) 751-3164,2020-10-17,2025-12-05
58-862894,58,Caterer's Beer & Wine,ACTIVE,The Plumas Restaurant Inc,Mark Miller,4334 Broad Ave,Plumas,CA,91966,Plumas,(707) 957-7929,2012-11-20,2026-06-15
58-964460,58,Caterer's Beer & Wine,ACTIVE,Plumas Restaurant,John Garcia,9401 Main Ave,Plumas,CA,93046,Plumas,(916) 593-6996,2012-12-23,2025-01-03
58-285835,58,Caterer's Beer & Wine,ACTIVE,Plumas Bar,Christopher Jackson,166 Broad Ave,Plumas,CA,94148,Plumas,(559) 391-4952,2014-07-12,2024-02-18
58-142511,58,Caterer's Beer & Wine,ACTIVE,Plumas Tavern LLC,Matthew Brown,408 Center Pl,Plumas,CA,90313,Plumas,(831) 923-8286,2010-12-26,2026-09-11
58-593899,58,Caterer's Beer & Wine,ACTIVE,Plumas Market LLC,Matthew Smith,3444 Main Blvd,Plumas,CA,95041,Plumas,(209) 896-1515,2016-05-23,2026-01-14
58-468584,58,Caterer's Beer & Wine,ACTIVE,Plumas Cafe Inc,Maria Davis,3657 Main Ave,Plumas,CA,95953,Plumas,(831) 680-6654,2023-02-21,2024-11-17
58-148114,58,Caterer's Beer & Wine,ACTIVE,Plumas Market LLC,Steven Williams,6827 Main Ln,Plumas,CA,93333,Plumas,(760) 330-8148,2021-09-28,2026-07-13
58-513420,58,Caterer's Beer & Wine,ACTIVE,Plumas Restaurant,Anthony Brown,676 Main Way,Plumas,CA,90030,Plumas,(916) 716-5139,2014-12-20,2026-12-14
58-485803,58,Caterer's Beer & Wine,ACTIVE,The San Benito Tavern,Maria Hernandez,1072 Main Ct,San Benito,CA,92424,San Benito,(760) 249-7490,2016-09-19,2025-01-26
58-133895,58,Caterer's Beer & Wine,ACTIVE,The San Benito Cafe Inc,William Johnson,1503 Center Blvd,San Benito,CA,90078,San Benito,(530) 570-6377,2019-03-28,2025-04-20
58-484102,58,Caterer's Beer & Wine,ACTIVE,San Benito Bar LLC,Matthew Taylor,6667 Main Way,San Benito,CA,93328,San Benito,(530) 931-1759,2011-06-27,2026-04-22
58-684921,58,Caterer's Beer & Wine,ACTIVE,San Benito Tavern Inc,Christopher Miller,2970 Main Ct,San Benito,CA,94238,San Benito,(442) 316-4807,2011-02-09,2026-03-16
58-629835,58,Caterer's Beer & Wine,ACTIVE,San Benito Bar LLC,Christopher Wilson,6977 Broad Ln,San Benito,CA,91969,San Benito,(209) 665-6350,2015-02-04,2024-08-03
58-389517,58,Caterer's Beer & Wine,ACTIVE,San Benito Tavern LLC,Anthony Brown,7909 Broad Dr,San Benito,CA,94128,San Benito,(559) 380-5981,2011-05-25,2026-05-22
58-165975,58,Caterer's Beer & Wine,ACTIVE,San Benito Bar,David Taylor,6356 Center Blvd,San Benito,CA,93701,San Benito,(559) 322-6740,2010-11-25,2026-03-26
58-942452,58,Caterer's Beer & Wine,ACTIVE,San Benito Tavern Inc,Maria Johnson,4681 Center Way,San Benito,CA,94860,San Benito,(209) 745-4127,2015-04-04,2025-02-12
58-492701,58,Caterer's Beer & Wine,ACTIVE,San Benito Market Inc,Anthony Garcia,9117 Main Ave,San Benito,CA,92049,San Benito,(209) 958-4652,2018-06-13,2026-08-01
58-117230,58,Caterer's Beer & Wine,ACTIVE,San Benito Market,Robert Martin,2506 Broad St,San Benito,CA,93010,San Benito,(209) 277-1349,2010-08-13,2026-06-07
58-747226,58,Caterer's Beer & Wine,ACTIVE,San Benito Restaurant Inc,Andrew Miller,5086 Center Ln,San Benito,CA,93899,San Benito,(559) 247-9753,2023-02-05,2025-09-10
58-719853,58,Caterer's Beer & Wine,ACTIVE,San Benito Tavern LLC,Michael Anderson,6402 Center Pl,San Benito,CA,95144,San Benito,(530) 252-1457,2015-07-08,2026-02-20
58-130055,58,Caterer's Beer & Wine,ACTIVE,San Benito Restaurant LLC,Maria Rodriguez,8132 Center Blvd,San Benito,CA,91921,San Benito,(707) 431-8514,2018-09-18,2024-05-20
58-504790,58,Caterer's Beer & Wine,ACTIVE,San Benito Bar Inc,Mark Moore,6463 Center Way,San Benito,CA,92386,San Benito,(442) 902-8538,2013-03-23,2026-01-16
58-932998,58,Caterer's Beer & Wine,ACTIVE,San Benito Bar LLC,Maria Davis,5882 Main Ln,San Benito,CA,94934,San Benito,(559) 409-5113,2016-01-24,2025-10-26
58-475658,58,Caterer's Beer & Wine,ACTIVE,The San Benito Market LLC,Steven Hernandez,4736 Center Ave,San Benito,CA,94826,San Benito,(530) 252-3392,2024-02-13,2024-12-08
58-423529,58,Caterer's Beer & Wine,ACTIVE,San Benito Cafe Inc,Paul Moore,6151 Broad Ct,San Benito,CA,93377,San Benito,(209) 708-2654,2016-07-19,2024-06-17
58-586310,58,Caterer's Beer & Wine,ACTIVE,San Benito Cafe,Maria Williams,9576 Main Pl,San Benito,CA,94722,San Benito,(209) 901-7004,2015-02-18,2026-11-02
58-201426,58,Caterer's Beer & Wine,ACTIVE,The San Benito Restaurant LLC,Christopher Rodriguez,9255 Broad Pl,San Benito,CA,92611,San Benito,(209) 321-7954,2022-05-09,2025-03-15
58-333620,58,Caterer's Beer & Wine,ACTIVE,The Sierra Tavern,Andrew Jackson,8887 Main Pl,Sierra,CA,90674,Sierra,(530) 470-5636,2020-05-04,2024-02-17
58-194381,58,Caterer's Beer & Wine,ACTIVE,The Sierra Market Inc,William Lopez,4858 Broad Way,Sierra,CA,92258,Sierra,(831) 709-2097,2017-07-17,2026-03-21
58-563744,58,Caterer's Beer & Wine,ACTIVE,Sierra Market LLC,Anthony Lopez,6219 Main Ln,Sierra,CA,95551,Sierra,(760) 203-2694,2016-12-23,2024-09-18
58-863552,58,Caterer's Beer & Wine,ACTIVE,The Sierra Market LLC,Paul Thomas,9029 Main Pl,Sierra,CA,95136,Sierra,(209) 226-9660,2020-04-03,2026-06-04
58-798518,58,Caterer's Beer & Wine,ACTIVE,Sierra Restaurant LLC,Anthony Davis,8924 Main Ct,Sierra,CA,95785,Sierra,(559) 666-4033,2011-02-15,2026-05-21
58-600720,58,Caterer's Beer & Wine,ACTIVE,The Sierra Tavern,Andrew Wilson,4043 Main Way,Sierra,CA,91578,Sierra,(707) 659-4598,2023-01-01,2026-10-20
58-809644,58,Caterer's Beer & Wine,ACTIVE,Sierra Restaurant LLC,Steven Garcia,6328 Main Rd,Sierra,CA,94039,Sierra,(831) 888-3980,2021-04-24,2024-09-17
58-465926,58,Caterer's Beer & Wine,ACTIVE,Sierra Market Inc,Paul Martin,960 Main Pl,Sierra,CA,95717,Sierra,(209) 676-1378,2011-03-03,2024-10-10
58-461352,58,Caterer's Beer & Wine,ACTIVE,Sierra Tavern Inc,Jennifer Smith,2293 Broad Pl,Sierra,CA,90614,Sierra,(209) 645-8117,2013-12-17,2026-08-21
58-339017,58,Caterer's Beer & Wine,ACTIVE,The Sierra Tavern Inc,Kenneth Williams,3330 Center Rd,Sierra,CA,95307,Sierra,(559) 624-6772,2010-09-22,2024-12-26
58-804373,58,Caterer's Beer & Wine,ACTIVE,The Siskiyou Restaurant LLC,Maria Garcia,1312 Main Rd,Siskiyou,CA,93086,Siskiyou,(831) 695-1415,2020-02-13,2024-08-18
58-175434,58,Caterer's Beer & Wine,ACTIVE,Siskiyou Bar Inc,Michelle Lopez,6252 Main Way,Siskiyou,CA,95421,Siskiyou,(442) 520-6486,2010-07-23,2024-12-06
58-292303,58,Caterer's Beer & Wine,ACTIVE,Siskiyou Bar Inc,John Anderson,4489 Center St,Siskiyou,CA,90657,Siskiyou,(442) 504-8062,2017-09-20,2024-01-01
58-971461,58,Caterer's Beer & Wine,ACTIVE,Siskiyou Bar LLC,Steven Taylor,5477 Center Dr,Siskiyou,CA,94971,Siskiyou,(831) 213-4278,2010-02-11,2025-04-10
58-174774,58,Caterer's Beer & Wine,ACTIVE,The Siskiyou Cafe,John Lopez,371 Center St,Siskiyou,CA,95605,Siskiyou,(209) 915-8534,2017-11-11,2025-03-15
58-485662,58,Caterer's Beer & Wine,ACTIVE,Siskiyou Cafe LLC,Lisa Anderson,5812 Center Ave,Siskiyou,CA,92920,Siskiyou,(530) 895-5009,2021-09-28,2025-09-21
58-314070,58,Caterer's Beer & Wine,ACTIVE,Siskiyou Bar LLC,Andrew Jones,4564 Broad Way,Siskiyou,CA,94605,Siskiyou,(707) 918-2154,2016-10-20,2024-12-12
58-158427,58,Caterer's Beer & Wine,ACTIVE,Siskiyou Bar,Steven Martinez,3099 Main Dr,Siskiyou,CA,95551,Siskiyou,(442) 295-5891,2022-01-28,2024-09-15
58-648267,58,Caterer's Beer & Wine,ACTIVE,Siskiyou Restaurant,William Wilson,1451 Center Dr,Siskiyou,CA,96077,Siskiyou,(831) 374-6088,2015-07-17,2026-09-15
58-709171,58,Caterer's Beer & Wine,ACTIVE,Siskiyou Cafe Inc,William Davis,3654 Center Ln,Siskiyou,CA,92160,Siskiyou,(530) 837-3602,2016-11-20,2026-10-17
58-985169,58,Caterer's Beer & Wine,ACTIVE,Siskiyou Market LLC,Mark Taylor,3498 Main Ave,Siskiyou,CA,90384,Siskiyou,(209) 540-9753,2017-05-14,2026-10-28
58-991210,58,Caterer's Beer & Wine,ACTIVE,Siskiyou Cafe,Andrew Williams,8613 Broad Dr,Siskiyou,CA,93502,Siskiyou,(530) 516-1953,2020-06-11,2025-11-14
58-252265,58,Caterer's Beer & Wine,ACTIVE,Siskiyou Bar LLC,Matthew Martin,4437 Main Ct,Siskiyou,CA,95685,Siskiyou,(831) 934-2886,2022-10-09,2025-10-15
58-439682,58,Caterer's Beer & Wine,ACTIVE,Siskiyou Market LLC,Lisa Thomas,560 Center Dr,Siskiyou,CA,91579,Siskiyou,(831) 894-4892,2013-04-25,2025-02-28
58-522838,58,Caterer's Beer & Wine,ACTIVE,Siskiyou Tavern,Maria Wilson,2585 Center Way,Siskiyou,CA,95741,Siskiyou,(559) 322-4830,2019-08-15,2025-09-08
58-114159,58,Caterer's Beer & Wine,ACTIVE,Sutter Tavern Inc,Matthew Wilson,6182 Center Way,Sutter,CA,94523,Sutter,(559) 947-2215,2014-04-13,2024-12-02
58-573482,58,Caterer's Beer & Wine,ACTIVE,The Sutter Cafe,Daniel Anderson,8580 Center Ct,Sutter,CA,92416,Sutter,(442) 309-8975,2015-08-17,2024-03-27
58-883746,58,Caterer's Beer & Wine,ACTIVE,Sutter Market,Kenneth Martin,1514 Center Dr,Sutter,CA,91698,Sutter,(209) 608-9659,2013-05-01,2024-06-13
58-312401,58,Caterer's Beer & Wine,ACTIVE,The Sutter Cafe,Anthony Lopez,252 Main Dr,Sutter,CA,93162,Sutter,(831) 704-4199,2021-02-18,2026-02-21
58-358997,58,Caterer's Beer & Wine,ACTIVE,Sutter Tavern LLC,James Martin,5816 Broad St,Sutter,CA,94640,Sutter,(707) 684-8405,2021-07-25,2026-05-08
58-107423,58,Caterer's Beer & Wine,ACTIVE,Sutter Market LLC,Daniel Jones,6688 Main Way,Sutter,CA,90916,Sutter,(209) 449-4714,2020-04-03,2024-12-14
58-140073,58,Caterer's Beer & Wine,ACTIVE,The Sutter Market,Andrew Hernandez,4445 Center Ln,Sutter,CA,92222,Sutter,(707) 686-9007,2024-03-22,2025-05-07
58-649919,58,Caterer's Beer & Wine,ACTIVE,Sutter Cafe,Daniel Rodriguez,7572 Main Way,Sutter,CA,93682,Sutter,(916) 388-5604,2016-07-03,2025-05-12
58-995580,58,Caterer's Beer & Wine,ACTIVE,The Sutter Market Inc,William Thomas,2152 Center Ave,Sutter,CA,92421,Sutter,(831) 797-8720,2013-03-03,2024-02-24
58-381148,58,Caterer's Beer & Wine,ACTIVE,Sutter Tavern LLC,Michelle Brown,952 Main Pl,Sutter,CA,90421,Sutter,(760) 637-9597,2011-07-25,2026-12-04
58-651077,58,Caterer's Beer & Wine,ACTIVE,The Sutter Bar,Jennifer Davis,9811 Broad Rd,Sutter,CA,93961,Sutter,(559) 471-7244,2018-02-04,2024-04-22
58-375886,58,Caterer's Beer & Wine,ACTIVE,Sutter Bar Inc,Anthony Miller,2051 Center Dr,Sutter,CA,94988,Sutter,(831) 722-9222,2020-05-20,2025-05-27
58-204423,58,Caterer's Beer & Wine,ACTIVE,Sutter Bar,Robert Johnson,2139 Broad Blvd,Sutter,CA,92201,Sutter,(707) 863-4606,2015-04-27,2025-04-23
58-430727,58,Caterer's Beer & Wine,ACTIVE,The Sutter Bar LLC,James Brown,1764 Broad Way,Sutter,CA,91486,Sutter,(916) 750-7012,2024-04-13,2026-09-14
58-171979,58,Caterer's Beer & Wine,ACTIVE,Sutter Cafe,Matthew Jones,3971 Center St,Sutter,CA,95703,Sutter,(209) 950-5386,2015-05-01,2026-05-20
58-656600,58,Caterer's Beer & Wine,ACTIVE,The Sutter Tavern LLC,Anthony Brown,9097 Center St,Sutter,CA,92735,Sutter,(760) 426-9861,2010-05-01,2026-02-07
58-496846,58,Caterer's Beer & Wine,ACTIVE,The Sutter Cafe,Anthony Smith,9353 Broad Blvd,Sutter,CA,92726,Sutter,(442) 326-8129,2018-09-26,2026-01-21
58-437336,58,Caterer's Beer & Wine,ACTIVE,Sutter Tavern,Anthony Smith,1516 Broad Way,Sutter,CA,93456,Sutter,(559) 309-5736,2011-07-16,2026-07-24
58-549607,58,Caterer's Beer & Wine,ACTIVE,Sutter Market Inc,Paul Hernandez,9982 Main Pl,Sutter,CA,90853,Sutter,(530) 695-1211,2011-08-13,2025-09-26
58-110564,58,Caterer's Beer & Wine,ACTIVE,Sutter Cafe Inc,Maria Martin,9450 Main Ct,Sutter,CA,92477,Sutter,(831) 563-1083,2014-05-02,2024-12-24
58-733517,58,Caterer's Beer & Wine,ACTIVE,The Sutter Bar LLC,Maria Miller,8713 Broad Blvd,Sutter,CA,92626,Sutter,(707) 965-5349,2011-02-06,2024-01-19
58-939971,58,Caterer's Beer & Wine,ACTIVE,The Tehama Market Inc,Robert Gonzalez,7850 Broad Pl,Tehama,CA,91792,Tehama,(559) 272-5843,2022-02-02,2025-03-18
58-567990,58,Caterer's Beer & Wine,ACTIVE,Tehama Cafe LLC,Maria Miller,392 Main Ct,Tehama,CA,95125,Tehama,(831) 836-6076,2015-11-08,2025-03-04
58-649617,58,Caterer's Beer & Wine,ACTIVE,The Tehama Market Inc,Andrew Miller,6459 Main Way,Tehama,CA,94427,Tehama,(442) 370-7660,2016-09-13,2026-06-08
58-166471,58,Caterer's Beer & Wine,ACTIVE,Tehama Tavern,Mark Jones,455 Main Ave,Tehama,CA,91060,Tehama,(559) 875-1504,2010-05-15,2025-12-03
58-955158,58,Caterer's Beer & Wine,ACTIVE,Tehama Bar LLC,James Thomas,8789 Main Rd,Tehama,CA,92300,Tehama,(707) 828-9344,2023-03-03,2026-07-04
58-933373,58,Caterer's Beer & Wine,ACTIVE,Tehama Market LLC,Mark Williams,8104 Main Blvd,Tehama,CA,95739,Tehama,(760) 471-9097,2021-06-08,2024-04-09
58-146213,58,Caterer's Beer & Wine,ACTIVE,The Tehama Bar LLC,John Davis,7159 Center St,Tehama,CA,91272,Tehama,(442) 322-3925,2019-08-28,2024-10-26
58-927661,58,Caterer's Beer & Wine,ACTIVE,The Tehama Tavern Inc,John Moore,1201 Main Rd,Tehama,CA,92766,Tehama,(831) 591-3579,2024-06-25,2024-09-09
58-419428,58,Caterer's Beer & Wine,ACTIVE,The Tehama Bar LLC,Mark Hernandez,2811 Center Dr,Tehama,CA,91686,Tehama,(707) 337-8924,2023-10-25,2026-10-24
58-438493,58,Caterer's Beer & Wine,ACTIVE,Tehama Restaurant Inc,Christopher Miller,9916 Main Blvd,Tehama,CA,90253,Tehama,(209) 990-5924,2013-07-26,2025-12-03
58-202727,58,Caterer's Beer & Wine,ACTIVE,Tehama Bar,Andrew Garcia,1689 Main Dr,Tehama,CA,91223,Tehama,(209) 455-3106,2023-08-20,2026-02-12
58-570967,58,Caterer's Beer & Wine,ACTIVE,The Tehama Restaurant LLC,Michelle Jackson,4841 Broad Rd,Tehama,CA,94826,Tehama,(916) 562-7846,2018-08-14,2025-10-18
58-858434,58,Caterer's Beer & Wine,ACTIVE,Tehama Cafe Inc,Daniel Moore,8850 Center Rd,Tehama,CA,95693,Tehama,(916) 758-8170,2019-07-16,2024-06-08
58-927242,58,Caterer's Beer & Wine,ACTIVE,Tehama Market,John Smith,4253 Broad Blvd,Tehama,CA,90158,Tehama,(209) 292-4522,2016-11-11,2025-12-05
58-645358,58,Caterer's Beer & Wine,ACTIVE,Tehama Tavern,Christopher Anderson,1612 Main Ave,Tehama,CA,93531,Tehama,(530) 630-7923,2013-02-05,2025-12-13
58-606191,58,Caterer's Beer & Wine,ACTIVE,Tehama Restaurant Inc,Anthony Taylor,959 Broad Blvd,Tehama,CA,91415,Tehama,(831) 315-5130,2024-09-22,2024-12-05
58-458532,58,Caterer's Beer & Wine,ACTIVE,Tehama Restaurant Inc,David Thomas,9031 Broad Blvd,Tehama,CA,96114,Tehama,(209) 650-9728,2014-11-10,2024-08-15
58-900410,58,Caterer's Beer & Wine,ACTIVE,The Tehama Market Inc,Daniel Thomas,2058 Broad St,Tehama,CA,91482,Tehama,(707) 753-9474,2023-04-26,2025-12-06
58-298024,58,Caterer's Beer & Wine,ACTIVE,Tehama Market Inc,Michelle Anderson,380 Main Rd,Tehama,CA,90638,Tehama,(707) 343-2262,2021-05-09,2026-08-22
58-252097,58,Caterer's Beer & Wine,ACTIVE,The Tehama Bar,James Rodriguez,4940 Center Ln,Tehama,CA,91008,Tehama,(530) 489-4583,2017-05-08,2024-06-03
58-190507,58,Caterer's Beer & Wine,ACTIVE,The Tehama Bar Inc,Robert Johnson,3251 Broad St,Tehama,CA,92227,Tehama,(559) 821-9498,2013-08-04,2025-09-16
58-691192,58,Caterer's Beer & Wine,ACTIVE,Tehama Restaurant LLC,William Gonzalez,7964 Broad Rd,Tehama,CA,93752,Tehama,(530) 478-4065,2023-08-16,2024-07-15
58-916829,58,Caterer's Beer & Wine,ACTIVE,Tehama Cafe LLC,Michelle Martinez,5644 Main Ave,Tehama,CA,90174,Tehama,(559) 704-1891,2011-07-19,2025-06-16
58-966319,58,Caterer's Beer & Wine,ACTIVE,The Tehama Bar Inc,Michelle Martinez,6644 Broad Ln,Tehama,CA,90599,Tehama,(209) 475-7015,2021-05-22,2024-08-26
58-362329,58,Caterer's Beer & Wine,ACTIVE,Tehama Tavern LLC,Robert Gonzalez,347 Center Blvd,Tehama,CA,92269,Tehama,(442) 969-4418,2022-10-09,2026-09-03
58-363558,58,Caterer's Beer & Wine,ACTIVE,The Tehama Market LLC,David Johnson,6447 Main Pl,Tehama,CA,94410,Tehama,(760) 915-1545,2011-12-11,2024-05-16
58-115991,58,Caterer's Beer & Wine,ACTIVE,Trinity Restaurant,Mark Taylor,8555 Main Pl,Trinity,CA,92777,Trinity,(831) 756-3922,2017-06-10,2026-12-25
58-378313,58,Caterer's Beer & Wine,ACTIVE,Trinity Tavern LLC,John Garcia,6137 Center Way,Trinity,CA,94573,Trinity,(760) 788-6856,2013-04-22,2026-09-11
58-674474,58,Caterer's Beer & Wine,ACTIVE,Trinity Restaurant LLC,Robert Thomas,5352 Broad Ln,Trinity,CA,93229,Trinity,(760) 292-1051,2022-09-02,2024-02-26
58-993369,58,Caterer's Beer & Wine,ACTIVE,The Trinity Bar Inc,William Jackson,5598 Center Ct,Trinity,CA,92726,Trinity,(916) 354-2209,2021-03-14,2024-09-05
58-340714,58,Caterer's Beer & Wine,ACTIVE,Trinity Market LLC,Michael Hernandez,2146 Broad Blvd,Trinity,CA,92239,Trinity,(831) 834-6101,2019-07-22,2026-09-17
58-512579,58,Caterer's Beer & Wine,ACTIVE,The Trinity Cafe Inc,Matthew Gonzalez,4647 Broad Ln,Trinity,CA,95969,Trinity,(530) 703-8588,2014-11-26,2024-11-11
58-954899,58,Caterer's Beer & Wine,ACTIVE,Trinity Cafe LLC,Maria Jones,5925 Broad Blvd,Trinity,CA,92912,Trinity,(916) 970-4477,2012-07-17,2025-12-17
58-144828,58,Caterer's Beer & Wine,ACTIVE,Trinity Restaurant LLC,Steven Smith,9046 Center Way,Trinity,CA,91550,Trinity,(442) 245-4326,2018-03-20,2026-05-10
58-394840,58,Caterer's Beer & Wine,ACTIVE,The Trinity Market Inc,Christopher Moore,163 Center St,Trinity,CA,90109,Trinity,(916) 318-5003,2010-09-25,2025-12-13
58-560257,58,Caterer's Beer & Wine,ACTIVE,Trinity Tavern Inc,Steven Jackson,8226 Main Rd,Trinity,CA,90255,Trinity,(831) 816-7309,2013-09-13,2025-11-26
58-934600,58,Caterer's Beer & Wine,ACTIVE,Trinity Tavern,Anthony Davis,4072 Center Ave,Trinity,CA,91047,Trinity,(916) 217-7308,2012-06-12,2026-08-19
58-470644,58,Caterer's Beer & Wine,ACTIVE,Trinity Restaurant,Lisa Brown,1071 Main Ln,Trinity,CA,95295,Trinity,(831) 606-2907,2016-07-24,2025-11-14
58-922577,58,Caterer's Beer & Wine,ACTIVE,Tuolumne Cafe,Robert Lopez,6331 Main Ln,Tuolumne,CA,91526,Tuolumne,(707) 227-2416,2016-03-21,2025-07-07
58-658321,58,Caterer's Beer & Wine,ACTIVE,Tuolumne Bar LLC,Anthony Taylor,7715 Center Dr,Tuolumne,CA,92685,Tuolumne,(760) 916-2415,2013-03-20,2026-05-21
58-782259,58,Caterer's Beer & Wine,ACTIVE,The Tuolumne Restaurant,Lisa Martin,1144 Main Blvd,Tuolumne,CA,91687,Tuolumne,(530) 640-6932,2022-10-23,2026-06-21
58-642420,58,Caterer's Beer & Wine,ACTIVE,The Tuolumne Cafe Inc,Christopher Brown,8606 Center Ln,Tuolumne,CA,90531,Tuolumne,(559) 931-6023,2010-05-22,2025-02-05
58-364945,58,Caterer's Beer & Wine,ACTIVE,The Tuolumne Tavern,Michelle Martinez,3534 Broad Ln,Tuolumne,CA,90294,Tuolumne,(209) 987-4205,2015-05-02,2024-10-22
58-938554,58,Caterer's Beer & Wine,ACTIVE,Tuolumne Cafe,Lisa Jones,6682 Center Rd,Tuolumne,CA,93644,Tuolumne,(831) 204-3749,2014-07-11,2025-11-23
58-307638,58,Caterer's Beer & Wine,ACTIVE,The Tuolumne Bar Inc,Matthew Hernandez,6487 Main Dr,Tuolumne,CA,95038,Tuolumne,(831) 492-7943,2010-06-11,2024-06-18
58-523583,58,Caterer's Beer & Wine,ACTIVE,The Tuolumne Cafe,Anthony Jackson,9692 Broad Ct,Tuolumne,CA,91912,Tuolumne,(559) 220-5742,2021-12-27,2025-05-23
58-461067,58,Caterer's Beer & Wine,ACTIVE,Tuolumne Tavern Inc,Paul Brown,6132 Main Ln,Tuolumne,CA,93458,Tuolumne,(831) 529-1667,2017-03-01,2024-05-23
58-118607,58,Caterer's Beer & Wine,ACTIVE,Tuolumne Cafe,Jennifer Moore,6971 Main Way,Tuolumne,CA,92750,Tuolumne,(760) 223-1468,2018-01-13,2026-05-19
58-535609,58,Caterer's Beer & Wine,ACTIVE,Tuolumne Restaurant Inc,Kenneth Lopez,887 Main Ct,Tuolumne,CA,94673,Tuolumne,(916) 891-3549,2010-02-24,2026-05-13
58-153167,58,Caterer's Beer & Wine,ACTIVE,The Tuolumne Market,Mark Martinez,6629 Broad Dr,Tuolumne,CA,90353,Tuolumne,(831) 636-6293,2023-01-24,2025-06-18
58-312071,58,Caterer's Beer & Wine,ACTIVE,Tuolumne Bar,Lisa Williams,2792 Main St,Tuolumne,CA,94350,Tuolumne,(442) 895-7047,2017-05-23,2025-12-19
58-777008,58,Caterer's Beer & Wine,ACTIVE,The Tuolumne Restaurant LLC,Steven Martinez,5145 Main Ave,Tuolumne,CA,96139,Tuolumne,(831) 580-8806,2020-04-25,2026-08-09
58-323202,58,Caterer's Beer & Wine,ACTIVE,Tuolumne Market LLC,Matthew Hernandez,8399 Center Pl,Tuolumne,CA,90849,Tuolumne,(831) 305-1855,2016-05-06,2026-08-21
58-807782,58,Caterer's Beer & Wine,ACTIVE,Tuolumne Restaurant Inc,Christopher Garcia,4993 Center Ln,Tuolumne,CA,93859,Tuolumne,(209) 754-3335,2023-12-04,2026-08-12
58-227339,58,Caterer's Beer & Wine,ACTIVE,Tuolumne Tavern,James Johnson,5271 Broad Rd,Tuolumne,CA,94283,Tuolumne,(831) 379-6779,2023-06-06,2026-04-13
58-260854,58,Caterer's Beer & Wine,ACTIVE,Tuolumne Bar LLC,David Taylor,5825 Broad Ave,Tuolumne,CA,94049,Tuolumne,(707) 379-4257,2021-03-22,2026-12-18
58-991770,58,Caterer's Beer & Wine,ACTIVE,Tuolumne Restaurant,Paul Williams,3643 Main Ln,Tuolumne,CA,90276,Tuolumne,(442) 858-5787,2010-02-14,2024-05-26
58-882424,58,Caterer's Beer & Wine,ACTIVE,The Tuolumne Market Inc,James Moore,1227 Broad Ave,Tuolumne,CA,93568,Tuolumne,(559) 436-3489,2012-05-09,2026-09-02
58-329001,58,Caterer's Beer & Wine,ACTIVE,Tuolumne Market,David Gonzalez,8726 Main Way,Tuolumne,CA,93394,Tuolumne,(442) 609-4080,2015-08-10,2025-06-04
58-461908,58,Caterer's Beer & Wine,ACTIVE,Tuolumne Restaurant Inc,Anthony Hernandez,3166 Main Ave,Tuolumne,CA,93975,Tuolumne,(831) 226-7879,2012-04-09,2026-11-07
58-319914,58,Caterer's Beer & Wine,ACTIVE,The Tuolumne Cafe Inc,Jennifer Miller,9543 Broad Ct,Tuolumne,CA,96163,Tuolumne,(442) 387-2819,2014-01-04,2024-03-19
58-814095,58,Caterer's Beer & Wine,ACTIVE,Yuba Restaurant Inc,William Rodriguez,5603 Center Ln,Yuba,CA,90293,Yuba,(209) 273-9833,2023-03-21,2026-12-11
58-685861,58,Caterer's Beer & Wine,ACTIVE,The Yuba Cafe,Matthew Thomas,7862 Main Ln,Yuba,CA,91196,Yuba,(760) 336-4336,2010-11-18,2026-12-23
58-286146,58,Caterer's Beer & Wine,ACTIVE,Yuba Market LLC,Maria Thomas,1707 Main Rd,Yuba,CA,90121,Yuba,(442) 349-2748,2019-08-17,2024-06-15
58-925979,58,Caterer's Beer & Wine,ACTIVE,The Yuba Cafe LLC,Michelle Jones,4940 Broad Blvd,Yuba,CA,95279,Yuba,(530) 803-6576,2012-03-06,2026-05-05
58-120109,58,Caterer's Beer & Wine,ACTIVE,Yuba Restaurant Inc,Steven Brown,4542 Broad Way,Yuba,CA,94841,Yuba,(760) 811-1124,2017-12-02,2026-02-06
58-453606,58,Caterer's Beer & Wine,ACTIVE,The Yuba Tavern LLC,Robert Martinez,7427 Center Way,Yuba,CA,90906,Yuba,(760) 205-7053,2024-01-05,2024-04-26
58-848249,58,Caterer's Beer & Wine,ACTIVE,Yuba Restaurant,John Wilson,1807 Broad Ave,Yuba,CA,91909,Yuba,(707) 727-3010,2013-06-12,2025-03-17
58-291094,58,Caterer's Beer & Wine,ACTIVE,The Yuba Market,Daniel Williams,2955 Broad Way,Yuba,CA,90119,Yuba,(530) 859-8657,2011-02-14,2026-10-14
58-954102,58,Caterer's Beer & Wine,ACTIVE,Yuba Cafe LLC,Kenneth Taylor,5381 Broad Way,Yuba,CA,90030,Yuba,(442) 649-6129,2020-02-21,2024-08-17
58-435798,58,Caterer's Beer & Wine,ACTIVE,Yuba Market Inc,Mark Thomas,5000 Broad Way,Yuba,CA,93075,Yuba,(760) 498-9374,2024-07-14,2026-10-27
58-172963,58,Caterer's Beer & Wine,ACTIVE,Yuba Bar,Lisa Garcia,5623 Main Rd,Yuba,CA,90959,Yuba,(760) 216-1142,2017-11-26,2025-02-27
58-799022,58,Caterer's Beer & Wine,ACTIVE,The Yuba Market LLC,Maria Smith,9828 Main Rd,Yuba,CA,94693,Yuba,(916) 289-7445,2019-03-12,2024-02-13
58-818162,58,Caterer's Beer & Wine,ACTIVE,The Yuba Cafe LLC,John Smith,7156 Main Dr,Yuba,CA,93744,Yuba,(916) 601-8729,2023-06-09,2026-07-18
58-391814,58,Caterer's Beer & Wine,ACTIVE,Yuba Market,David Hernandez,7161 Broad Ln,Yuba,CA,90164,Yuba,(209) 702-1816,2022-10-13,2024-07-05
58-613148,58,Caterer's Beer & Wine,ACTIVE,Yuba Restaurant Inc,Kenneth Miller,5507 Center Dr,Yuba,CA,91125,Yuba,(530) 552-5138,2014-05-20,2024-11-01
58-252233,58,Caterer's Beer & Wine,ACTIVE,Yuba Bar,Jennifer Thomas,1490 Broad Ln,Yuba,CA,92216,Yuba,(916) 455-9219,2016-08-02,2024-06-20
58-681245,58,Caterer's Beer & Wine,ACTIVE,Yuba Cafe,Michelle Martinez,3950 Main Rd,Yuba,CA,93440,Yuba,(831) 834-6121,2014-04-18,2026-08-09
58-334908,58,Caterer's Beer & Wine,ACTIVE,The Yuba Tavern,David Williams,4834 Center Rd,Yuba,CA,95950,Yuba,(530) 517-6640,2012-12-24,2026-03-08
58-150655,58,Caterer's Beer & Wine,ACTIVE,Yuba Bar,Steven Rodriguez,2730 Main Way,Yuba,CA,93266,Yuba,(916) 774-7866,2011-08-26,2025-05-04
58-896392,58,Caterer's Beer & Wine,ACTIVE,Yuba Tavern,William Brown,7845 Center Dr,Yuba,CA,91188,Yuba,(707) 200-2241,2015-01-10,2025-05-19
